-1.9493,-1.9433,-1.911,-1.8977,-1.8671,-1.7914,-1.685,-1.6582,-1.5476,-1.358,-1.3323,-1.2654,-1.2184,-0.8638,-0.8216,-0.655,-0.414,-0.359,-0.2941,-0.1829,-0.1256,0.0152,0.0194,0.0231,0.027,0.0287,0.0315,0.0368,0.0394,0.045,0.058,0.1981,0.2006,0.2862,0.3956,0.3989,0.4009,0.4078,0.4119,0.4137,0.4194,0.4275,0.4419,0.4962,0.5031,0.5192,0.5261,0.5949,0.597,0.6006,0.6031,0.6289,0.646,0.6527,0.6885,0.6978,0.7205,0.9958,0.999,1.0024,1.0179,1.0198,1.0729,1.1993,1.477,2.4476,2.5554,2.5731,2.6243,3.0683,3.0744,3.0768,3.0891,3.0914,3.0982,3.4073,3.4486,3.4505,3.4523,3.4541,3.4573,3.4663,3.4716,3.4816,3.5058,3.5559,3.5666,3.6108,3.6507,3.6526,3.6544,3.6631,3.6713,3.8714,3.8837,3.9517,4.0506,4.0525,4.0543,4.056,4.0623,4.0722,4.0788,4.1566,4.2377,4.3286,4.8126,4.8158,5.2047,5.491,5.6842,5.7819,5.9248,5.9467,6.1354,6.1395,6.1497,6.5169,6.6483,7.0372,7.0938,7.1073,7.4548,7.6409,7.6435,7.6463,7.6621
-1.9877,-1.9836,-1.9816,-1.979,-1.9771,-1.9669,-1.9206,-1.8883,-1.8838,-1.7768,-1.7509,-1.5998,-1.5328,-1.3699,-1.2804,-1.2787,-1.1981,-1.1779,-1.1606,-0.7521,-0.7008,-0.6305,-0.0291,0.0155,0.019,0.0221,0.0279,0.0295,0.0315,0.0334,0.0376,0.0409,0.0426,0.0442,0.0515,0.0531,0.0788,0.2525,0.2621,0.3225,0.3994,0.4054,0.4264,0.4638,0.4838,0.4857,0.4948,0.4965,0.4997,0.5015,0.5041,0.5278,0.5996,0.604,0.6191,0.6827,0.742,0.9944,0.9998,1.0026,1.0082,1.0203,1.0279,1.2527,1.8867,2.1305,2.1711,2.6837,2.6925,2.7594,2.7611,3.0711,3.0746,3.0797,3.0863,3.091,3.0934,3.0989,3.2862,3.3408,3.4229,3.4246,3.4449,3.4502,3.4534,3.4555,3.4672,3.4724,3.491,3.5071,3.5205,3.5384,3.554,3.5557,3.5581,3.5635,3.5657,3.6517,3.6554,3.6668,3.6746,3.8416,4.0488,4.0506,4.0535,4.0572,4.0619,4.0703,4.073,4.0747,4.0775,4.1444,4.2406,4.4187,5.0046,5.0104,5.0775,5.0822,5.5735,5.5918,5.6524,5.6714,5.7997,6.1381,6.1429,6.1642,6.1722,6.3205,6.4076,6.4936,6.7653,6.7724,6.8368,7.0761,7.081,7.1014,7.1348,7.2364,7.6329
-1.9914,-1.9501,-1.7464,-1.7385,-1.3851,-1.3167,-1.239,-0.9117,-0.9094,-0.829,-0.7118,-0.7018,-0.644,-0.6421,-0.5563,-0.5389,-0.5156,-0.4918,-0.3571,-0.2789,-0.0421,-0.0156,0.0135,0.0168,0.0202,0.026,0.0295,0.0322,0.0389,0.0436,0.0506,0.2568,0.2904,0.3964,0.3989,0.4029,0.409,0.4175,0.4195,0.4236,0.4257,0.4304,0.4428,0.4989,0.5007,0.5028,0.511,0.5254,0.5411,0.5924,0.597,0.6009,0.6069,0.6152,0.6203,0.6297,0.6697,0.6746,0.6864,0.7172,0.845,0.9957,0.9993,1.0075,1.012,1.0195,1.0234,1.0263,1.154,1.4249,1.4981,1.8112,2.1087,2.1409,2.2189,2.2455,2.8009,2.8614,2.8726,2.8986,3.0704,3.0724,3.0741,3.0772,3.0815,3.086,3.0922,3.1012,3.1075,3.3678,3.4245,3.4272,3.4331,3.4486,3.4503,3.4542,3.4567,3.4663,3.4729,3.476,3.5138,3.5504,3.5521,3.5544,3.5626,3.5648,3.5751,3.6516,3.6539,3.656,3.6739,3.753,3.7905,3.9666,3.9969,4.0499,4.0537,4.059,4.0634,4.0651,4.0705,4.0729,4.0772,4.1081,4.4225,4.6414,4.6446,4.8677,4.9491,5.0709,5.4427,5.4458,5.454,5.7552,5.8389,5.8808,6.1157,6.1187,6.1274,6.1336,6.183,6.2732,6.419,6.4226,6.5343,6.5388,6.5405,6.5631,6.7558,6.7578,6.7598,6.8975,7.0668,7.0989,7.1022,7.1045,7.1235,7.4154,7.6314
-1.9774,-1.9357,-1.9113,-1.8178,-1.8044,-1.7221,-1.7203,-1.4515,-1.3459,-1.3161,-1.2186,-1.2052,-1.1662,-1.1615,-1.003,-0.9498,-0.9318,-0.8274,-0.6662,-0.6606,-0.5651,-0.5235,-0.3886,-0.2871,-0.2558,0.0142,0.0162,0.022,0.024,0.0273,0.0322,0.0407,0.3293,0.3973,0.4006,0.4146,0.417,0.4427,0.4957,0.4977,0.5015,0.5055,0.5073,0.5207,0.5656,0.5687,0.5819,0.5867,0.5892,0.597,0.6033,0.6065,0.6082,0.6149,0.6188,0.6205,0.6244,0.6372,0.6436,0.6617,0.6907,1,1.0056,1.0075,1.0091,1.0146,1.0173,1.02,1.0246,1.3017,1.5191,1.568,1.6102,1.6144,1.9131,2.2983,2.325,3.0554,3.058,3.0627,3.0647,3.0674,3.0697,3.0763,3.078,3.0798,3.0818,3.0932,3.1151,3.1488,3.1516,3.2733,3.364,3.3777,3.3819,3.3858,3.3906,3.4,3.4275,3.4362,3.4429,3.4471,3.4573,3.46,3.4621,3.4638,3.482,3.4898,3.4994,3.5349,3.5367,3.5463,3.5597,3.5658,3.6215,3.6349,3.6371,3.6402,3.6421,3.647,3.735,3.7838,3.9062,3.9534,4.035,4.0371,4.0396,4.0439,4.0491,4.0576,4.066,4.1059,4.4112,4.5956,4.6224,4.6583,4.8227,5.0141,5.0159,5.2822,5.3359,5.4028,5.419,5.478,5.4957,5.5004,5.5393,5.5901,5.7924,6.0994,6.1039,6.1089,6.2376,6.2877,6.3176,6.5356,6.5724,6.6152,6.818,6.8895,6.9791,7.0293,7.1457,7.2376,7.3418,7.3471,7.5511,7.5529,7.5679,7.6124
-1.9998,-1.9961,-1.9051,-1.8287,-1.7065,-1.7046,-1.5493,-1.4039,-1.3841,-1.3534,-1.1898,-0.9042,-0.8636,-0.7862,-0.3239,0.0173,0.0191,0.0227,0.031,0.0344,0.0364,0.0407,0.0496,0.1307,0.2085,0.2897,0.3599,0.3949,0.3966,0.4006,0.4034,0.4071,0.4097,0.4142,0.4162,0.4316,0.4642,0.4956,0.4987,0.5015,0.5043,0.5064,0.5142,0.5171,0.5989,0.6029,0.611,0.6127,0.6146,0.6183,0.7916,0.9087,0.9952,0.9973,1,1.0017,1.0049,1.0109,1.0153,1.0806,1.0917,1.2591,1.3569,1.3858,1.7369,2.1195,2.2578,2.2748,2.5341,2.6104,2.6342,2.6633,2.9766,3.0705,3.0736,3.0766,3.08,3.0836,3.0895,3.0919,3.146,3.1495,3.2761,3.3663,3.4031,3.4049,3.4196,3.4229,3.4415,3.4505,3.4524,3.4584,3.4609,3.4722,3.4801,3.4865,3.5246,3.5273,3.5378,3.5508,3.5526,3.555,3.5633,3.5718,3.5738,3.5812,3.6158,3.6177,3.6512,3.6633,3.6804,3.6928,3.7481,3.8444,3.8953,4.0108,4.0493,4.0514,4.0551,4.0586,4.0622,4.0704,4.0765,4.0918,4.1238,4.1608,4.1635,4.2175,4.2652,4.2678,4.2698,4.2786,4.4309,4.4551,4.5658,4.5935,4.6182,4.6302,4.696,4.8334,4.8552,4.8645,4.8693,4.954,5.0888,5.3246,5.333,5.5007,5.5079,5.5873,5.5984,5.6072,5.9681,6.0187,6.0254,6.1141,6.1159,6.1194,6.122,6.1285,6.1324,6.4747,6.8369,6.995,7.0163,7.0658,7.0687,7.0727,7.2757,7.2785,7.2859,7.2877,7.3132,7.3238,7.3416,7.3433,7.35,7.3618
-1.8333,-1.8306,-1.8283,-1.8254,-1.8024,-1.3281,-1.3264,-0.9842,-0.9823,-0.6131,-0.3407,-0.0357,0.015,0.0166,0.0182,0.0202,0.0232,0.0249,0.0271,0.03,0.0328,0.0356,0.0376,0.0396,0.0413,0.0477,0.0502,0.0582,0.222,0.2556,0.2578,0.3232,0.3265,0.3953,0.3997,0.4025,0.4095,0.4121,0.4157,0.4175,0.421,0.4226,0.4285,0.4305,0.4512,0.499,0.5008,0.5026,0.5053,0.5141,0.5157,0.5176,0.5208,0.5956,0.5974,0.6008,0.6027,0.605,0.6094,0.6131,0.6149,0.6166,0.62,0.6285,0.6317,0.8008,0.9889,0.9908,0.9955,0.9995,1.0057,1.0105,1.0142,1.0159,1.0179,1.0212,1.0246,1.0392,1.1286,1.1304,1.2334,1.3462,1.3625,1.5504,1.7621,1.7638,2.1969,2.1987,2.4012,3.0556,3.0576,3.06,3.065,3.0671,3.0708,3.0726,3.0757,3.0784,3.0806,3.0837,3.0856,3.4359,3.4378,3.4453,3.4492,3.4529,3.459,3.4789,3.5049,3.5357,3.5387,3.5422,3.5475,3.5554,3.5646,3.6363,3.6381,3.641,3.6436,3.6464,3.6501,3.6535,3.6591,3.6611,3.6645,3.6663,3.6681,3.7385,3.9137,3.9359,4.0299,4.0372,4.0394,4.0426,4.0456,4.0475,4.0504,4.053,4.0554,4.0575,4.0593,4.0614,4.0709,4.0743,4.3457,4.6439,4.6519,5.1243,5.2292,5.7419,5.7549,6.046,6.1148,6.1177,6.1226,6.5372,7.0222,7.0273,7.22,7.2246,7.2437,7.3062,7.6572,7.7048
-1.9557,-1.7271,-1.6742,-1.6717,-1.6669,-1.4685,-1.1394,-1.1142,-1.1006,-1.0171,-1.0155,-0.997,-0.9799,-0.9782,-0.776,-0.7202,-0.5639,-0.5485,-0.5468,-0.5238,-0.5221,-0.506,-0.4752,-0.4371,-0.4355,-0.4071,-0.3719,-0.3422,-0.3094,-0.3077,-0.2925,-0.0536,0.0138,0.0155,0.0192,0.0229,0.0262,0.0287,0.0313,0.033,0.0355,0.0417,0.0456,0.057,0.2722,0.3129,0.3239,0.3263,0.328,0.3954,0.3989,0.4014,0.4034,0.4066,0.4087,0.4119,0.416,0.4183,0.4231,0.4285,0.4949,0.4965,0.4996,0.5016,0.5064,0.5081,0.5099,0.5149,0.5169,0.5195,0.5247,0.5458,0.5577,0.596,0.5981,0.5998,0.6033,0.6052,0.6078,0.6109,0.6128,0.6159,0.6177,0.6259,0.8417,0.8438,0.9957,1,1.0018,1.0038,1.0068,1.018,1.0223,1.0242,1.0258,1.0293,1.031,1.146,1.2398,1.3969,1.3985,1.438,1.4397,1.6198,1.6592,2.0334,2.0354,2.0371,2.4248,2.5257,2.6092,2.801,2.8797,2.8815,2.8882,3.0539,3.0557,3.0594,3.0623,3.0659,3.0755,3.0772,3.0827,3.0844,3.0928,3.1048,3.2066,3.2104,3.213,3.2961,3.4279,3.4342,3.4372,3.4394,3.4411,3.445,3.4524,3.454,3.4609,3.4649,3.4669,3.4762,3.4778,3.5332,3.5354,3.5371,3.5393,3.5476,3.5501,3.5536,3.5553,3.5571,3.5621,3.5662,3.6149,3.6167,3.6352,3.6371,3.6438,3.646,3.6496,3.6565,3.6583,3.7635,3.875,3.8767,3.9954,4.0352,4.0384,4.0407,4.0428,4.0458,4.0504,4.0536,4.0602,4.062,4.0666,4.0683,4.3132,4.3152,4.381,4.5915,4.6349,4.6468,4.6496,4.7289,5.0819,5.0836,5.2302,5.2323,5.4549,5.4838,5.4857,5.5305,5.5326,5.6559,5.7642,5.8295,5.8423,5.8457,5.9263,5.9402,5.9458,5.968,5.9889,6.0984,6.1004,6.102,6.104,6.1181,6.1213,6.2514,6.2531,6.307,6.3087,6.3891,6.3974,6.399,6.4009,6.4365,6.4392,6.4412,6.4909,6.747,6.7914,6.8962,6.9211,6.9549,7.0179,7.1156,7.1175,7.462,7.496,7.4981,7.5007,7.5913,7.5952,7.6135,7.6832,7.6861
-1.9659,-1.9005,-1.8987,-1.8229,-1.7213,-1.7195,-1.6812,-1.6795,-1.6774,-1.5208,-1.4759,-1.4722,-1.4279,-1.4259,-1.3891,-1.3623,-1.1624,-1.1604,-1.1553,-1.1472,-1.0862,-1.0842,-1.0217,-1.0201,-0.867,-0.8654,-0.8475,-0.8457,-0.6578,-0.6561,-0.5938,-0.5918,-0.5641,-0.4691,-0.3831,-0.2898,-0.2861,-0.1939,-0.1921,-0.1377,-0.1246,-0.0799,-0.0783,-0.0105,-0.0087,0.0152,0.017,0.0197,0.0223,0.026,0.0277,0.0305,0.0321,0.034,0.0376,0.0461,0.0606,0.1148,0.201,0.2385,0.2413,0.2949,0.3959,0.3999,0.4066,0.4087,0.4153,0.4238,0.4257,0.4287,0.4639,0.4802,0.4957,0.4976,0.5007,0.5024,0.506,0.5088,0.5118,0.5139,0.5162,0.518,0.5203,0.5238,0.5258,0.5277,0.5491,0.5945,0.5999,0.6016,0.6049,0.608,0.6114,0.615,0.6201,0.6217,0.6255,0.6447,0.7562,0.8977,0.9569,0.9858,0.9946,0.9994,1.0035,1.0055,1.0091,1.0112,1.0163,1.019,1.0218,1.0247,1.0264,1.0549,1.1154,1.1658,1.1856,1.2581,1.3449,1.3467,1.3659,1.4325,1.5677,1.5712,1.6334,1.6352,1.6578,1.7673,1.8601,1.8963,1.9153,1.9198,1.9215,1.9233,2.3239,2.3631,2.5619,2.5993,2.6788,2.8464,2.9738,2.9965,2.999,3.0128,3.0542,3.0588,3.0606,3.0629,3.0655,3.0672,3.0704,3.0725,3.0759,3.079,3.0811,3.0838,3.0857,3.2146,3.4093,3.4329,3.4349,3.4366,3.4383,3.446,3.4491,3.4531,3.4552,3.457,3.4647,3.4665,3.4752,3.4962,3.533,3.5357,3.5373,3.5391,3.5415,3.5446,3.5471,3.5507,3.5572,3.5644,3.5662,3.5679,3.6344,3.6361,3.6378,3.6399,3.6418,3.6453,3.6489,3.6544,3.6567,3.7384,3.7402,3.8857,3.9135,3.9187,3.9702,4.035,4.037,4.0388,4.0422,4.0452,4.0495,4.0529,4.0588,4.0611,4.0653,4.1508,4.2685,4.2843,4.3344,4.4345,4.439,4.4418,4.4452,4.4722,4.522,4.5305,4.6241,4.626,4.6277,4.6313,4.8337,4.8357,4.8398,4.8726,4.8882,4.9449,4.9784,4.983,5.0317,5.0636,5.1306,5.1635,5.3565,5.3583,5.3714,5.5966,5.5987,5.713,5.7806,5.7836,5.9232,6.098,6.1,6.1023,6.1071,6.1108,6.1139,6.1625,6.1947,6.1967,6.2151,6.4587,6.4644,6.4723,6.658,6.6598,6.6619,6.6643,6.6786,6.7315,6.7335,6.9238,7.0426,7.2015,7.2045,7.2066,7.232,7.2963,7.3853,7.415,7.4241,7.6718
-1.9894,-1.9664,-1.9643,-1.9623,-1.9441,-1.9146,-1.9128,-1.9111,-1.8746,-1.8543,-1.8045,-1.7606,-1.7249,-1.6957,-1.5707,-1.5691,-1.4307,-1.4003,-1.2008,-1.159,-1.1573,-1.1555,-1.153,-1.1507,-1.1326,-1.0803,-1.0607,-1.0591,-1.0234,-1.0207,-0.922,-0.6323,-0.2979,-0.2962,-0.2819,-0.0664,0.0055,0.0145,0.0168,0.019,0.0209,0.0256,0.0294,0.0315,0.0347,0.0371,0.0432,0.0449,0.051,0.053,0.1352,0.1372,0.2292,0.2659,0.2968,0.2998,0.3017,0.3092,0.3745,0.3959,0.398,0.404,0.4059,0.4084,0.4102,0.4159,0.4212,0.4232,0.4289,0.431,0.4329,0.4942,0.4961,0.5017,0.5049,0.5077,0.5095,0.5134,0.5166,0.521,0.5961,0.5986,0.6005,0.604,0.6074,0.6147,0.6168,0.6185,0.6213,0.6268,0.6324,0.8658,0.9956,0.9974,0.9993,1.0023,1.006,1.008,1.016,1.0188,1.0254,1.0336,1.1733,1.1948,1.2457,1.2474,1.305,1.4051,1.4559,1.4577,1.6067,1.6085,1.6711,1.6731,1.675,1.8183,1.8278,1.8295,1.9676,1.9692,2.1129,2.1907,2.1936,2.2706,2.2724,2.3544,2.3776,2.3956,2.5256,2.5273,2.6688,2.6708,2.7221,2.7553,2.762,2.8539,3.0229,3.07,3.0718,3.0742,3.0762,3.0792,3.0822,3.0842,3.086,3.089,3.0907,3.0946,3.0971,3.0991,3.1043,3.1061,3.183,3.3137,3.371,3.4232,3.4504,3.4521,3.454,3.4561,3.4596,3.4614,3.4633,3.4677,3.4712,3.4729,3.4789,3.5054,3.5125,3.5505,3.5525,3.5565,3.5582,3.5625,3.5648,3.5703,3.5723,3.5763,3.5788,3.5829,3.6475,3.6506,3.6565,3.6619,3.6637,3.6687,3.6707,3.6728,3.6752,3.7916,3.9004,3.9947,3.9963,4.0404,4.0434,4.0507,4.0543,4.0575,4.0595,4.0617,4.0634,4.0658,4.0675,4.07,4.0791,4.0808,4.0861,4.1139,4.1207,4.1245,4.2184,4.2203,4.3313,4.403,4.4047,4.5816,4.7338,4.8389,4.9629,4.9758,4.994,5.0935,5.1104,5.1637,5.1655,5.1672,5.2913,5.5807,5.5825,5.6315,5.8012,5.8113,5.8137,6.0119,6.0139,6.0475,6.0496,6.1011,6.1028,6.1295,6.1314,6.1358,6.1376,6.152,6.154,6.1848,6.2905,6.2923,6.2944,6.468,6.4928,6.4946,6.4963,6.7795,6.8285,6.8321,6.8678,6.9986,7.0322,7.13,7.1327,7.1392,7.1409,7.2443,7.5042
-1.9383,-1.9366,-1.8962,-1.8944,-1.8925,-1.8668,-1.7121,-1.6853,-1.6836,-1.6806,-1.6456,-1.6409,-1.4767,-1.4634,-1.1885,-1.1645,-1.1629,-1.0511,-1.0485,-1.0028,-0.9896,-0.9445,-0.9088,-0.7998,-0.7977,-0.7959,-0.6215,-0.6132,-0.3597,-0.3014,-0.289,-0.2868,-0.1069,-0.0861,-0.0844,0.0161,0.0178,0.02,0.0234,0.0259,0.0317,0.0343,0.0374,0.0441,0.2803,0.3551,0.3572,0.3953,0.404,0.4058,0.4099,0.4142,0.4159,0.4178,0.423,0.4247,0.4958,0.4976,0.5009,0.5069,0.5145,0.5181,0.527,0.5299,0.533,0.5972,0.5994,0.6044,0.6079,0.6095,0.6179,0.6196,0.6302,0.6338,0.8037,0.879,0.8867,0.8907,0.9448,0.9948,0.9964,0.9998,1.0041,1.0058,1.0152,1.0173,1.0239,1.0282,1.1911,1.2217,1.3034,1.3052,1.3327,1.3421,1.3463,1.4576,1.4656,1.4809,1.4916,1.5404,1.5421,1.647,1.7604,1.7691,1.7719,1.7871,1.7896,2.1282,2.13,2.2565,2.3941,2.4557,2.4573,2.4593,2.539,2.7083,2.7348,2.7977,2.8219,2.8296,2.8314,3.0182,3.0366,3.0543,3.0561,3.0589,3.0606,3.0628,3.0658,3.0676,3.0726,3.0769,3.0788,3.0838,3.0859,3.1613,3.2853,3.287,3.2889,3.4349,3.4381,3.4418,3.4459,3.4548,3.4573,3.4641,3.4698,3.481,3.5277,3.5356,3.5381,3.54,3.5419,3.544,3.5462,3.5491,3.5525,3.5555,3.5573,3.5655,3.5672,3.6359,3.6379,3.6399,3.6419,3.6439,3.6459,3.6479,3.6547,3.6563,3.7304,3.801,3.8028,3.8724,3.9084,3.9101,3.9157,3.9249,3.9601,4.0382,4.0404,4.0421,4.0461,4.0493,4.0545,4.0563,4.0583,4.0678,4.0707,4.2964,4.485,4.607,5.2817,5.2904,5.2921,5.3693,5.371,5.4978,5.557,5.7488,5.7558,5.7579,5.9015,5.9292,6.0095,6.0111,6.107,6.1088,6.1127,6.1182,6.1227,6.1341,6.1371,6.1545,6.1808,6.206,6.3383,6.3403,6.3442,6.4499,6.4515,6.6137,6.719,6.9305,6.9322,6.9844,6.988,6.9949,7.0531,7.0573,7.0683,7.0715,7.0744,7.0775,7.2236,7.2279,7.2441,7.2828,7.2847,7.3126,7.3145,7.3163,7.5056,7.534,7.6643,7.6689,7.6853
-1.9656,-1.9637,-1.8973,-1.8952,-1.8507,-1.8491,-1.8413,-1.7358,-1.6399,-1.6379,-1.6306,-1.6235,-1.6058,-1.5986,-1.5858,-1.5559,-1.5542,-1.5132,-1.5114,-1.5082,-1.4771,-1.4743,-1.4713,-1.3059,-1.0613,-1.0594,-1.0535,-1.0437,-1.0316,-0.8591,-0.8167,-0.5826,-0.5639,-0.5413,-0.5392,-0.4806,-0.4788,-0.3807,-0.324,-0.3221,-0.2296,-0.2275,0.0063,0.0158,0.0205,0.0225,0.0283,0.0323,0.0349,0.0417,0.0566,0.1007,0.1023,0.2595,0.2615,0.2632,0.395,0.3967,0.4016,0.4055,0.4143,0.4161,0.4717,0.4734,0.4951,0.5013,0.503,0.5081,0.5134,0.5151,0.534,0.5964,0.5981,0.6024,0.6073,0.6129,0.6149,0.6177,0.6325,0.7106,0.725,0.7269,0.7621,0.7637,0.8743,0.9351,0.9367,0.9961,0.9978,0.9998,1.0031,1.0049,1.0095,1.0113,1.0147,1.0177,1.0244,1.0363,1.1598,1.1615,1.1632,1.2762,1.2782,1.3156,1.3184,1.4502,1.4558,1.5247,1.5264,1.7433,1.7541,1.8985,2.1105,2.1941,2.5971,2.5989,2.6008,2.6536,2.6678,2.8947,2.9184,3.0559,3.0623,3.0649,3.0666,3.0718,3.0799,3.0863,3.1457,3.1475,3.1845,3.1886,3.259,3.2627,3.2647,3.3024,3.4014,3.4074,3.4211,3.4365,3.439,3.441,3.4446,3.4504,3.4566,3.4591,3.4612,3.4644,3.5272,3.5362,3.5404,3.5422,3.5447,3.5536,3.5557,3.5753,3.6352,3.6371,3.6425,3.6478,3.6535,3.6552,3.6568,3.8271,3.8874,3.8979,4.0364,4.0385,4.0402,4.0423,4.0443,4.0521,4.054,4.1032,4.1489,4.249,4.3047,4.3065,4.3488,4.3505,4.3644,4.3993,4.4732,4.5359,4.5753,4.7913,4.8187,4.8205,5.0749,5.1162,5.2685,5.3205,5.4496,5.458,5.5946,5.6141,5.6974,5.6992,5.8018,6.0981,6.0999,6.1034,6.1055,6.1138,6.208,6.2098,6.4239,6.4262,6.4886,6.4904,6.4921,6.4938,6.5044,6.7137,6.7158,6.8871,7.1029,7.118,7.1597,7.204,7.3525,7.4345,7.4387,7.4642,7.4721,7.5207,7.6003,7.6047,7.6067,7.6386
-1.9527,-1.9234,-1.8829,-1.8408,-1.718,-1.6966,-1.6429,-1.637,-1.6315,-1.5514,-1.5124,-1.5091,-1.3833,-1.3785,-1.3323,-1.3305,-1.2872,-1.2855,-1.2232,-1.2161,-1.123,-0.9128,-0.8079,-0.8049,-0.667,-0.6651,-0.6251,-0.604,-0.562,-0.5602,-0.5578,-0.5561,-0.479,-0.4766,-0.4747,-0.4716,-0.451,-0.383,-0.3813,-0.3696,-0.2394,-0.0631,0.0145,0.0192,0.0212,0.0244,0.0325,0.0342,0.0376,0.0444,0.1115,0.1132,0.1153,0.2041,0.2473,0.2492,0.2611,0.3954,0.399,0.4008,0.4027,0.4046,0.4092,0.4113,0.4142,0.4159,0.4192,0.4211,0.4265,0.4385,0.4947,0.4967,0.4995,0.5027,0.5057,0.5082,0.5101,0.512,0.5158,0.5175,0.5255,0.5271,0.5291,0.5309,0.594,0.5959,0.5981,0.6002,0.6021,0.6037,0.6089,0.6166,0.628,0.8227,0.919,0.9326,0.9346,0.9366,0.9421,0.9947,0.9968,0.9989,1.0015,1.0041,1.0076,1.0135,1.0174,1.0192,1.0228,1.0254,1.091,1.1632,1.1656,1.2312,1.3673,1.3693,1.3903,1.4724,1.4744,1.4791,1.5515,1.5533,1.6684,1.6727,1.6885,1.7507,1.778,1.858,1.8671,1.8736,1.953,1.9887,1.9908,2.1516,2.5451,2.6302,2.6319,2.6624,2.9127,3.0694,3.0723,3.0741,3.0758,3.0792,3.0854,3.0875,3.0893,3.0931,3.1001,3.258,3.2599,3.3033,3.4134,3.4498,3.4517,3.4544,3.4592,3.4676,3.4706,3.4755,3.4779,3.4827,3.4884,3.4979,3.5112,3.5254,3.5504,3.5541,3.5565,3.5593,3.5681,3.5699,3.5743,3.5804,3.5895,3.5953,3.6308,3.6497,3.6545,3.6568,3.6587,3.6628,3.6659,3.6694,3.6741,3.6794,3.6984,3.736,3.7381,3.7989,3.8281,3.8298,4.0455,4.0491,4.0538,4.0605,4.0625,4.0671,4.072,4.0757,4.0778,4.0823,4.091,4.3099,4.4234,4.5087,4.5268,4.5287,4.6614,4.7152,4.758,4.7715,4.7737,4.8078,4.8095,4.8187,4.8297,4.8952,4.9362,4.9379,4.9398,5.1155,5.3167,5.5137,5.6306,5.7964,5.8019,5.8049,5.8111,5.8131,5.8244,5.8366,5.9956,5.9975,6.0886,6.0939,6.0994,6.1118,6.1139,6.1169,6.1204,6.1388,6.2925,6.2944,6.2961,6.3026,6.3403,6.3884,6.4017,6.4296,6.4314,6.566,6.5677,6.6823,6.6872,6.7461,6.8191,6.9123,7.0335,7.0418,7.0509,7.0882,7.204,7.2833,7.5703,7.6355,7.6629
-1.8613,-1.8435,-1.7751,-1.766,-1.5217,-1.5188,-1.3767,-1.1892,-1.1167,-0.9777,-0.956,-0.9543,-0.9328,-0.846,-0.8444,-0.8424,-0.7295,-0.6417,-0.64,-0.5716,-0.5685,-0.2904,-0.2704,-0.2539,0.0071,0.0103,0.0157,0.0192,0.0222,0.0247,0.0281,0.0327,0.0346,0.0364,0.0384,0.0426,0.0493,0.2122,0.215,0.2862,0.288,0.3949,0.3974,0.3997,0.4015,0.4035,0.4068,0.4124,0.4177,0.4195,0.4231,0.4248,0.4581,0.4953,0.4974,0.5004,0.5038,0.5074,0.5146,0.5191,0.5259,0.5279,0.5315,0.5722,0.5953,0.5969,0.5996,0.6017,0.6036,0.6052,0.6098,0.6125,0.6145,0.6167,0.6192,0.6252,0.6273,0.6309,0.6672,0.6732,0.7097,0.85,0.8529,0.8551,0.9192,0.9211,0.9942,0.9962,1.0002,1.0035,1.006,1.0114,1.0135,1.0161,1.0177,1.02,1.0219,1.0258,1.0301,1.0346,1.1024,1.1456,1.2397,1.2428,1.4609,1.4627,1.4663,1.5531,1.7836,1.929,1.931,1.9345,2.0538,2.2812,2.2861,2.3286,2.3333,2.335,2.3651,2.3675,2.4064,2.4736,2.4753,2.4773,2.6656,2.6902,2.7279,2.9047,2.9066,2.9492,2.9509,2.9556,2.9588,3.0524,3.0542,3.0575,3.0606,3.0624,3.0676,3.0714,3.0732,3.0775,3.0793,3.0836,3.0854,3.2533,3.2551,3.3105,3.3126,3.413,3.4239,3.4343,3.4385,3.4411,3.4456,3.4509,3.4528,3.4549,3.4598,3.462,3.4642,3.4768,3.5248,3.5342,3.5359,3.538,3.54,3.5442,3.5458,3.5477,3.5516,3.5534,3.5553,3.5587,3.5635,3.5654,3.6344,3.6384,3.6401,3.642,3.6441,3.6477,3.6509,3.6531,3.6563,3.6652,3.7943,3.8448,3.8626,3.8644,3.9473,3.9493,3.9513,4.0232,4.0329,4.0377,4.0412,4.0453,4.0511,4.0592,4.0625,4.066,4.0681,4.1417,4.1458,4.1617,4.1727,4.1758,4.1803,4.241,4.2539,4.2982,4.3042,4.3062,4.3398,4.3577,4.4092,4.4918,4.495,4.5734,4.5813,4.5834,4.696,4.6978,4.804,4.8058,4.8339,4.849,4.8508,4.9469,4.9618,4.9638,5.0374,5.0881,5.09,5.0919,5.3388,5.5464,5.8204,5.8829,5.8846,6.0566,6.0828,6.1158,6.1206,6.1309,6.189,6.3536,6.4474,6.4657,6.4674,6.4773,6.4793,6.4814,6.4839,6.4861,6.5328,6.5612,6.6297,6.8884,6.9777,6.9858,6.9961,6.9979,6.9996,7.0341,7.0687,7.0707,7.0746,7.1146,7.1471,7.1652,7.1792,7.4109,7.4144,7.4189,7.4248,7.4341,7.4964
-1.8749,-1.8148,-1.7988,-1.7623,-1.7597,-1.7314,-1.7297,-1.7238,-1.5518,-1.468,-1.4332,-1.3374,-1.3356,-1.3302,-1.3219,-1.1456,-1.1381,-1.1353,-1.1222,-1.1202,-1.095,-1.0921,-1.018,-1.0153,-0.4933,-0.4645,-0.417,-0.4127,-0.4099,-0.3964,-0.3638,-0.3513,-0.3321,-0.2784,-0.2543,-0.2527,-0.1333,-0.0923,-0.0902,0.0144,0.0161,0.0182,0.0201,0.0225,0.0268,0.035,0.0368,0.0409,0.0443,0.1888,0.1925,0.2864,0.3253,0.3283,0.3661,0.3688,0.3958,0.3989,0.4005,0.4053,0.4083,0.4156,0.4191,0.4231,0.4252,0.432,0.4928,0.4946,0.4966,0.4992,0.5008,0.5044,0.506,0.5093,0.5111,0.5129,0.5183,0.52,0.5256,0.5325,0.5342,0.5939,0.5959,0.5996,0.6031,0.6062,0.6079,0.6147,0.617,0.619,0.6211,0.6232,0.6264,0.7675,0.7729,0.7772,0.8196,0.8256,0.8475,0.8501,0.9945,0.9984,1.0009,1.0026,1.0049,1.0087,1.0115,1.0161,1.0177,1.0211,1.0231,1.0279,1.1137,1.1809,1.2248,1.2344,1.2371,1.24,1.4598,1.5752,1.5778,1.7423,1.7691,1.7717,1.8348,1.8374,1.8625,1.8647,2.2954,2.3187,2.3246,2.33,2.3322,2.3505,2.3539,2.3593,2.3905,2.5823,2.5855,2.5884,2.6568,2.6585,2.6606,2.6625,2.6747,2.679,2.8133,2.8378,2.9058,2.9096,3.0333,3.0362,3.0392,3.0482,3.0689,3.0713,3.0732,3.075,3.0767,3.0785,3.082,3.0866,3.0916,3.0936,3.0977,3.0994,3.1013,3.104,3.1557,3.1589,3.2711,3.2738,3.322,3.346,3.4508,3.4542,3.4597,3.4624,3.4644,3.4677,3.4729,3.4779,3.4796,3.4841,3.4861,3.497,3.5493,3.551,3.5542,3.5559,3.5584,3.5636,3.5653,3.5673,3.5697,3.5722,3.5742,3.5792,3.5811,3.5899,3.5919,3.6506,3.6551,3.6609,3.6626,3.6655,3.6722,3.6746,3.6786,3.684,3.986,3.9886,4.0501,4.0538,4.0609,4.0647,4.0689,4.0734,4.076,4.0847,4.0868,4.3353,4.3383,4.3423,4.4162,4.4626,4.5803,4.5823,4.6354,4.7626,4.7655,4.7872,4.8065,4.8844,4.8866,4.8907,4.9761,4.9791,5.0588,5.0615,5.1512,5.1543,5.2181,5.223,5.226,5.3351,5.3781,5.382,5.3942,5.3975,5.4409,5.6808,5.6839,5.6992,5.7045,5.7072,5.8722,5.9509,5.9529,5.9802,6.114,6.116,6.1187,6.1207,6.1227,6.1262,6.1307,6.1434,6.1656,6.2494,6.2523,6.2885,6.2928,6.3639,6.3961,6.4036,6.4668,6.4698,6.4829,6.4953,6.5414,6.5433,6.5936,6.742,6.9895,7.1072,7.1292,7.1376,7.1413,7.1466,7.1484,7.1764,7.179,7.2592,7.2847,7.3176,7.3633,7.3658,7.425,7.4449,7.5676,7.5706,7.5727,7.5747,7.6001,7.6021
-1.9305,-1.9144,-1.8939,-1.8049,-1.6874,-1.684,-1.6375,-1.6281,-1.5997,-1.5545,-1.4915,-1.4896,-1.4792,-1.4745,-1.3873,-1.3842,-1.349,-1.346,-1.1552,-1.1525,-1.0485,-1.0247,-1.0214,-1.0182,-0.7024,-0.6993,-0.6972,-0.6485,-0.6358,-0.6137,-0.5153,-0.5127,-0.4291,-0.4047,-0.2392,-0.0876,-0.0843,0.0133,0.015,0.0192,0.0223,0.0255,0.031,0.0357,0.04,0.0432,0.0528,0.2227,0.2257,0.2718,0.2746,0.3253,0.3297,0.3396,0.3701,0.3776,0.3944,0.3961,0.3983,0.4028,0.4059,0.4127,0.4166,0.4187,0.4245,0.4314,0.4332,0.4466,0.4531,0.4947,0.4989,0.5068,0.5101,0.516,0.5178,0.5214,0.5248,0.5274,0.5649,0.5957,0.5991,0.6034,0.6078,0.6106,0.6136,0.6165,0.6212,0.6246,0.7529,0.8868,0.9587,0.9614,0.9644,0.9947,0.9999,1.0036,1.0084,1.0158,1.0176,1.0219,1.0239,1.0554,1.1752,1.1782,1.2197,1.2228,1.2907,1.2938,1.3491,1.3525,1.465,1.4993,1.5022,1.5962,1.7041,1.7068,1.7524,1.7978,1.8091,1.8107,1.8215,1.8253,1.9481,1.9519,1.9983,2.0007,2.0418,2.1132,2.1463,2.1514,2.1542,2.5162,2.5189,2.5216,2.6631,2.7452,2.7485,2.7595,2.7762,2.7793,2.802,2.8059,2.8102,2.8123,2.8158,2.8228,2.8971,2.9005,2.9484,3.0383,3.053,3.0561,3.0582,3.0607,3.066,3.0753,3.0778,3.0832,3.0852,3.095,3.2312,3.2346,3.2986,3.3013,3.3776,3.4329,3.4351,3.437,3.4404,3.4437,3.4464,3.4537,3.4575,3.462,3.4638,3.4713,3.5212,3.523,3.5254,3.5308,3.5339,3.5387,3.5425,3.547,3.5487,3.5541,3.5561,3.5589,3.5667,3.6348,3.6367,3.6386,3.6452,3.6476,3.6497,3.6557,3.6583,3.6645,3.6665,3.6744,3.7153,3.7182,3.7731,3.7753,3.8629,3.8659,4.0341,4.038,4.0397,4.0417,4.0437,4.0463,4.0519,4.0556,4.062,4.0641,4.0694,4.1633,4.1681,4.3296,4.3667,4.3875,4.3949,4.3977,4.4799,4.4824,4.5147,4.6565,4.6718,4.6926,4.7423,5.1191,5.3304,5.3362,5.5389,5.6464,5.6487,5.6674,5.6711,5.7041,5.8782,5.8799,5.8869,6.0492,6.0518,6.0758,6.1138,6.1156,6.1216,6.1282,6.1303,6.2083,6.2137,6.2165,6.2198,6.2229,6.2831,6.2858,6.2887,6.3377,6.3485,6.3513,6.5653,6.6523,6.9339,7.0511,7.0553,7.135,7.1377,7.141,7.1654,7.1729,7.1745,7.2003,7.4451,7.5258,7.5284,7.5987,7.6096

-1.8139,-1.7456,-1.668,-1.6654,-1.6513,-1.6494,-1.6192,-1.4566,-1.4074,-1.3459,-1.249,-1.017,-0.6374,-0.3358,-0.3014,-0.296,-0.2895,-0.2154,-0.212,-0.0491,0.0145,0.0194,0.0227,0.0246,0.0269,0.0324,0.0417,0.1989,0.2274,0.2537,0.3193,0.3555,0.3935,0.3953,0.399,0.4012,0.4049,0.4108,0.4142,0.4251,0.4338,0.4661,0.4952,0.5002,0.5094,0.5112,0.597,0.5987,0.6014,0.7797,0.9995,1.0062,1.0113,1.0174,1.0251,1.1566,1.1604,1.1642,1.3587,1.4999,1.5059,1.8328,2.0331,2.3668,2.5262,2.5356,2.892,3.0152,3.0551,3.0571,3.0607,3.0649,3.07,3.0723,3.0774,3.2352,3.2624,3.274,3.2928,3.2947,3.2963,3.2988,3.3044,3.3099,3.3173,3.3194,3.3281,3.3298,3.3841,3.4051,3.4263,3.4549,3.5382,3.5402,3.5573,3.7306,3.7946,3.7977,3.8008,3.8052,3.8101,3.8231,3.8248,3.9875,4.0348,4.0374,4.0395,4.0437,4.0837,4.516,4.5305,4.6064,4.6441,4.8444,4.907,5.0878,5.2761,5.3924,5.6219,5.8473,5.9699,6.0677,6.0948,6.0999,6.228,6.2936,6.3687,6.4212,6.424,6.7898,6.9573,7.1007,7.4279,7.4746,7.4795,7.4934,7.5035,7.5221
-1.4633,-1.0561,-0.8967,-0.7244,-0.6157,-0.2899,-0.2821,-0.2647,-0.1125,-0.0411,0.0192,0.0256,0.0275,0.0295,0.0351,0.0385,0.0491,0.0552,0.3804,0.3927,0.3956,0.399,0.4018,0.4119,0.4189,0.4271,0.4323,0.5002,0.5188,0.5285,0.5949,0.598,0.6021,0.6065,0.6082,0.6151,0.6175,0.9969,0.9992,1.0054,1.0079,1.0099,1.0199,1.0256,1.3483,1.3767,1.3787,1.5724,1.5987,1.6065,1.6089,1.6711,1.6729,1.7673,1.9011,2.429,2.5963,2.6387,2.8107,2.8463,2.8525,2.8565,2.8806,3.0537,3.0555,3.0586,3.065,3.072,3.0744,3.079,3.081,3.0829,3.0849,3.0914,3.208,3.2866,3.2939,3.2994,3.3031,3.3199,3.3233,3.3254,3.4072,3.4282,3.4599,3.4896,3.5385,3.543,3.5478,3.559,3.5618,3.5641,3.7391,3.7942,3.7965,3.7982,3.8051,3.8198,4.0338,4.037,4.0404,4.0422,4.1049,4.2445,4.2499,4.5186,4.9227,5.1577,5.1837,5.1922,5.4538,5.7426,5.89,6.0738,6.0977,6.0993,6.1029,6.1046,6.1064,6.1131,6.3375,6.4757,6.5158,6.7119,6.719,6.722,6.8626,7.096,7.1597,7.2516,7.276,7.4025,7.4213,7.5113,7.6397
-1.9648,-1.8569,-1.823,-1.8034,-1.5805,-1.0311,-1.0127,-0.6347,-0.621,-0.6089,-0.6006,-0.5686,-0.515,-0.0432,0.0155,0.0189,0.0224,0.024,0.0259,0.0332,0.0387,0.0449,0.0506,0.0553,0.075,0.3555,0.3946,0.3987,0.4051,0.4194,0.4242,0.457,0.4921,0.4971,0.5058,0.5609,0.5782,0.5956,0.5986,0.602,0.6173,0.6397,0.7131,0.7469,0.848,0.9933,0.9962,0.9992,1.0012,1.0081,1.0115,1.0175,1.0221,1.0253,1.4162,1.4282,1.435,1.4459,1.8709,1.9462,1.9599,2.0825,2.0918,2.1253,2.595,2.6962,2.8227,2.9411,3.0538,3.0562,3.0582,3.0635,3.0656,3.0677,3.0706,3.0764,3.0813,3.0853,3.087,3.2408,3.2941,3.2995,3.3051,3.3169,3.3263,3.3322,3.3338,3.5117,3.5382,3.5421,3.5522,3.5556,3.7382,3.7945,3.8001,3.807,3.8181,3.8241,3.8273,3.9322,4.0241,4.0348,4.0387,4.0423,4.0471,4.049,4.0554,4.0634,4.4086,4.4322,4.556,4.6215,4.9421,4.9504,4.9623,5.4161,5.7875,5.9935,6.1142,6.12,6.1219,6.1261,6.1512,6.172,6.286,6.5123,6.7298,6.8892,6.9886,7.0837,7.105,7.1778,7.1915,7.2628,7.2827,7.4687,7.4815,7.4876,7.4893,7.5299,7.6172,7.6339
-1.9905,-1.9418,-1.8514,-1.8437,-1.7841,-1.7715,-1.4341,-1.3966,-1.3909,-1.3524,-1.2256,-1.2204,-1.202,-1.1972,-1.1936,-0.9386,-0.8482,-0.7848,-0.7785,-0.6603,-0.5024,-0.4514,-0.0586,0.0157,0.0176,0.0193,0.0219,0.025,0.0311,0.0392,0.0433,0.0495,0.0551,0.1969,0.3649,0.3966,0.3998,0.4043,0.4063,0.4113,0.4161,0.4179,0.4217,0.4283,0.4973,0.5003,0.5023,0.5066,0.5242,0.529,0.5321,0.5681,0.5883,0.5946,0.6004,0.6062,0.6206,0.6354,0.7042,0.7074,0.9946,0.9966,0.9998,1.0017,1.0078,1.016,1.0196,1.1623,1.2446,1.4387,1.5071,1.5141,1.549,2.1652,2.26,2.6472,2.7767,2.8705,2.8749,2.8905,2.9712,2.9796,3.0549,3.0565,3.0596,3.0674,3.0705,3.0739,3.0759,3.0796,3.0813,3.2177,3.2672,3.2948,3.2972,3.2991,3.3029,3.307,3.3158,3.3178,3.3212,3.3837,3.474,3.4817,3.5384,3.5403,3.5439,3.547,3.5523,3.556,3.6352,3.6906,3.7,3.7461,3.7827,3.797,3.8,3.8018,3.8039,3.806,3.81,3.8148,3.8166,4.0362,4.04,4.0434,4.0465,4.0483,4.0504,4.0528,4.0546,4.0636,4.0695,4.1203,4.1441,4.6503,4.7984,4.8643,5.1698,5.4955,5.6002,5.6888,5.9754,5.9774,6.0496,6.075,6.0981,6.109,6.1161,6.1408,6.1521,6.3317,6.3581,6.5721,6.5765,6.7031,6.7582,6.7768,6.7787,6.9203,6.922,6.9565,6.9595,7.1635,7.1688,7.1756,7.1845,7.1899,7.1923,7.1951,7.2389,7.2405,7.2833,7.3917,7.401,7.5883,7.6237
-1.9279,-1.9263,-1.7424,-1.6855,-1.6577,-1.5813,-1.4819,-1.4507,-1.3855,-1.0723,-1.0704,-0.802,-0.799,-0.787,-0.6947,-0.693,-0.4279,-0.2071,-0.1767,-0.0858,-0.084,-0.082,-0.0503,-0.0482,0.0148,0.0169,0.0188,0.0244,0.0261,0.0278,0.0297,0.032,0.0338,0.0354,0.039,0.0442,0.0482,0.2386,0.2846,0.2866,0.3952,0.397,0.3994,0.4014,0.4032,0.4055,0.4093,0.4128,0.4153,0.4221,0.4256,0.4953,0.4976,0.5,0.5056,0.5095,0.5148,0.5206,0.5951,0.5968,0.6006,0.6044,0.6072,0.6102,0.6121,0.6143,0.6173,0.6231,0.6247,0.7687,0.8089,0.8109,0.9956,0.9973,0.9997,1.0021,1.0054,1.0086,1.0121,1.014,1.0188,1.0206,1.0279,1.1493,1.3388,1.4035,1.4895,1.5209,1.6808,1.6825,1.8682,1.8719,1.8746,1.8764,2.0221,2.8734,2.9024,2.9269,2.9301,2.9463,3.0552,3.0612,3.0636,3.0653,3.0674,3.0713,3.0733,3.0782,3.0805,3.0841,3.2949,3.2968,3.3008,3.3067,3.3107,3.3131,3.3206,3.3252,3.3517,3.3535,3.5345,3.5362,3.5393,3.5418,3.5451,3.5471,3.55,3.552,3.5541,3.5711,3.5731,3.575,3.7779,3.7964,3.7983,3.8013,3.8057,3.8103,3.8131,3.815,3.8232,3.825,4.036,4.0377,4.0394,4.0411,4.0459,4.0511,4.0532,4.059,4.0688,4.0722,4.1631,4.1996,4.6783,4.6808,5.2166,5.2187,5.2966,5.5158,5.6114,5.6134,5.7773,5.7833,5.8538,6.0992,6.1008,6.1041,6.1072,6.3787,6.3808,6.4447,6.7519,7.0953,7.2001,7.2288,7.2404,7.243
-1.7258,-1.657,-1.6498,-1.2747,-1.2727,-0.9857,-0.881,-0.8774,-0.8421,-0.8326,-0.7992,-0.5423,-0.3863,-0.3704,-0.2119,0.0138,0.0159,0.0197,0.0224,0.0243,0.0275,0.0291,0.0346,0.0365,0.0393,0.041,0.043,0.0457,0.0475,0.066,0.1656,0.1674,0.1905,0.1926,0.2185,0.2394,0.2488,0.3194,0.3214,0.3948,0.3969,0.3993,0.4024,0.4061,0.4093,0.4123,0.4165,0.4212,0.4231,0.469,0.4708,0.4775,0.4975,0.502,0.5042,0.5071,0.5091,0.5139,0.5156,0.5178,0.5277,0.5327,0.548,0.5531,0.5548,0.5963,0.6003,0.6069,0.6086,0.6103,0.6151,0.6168,0.6232,0.6253,0.7795,0.8476,0.8494,0.8574,0.9958,0.9974,1.0004,1.0029,1.0057,1.0094,1.016,1.0179,1.0195,1.0307,1.148,1.15,1.1836,1.4164,1.4915,1.5186,1.5696,1.5941,1.6069,1.6089,1.6624,1.7086,1.7631,2.2215,2.239,2.2762,2.3818,2.4081,2.4255,2.428,2.6054,2.607,2.6456,2.6473,2.7316,2.7335,2.8596,2.8617,2.9278,2.9295,2.9315,3.0538,3.0557,3.0573,3.0594,3.0658,3.0701,3.0736,3.0768,3.0784,3.0838,3.0858,3.175,3.2942,3.2997,3.303,3.3063,3.3082,3.3098,3.3137,3.3169,3.3209,3.332,3.3492,3.3812,3.5273,3.5341,3.5358,3.5395,3.5453,3.5482,3.5501,3.5527,3.5548,3.5599,3.5618,3.5765,3.7944,3.7963,3.7998,3.803,3.8069,3.8101,3.8148,3.8171,3.8189,3.8222,3.8272,3.86,3.8623,3.8883,3.9718,3.9862,4.0202,4.0219,4.0353,4.0372,4.0391,4.0432,4.0485,4.0507,4.0527,4.0545,4.066,4.0697,4.4418,4.4435,4.5121,4.514,4.7156,4.7189,4.8419,4.8737,4.8793,4.8928,5.0153,5.1596,5.2164,5.2182,5.2198,5.3075,5.3095,5.8466,5.8621,6.099,6.1012,6.1041,6.1072,6.1125,6.1779,6.482,6.4844,6.501,6.5143,6.5161,6.5787,6.6282,6.6933,6.7897,6.7993,6.824,6.8773,6.9001,7.004,7.1189,7.1242,7.2407,7.3781,7.5169,7.5213,7.5305,7.5992,7.6282,7.6351,7.6472,7.6893,7.6982
-1.8577,-1.6819,-1.585,-1.3931,-1.1854,-1.1835,-1.1781,-1.125,-1.1233,-0.851,-0.671,-0.6692,-0.2239,-0.2219,-0.0284,-0.0262,-0.0241,0.0142,0.0165,0.0199,0.0238,0.0267,0.0308,0.0347,0.0376,0.0411,0.0468,0.0489,0.0512,0.1515,0.2974,0.3513,0.353,0.3784,0.3927,0.3952,0.3989,0.4018,0.412,0.4157,0.4199,0.4217,0.4302,0.4332,0.4459,0.4732,0.4953,0.4973,0.4994,0.5015,0.5064,0.5096,0.516,0.5179,0.5274,0.5294,0.5945,0.5965,0.6023,0.6063,0.6081,0.6101,0.6156,0.6174,0.6217,0.624,0.6293,0.6331,0.7772,0.779,0.8368,0.8385,0.8573,0.8659,0.9097,0.9118,0.994,0.9956,1.0004,1.0024,1.0051,1.0078,1.0099,1.0158,1.0178,1.0237,1.0254,1.1993,1.2383,1.2401,1.2419,1.2964,1.4155,1.4208,1.5756,1.5876,1.5959,2.0176,2.0901,2.0922,2.1993,2.2459,2.248,2.3143,2.3962,2.4548,2.4565,2.5052,2.5068,2.6076,2.6316,2.6413,2.9078,2.9097,3.01,3.0194,3.0545,3.0565,3.06,3.066,3.0745,3.0795,3.0896,3.2193,3.2212,3.2942,3.2962,3.2999,3.3032,3.3073,3.3115,3.3156,3.3197,3.3249,3.3486,3.3503,3.5342,3.536,3.5393,3.5413,3.5434,3.5493,3.5572,3.5591,3.5649,3.5668,3.6734,3.7944,3.7992,3.802,3.8038,3.8071,3.8149,3.8197,3.8287,3.8307,3.8501,3.9678,4.012,4.0344,4.0361,4.0405,4.0455,4.0505,4.0524,4.0552,4.0576,4.0665,4.0686,4.4611,4.4724,4.4888,4.5839,4.742,4.8305,4.8401,4.8419,4.8445,4.9117,4.9134,5.0979,5.1335,5.1719,5.1745,5.21,5.4833,5.4852,5.5901,5.665,5.6668,5.6688,5.9947,5.9968,6.0626,6.0994,6.1011,6.1042,6.1114,6.118,6.1265,6.1684,6.1701,6.2053,6.3879,6.3897,6.4786,6.4806,6.4869,6.6212,6.6565,6.9164,7.1004,7.1495,7.1864,7.2051,7.2068,7.2438,7.3779,7.4571,7.4634,7.4653,7.5534,7.5828,7.624
-1.9712,-1.9691,-1.9434,-1.9398,-1.9245,-1.9216,-1.9143,-1.905,-1.8608,-1.8482,-1.7659,-1.6874,-1.6842,-1.5944,-1.5661,-1.5641,-1.4741,-1.4566,-1.3757,-1.1742,-1.0977,-1.0961,-1.094,-1.0497,-1.0382,-1.0364,-0.9878,-0.9683,-0.9065,-0.9045,-0.8007,-0.6954,-0.4655,-0.4292,-0.4256,-0.3683,-0.3663,-0.3518,-0.2701,-0.2684,-0.2567,-0.2228,0.0152,0.0204,0.0239,0.0271,0.0291,0.031,0.0356,0.0375,0.041,0.0427,0.0472,0.1395,0.1413,0.2565,0.2582,0.2917,0.2938,0.396,0.3978,0.3995,0.4033,0.4055,0.4084,0.4118,0.4155,0.4174,0.4215,0.4258,0.4329,0.4884,0.4931,0.4976,0.4997,0.5032,0.5052,0.5072,0.5091,0.5139,0.5157,0.5193,0.5212,0.5229,0.5246,0.5498,0.5551,0.5964,0.5987,0.6007,0.6041,0.6057,0.6077,0.6125,0.6162,0.6182,0.6236,0.6311,0.6752,0.8854,0.8876,0.9952,0.9971,0.9995,1.0011,1.0036,1.0072,1.0092,1.0119,1.0158,1.0216,1.0244,1.1053,1.107,1.1832,1.1852,1.3256,1.382,1.4529,1.5673,1.7874,1.7896,1.9023,1.9049,1.9531,2.1103,2.4582,2.5911,2.6015,2.7449,2.8409,2.9237,3.0542,3.0558,3.0602,3.0632,3.0649,3.0673,3.0705,3.0752,3.0776,3.0842,3.0862,3.0886,3.1541,3.2954,3.2973,3.2993,3.3016,3.3036,3.3063,3.3095,3.3116,3.3136,3.318,3.322,3.3293,3.5346,3.539,3.5466,3.5488,3.5524,3.5544,3.5562,3.5593,3.5645,3.5664,3.7206,3.7225,3.7911,3.7933,3.7953,3.7974,3.7991,3.8047,3.8135,3.8162,3.8215,4.0348,4.0384,4.0405,4.0427,4.0447,4.0467,4.0509,4.0551,4.0571,4.0609,4.0626,4.0684,4.1147,4.2934,4.322,4.329,4.3335,4.3434,4.3599,4.5142,4.5162,4.7799,4.7831,4.8056,4.8077,4.8117,4.8938,4.896,4.9623,4.9641,4.9664,4.9862,4.9931,4.9948,5.0379,5.0593,5.2268,5.2935,5.4028,5.4455,5.6669,5.6873,5.8633,5.8656,5.881,5.8844,5.8892,5.9782,5.9799,6.0059,6.098,6.0997,6.1041,6.1069,6.1834,6.1852,6.2125,6.3225,6.3242,6.4572,6.459,6.5144,6.7222,6.7248,6.7663,6.7916,6.9402,6.9429,6.945,7.0522,7.0543,7.109,7.1565,7.2432,7.2463,7.3218,7.3985,7.4017,7.4115,7.4136,7.4163,7.4182,7.5485,7.5506,7.5598,7.6206,7.6288
-1.9839,-1.8258,-1.8134,-1.7684,-1.7664,-1.7528,-1.7397,-1.7381,-1.7343,-1.7306,-1.7285,-1.7187,-1.6478,-1.6144,-1.591,-1.589,-1.4852,-1.4833,-1.4084,-0.9806,-0.9225,-0.9201,-0.7825,-0.7806,-0.759,-0.7445,-0.6138,-0.317,-0.3152,-0.2725,-0.2708,-0.0246,0.0152,0.0172,0.0194,0.0221,0.024,0.0268,0.0303,0.0331,0.0352,0.0415,0.047,0.0511,0.1092,0.1487,0.1506,0.1978,0.1997,0.2019,0.2599,0.2777,0.2798,0.3462,0.3968,0.3988,0.4007,0.4036,0.4068,0.4102,0.4132,0.4153,0.4191,0.4251,0.4348,0.4765,0.4945,0.497,0.4993,0.502,0.5105,0.5152,0.5182,0.5308,0.5953,0.5969,0.601,0.6026,0.6058,0.6078,0.6155,0.6172,0.6285,0.7445,0.9644,0.9662,0.9958,0.9974,1.0013,1.005,1.0066,1.0094,1.0155,1.0237,1.0273,1.1169,1.1916,1.1935,1.1952,1.3034,1.3799,1.4089,1.4218,1.4725,1.5091,1.5555,1.5576,1.5939,1.6906,1.7629,1.7695,1.8973,1.9863,2.0807,2.1055,2.3334,2.3356,2.5086,2.5224,2.5388,2.5422,2.5472,2.5645,2.665,2.6694,2.7887,2.9044,2.9317,3.0072,3.0105,3.0537,3.0556,3.0586,3.0631,3.0655,3.0685,3.071,3.0749,3.0777,3.0838,3.0858,3.0889,3.125,3.2878,3.2918,3.2944,3.2962,3.2978,3.3003,3.3023,3.3043,3.3103,3.312,3.3146,3.3178,3.3273,3.3912,3.3929,3.5126,3.534,3.5361,3.5391,3.5409,3.5455,3.5483,3.5504,3.5545,3.5564,3.5622,3.5707,3.6779,3.6798,3.761,3.7938,3.7991,3.8021,3.8091,3.8112,3.8156,3.8175,3.8246,3.9551,4.0228,4.0314,4.0345,4.0366,4.048,4.0546,4.0563,4.0635,4.2081,4.2177,4.2889,4.3659,4.3676,4.3757,4.3804,4.5039,4.71,4.7566,4.7922,4.7998,4.8068,4.831,5.1518,5.1621,5.1651,5.3255,5.3809,5.4487,5.4507,5.7054,5.7734,5.7751,5.7783,5.7809,5.7916,5.8135,5.8296,5.8367,5.8498,5.8519,5.8745,5.8831,5.924,6.0988,6.1009,6.1036,6.1074,6.1117,6.1513,6.2924,6.2941,6.4077,6.4096,6.4483,6.639,6.7179,6.7658,6.8783,6.9224,7.0025,7.0062,7.384,7.4203,7.5573,7.585,7.5888
-1.8476,-1.7696,-1.7665,-1.7622,-1.7295,-1.6558,-1.6491,-1.6428,-1.6412,-1.5769,-1.3399,-1.2949,-1.2914,-1.1181,-1.0379,-0.8,-0.7983,-0.7965,-0.7504,-0.7488,-0.71,-0.6959,-0.6939,-0.4897,-0.4247,-0.3522,-0.3162,-0.3087,0.0144,0.0206,0.0253,0.0277,0.0318,0.0374,0.0411,0.0435,0.135,0.2865,0.2884,0.3552,0.357,0.3969,0.3985,0.4017,0.4052,0.4103,0.4133,0.4152,0.4176,0.4194,0.4216,0.4397,0.4464,0.4947,0.4992,0.5019,0.5054,0.5071,0.5134,0.5151,0.5235,0.5252,0.5316,0.5964,0.5991,0.6008,0.6027,0.6053,0.6085,0.6133,0.6172,0.6255,0.6295,0.6313,0.7823,0.9319,0.943,0.9449,0.994,0.9996,1.0016,1.0048,1.0069,1.012,1.0139,1.0177,1.0196,1.0245,1.0317,1.3482,1.3501,1.577,1.677,1.9349,1.9365,2.029,2.0309,2.0594,2.2216,2.3517,2.5231,2.5253,2.6139,2.6482,2.6983,2.7003,2.704,2.7307,2.7324,2.7343,2.9489,3.0706,3.0723,3.0741,3.0804,3.0849,3.0889,3.0925,3.0988,3.1021,3.2531,3.3091,3.3109,3.3145,3.3165,3.3196,3.3237,3.3292,3.3324,3.3343,3.3802,3.3821,3.3888,3.4212,3.5412,3.5431,3.5508,3.5543,3.5572,3.5604,3.5644,3.5693,3.5712,3.573,3.5856,3.686,3.8095,3.8147,3.8168,3.8191,3.824,3.8286,3.8303,3.832,3.8354,3.8421,3.8438,4.0511,4.0537,4.0556,4.0575,4.0636,4.0692,4.071,4.0727,4.079,4.0811,4.0829,4.0878,4.0929,4.1609,4.163,4.2865,4.4931,4.8663,4.9222,5.0123,5.041,5.0985,5.2398,5.5576,5.5725,5.5759,5.7915,5.7935,5.9309,6.1135,6.1161,6.1184,6.1217,6.1255,6.1319,6.1896,6.2297,6.2318,6.2734,6.3911,6.3931,6.3949,6.7027,6.7075,6.7354,6.8248,6.8423,6.8456,6.904,6.9079,6.9148,6.9237,6.9255,7.0681,7.1739,7.2406,7.246,7.271,7.3443,7.3543,7.3584,7.4449,7.6288
-1.997,-1.7682,-1.7125,-1.5291,-1.3995,-1.2834,-1.1598,-1.1579,-1.0665,-1.0618,-1.0303,-1.0284,-0.9972,-0.9931,-0.9893,-0.9813,-0.9638,-0.9618,-0.8988,-0.8963,-0.8921,-0.8479,-0.8387,-0.7107,-0.7071,-0.7053,-0.6519,-0.6088,-0.6066,-0.4693,-0.4661,-0.4401,-0.4197,-0.4167,-0.415,-0.4117,-0.2773,-0.2746,-0.0966,-0.0393,0.0151,0.0178,0.0198,0.0218,0.0239,0.028,0.0319,0.0368,0.0386,0.0438,0.0481,0.1224,0.1265,0.3512,0.3621,0.3638,0.3961,0.3994,0.402,0.4075,0.4094,0.4112,0.4129,0.4163,0.4188,0.4249,0.4276,0.4338,0.4752,0.4773,0.4944,0.4963,0.4994,0.5066,0.511,0.5129,0.5168,0.5187,0.5249,0.527,0.5521,0.5962,0.5997,0.6014,0.6044,0.6063,0.6089,0.6107,0.6171,0.6214,0.6269,0.7085,0.7174,0.7332,0.7435,0.7969,0.8418,0.8855,0.9381,0.957,0.9594,0.9937,0.996,0.9977,0.9994,1.0048,1.0098,1.0137,1.0172,1.0193,1.0222,1.0254,1.0305,1.0406,1.1052,1.1083,1.1199,1.1906,1.1937,1.2012,1.2048,1.2734,1.2963,1.3246,1.3264,1.3284,1.3586,1.3714,1.4797,1.4816,1.4979,1.5123,1.5143,1.5555,1.5573,1.5881,1.5911,1.8742,1.8776,1.9708,2.0442,2.0476,2.149,2.1909,2.2268,2.2974,2.2992,2.3699,2.3789,2.3835,2.4014,2.4643,2.466,2.4683,2.5232,2.5353,2.6758,2.6781,3.0207,3.07,3.0742,3.0807,3.0854,3.0884,3.0922,3.0939,3.0976,3.1005,3.1098,3.3086,3.3102,3.3119,3.3143,3.3177,3.3193,3.3212,3.3248,3.3306,3.3327,3.3345,3.3378,3.3395,3.3479,3.3687,3.3792,3.4067,3.4087,3.4678,3.4911,3.5389,3.5506,3.554,3.5587,3.5605,3.5624,3.5656,3.5692,3.5733,3.5779,3.5804,3.5859,3.8099,3.8136,3.8153,3.8191,3.8237,3.8255,3.828,3.8302,3.8324,3.8355,3.8382,3.8432,3.971,3.973,4.0507,4.0546,4.0582,4.0628,4.0655,4.0721,4.0756,4.0796,4.3058,4.3333,4.3433,4.4242,4.427,4.5308,4.5328,4.7744,4.8666,4.9941,5.0063,5.0081,5.0549,5.104,5.2855,5.3385,5.3993,5.4613,5.4634,5.5382,5.5401,5.7138,5.7968,5.7988,5.8026,5.847,5.9014,6.078,6.0922,6.0944,6.1131,6.1149,6.119,6.1253,6.1296,6.1582,6.2242,6.2286,6.2306,6.3958,6.4009,6.4418,6.4435,6.4454,6.4489,6.4582,6.4664,6.5236,6.7209,6.73,6.7728,6.8078,6.8346,6.8398,6.8755,6.8777,6.9277,6.9986,7.0025,7.0893,7.1235,7.1635,7.1651,7.1668,7.1896,7.1933,7.2862,7.3062,7.3081,7.4669,7.4693,7.5045,7.5274,7.5325,7.5342,7.5655,7.5696,7.6093
-1.9512,-1.829,-1.826,-1.8242,-1.6353,-1.6323,-1.573,-1.5102,-1.497,-1.4196,-1.418,-1.3869,-1.3544,-1.2947,-1.2919,-1.2799,-1.2735,-1.2711,-1.253,-1.0642,-0.8415,-0.8391,-0.7854,-0.7823,-0.7335,-0.6293,-0.4052,-0.4031,-0.3357,-0.3324,-0.3176,-0.278,-0.175,-0.1626,-0.1607,-0.1589,0.0097,0.0152,0.017,0.0189,0.0208,0.0228,0.0275,0.0303,0.0346,0.0378,0.0428,0.0493,0.0534,0.055,0.0899,0.1508,0.1537,0.2035,0.2214,0.2243,0.3176,0.3945,0.3988,0.401,0.4037,0.4078,0.4155,0.4173,0.4192,0.4236,0.4604,0.4949,0.4985,0.5002,0.5046,0.5074,0.509,0.511,0.517,0.521,0.5231,0.5256,0.5374,0.5966,0.599,0.6025,0.6067,0.6166,0.6195,0.6258,0.6283,0.6303,0.6319,0.6429,0.7195,0.781,0.8092,0.8681,0.8698,0.8729,0.9009,0.9082,0.9111,0.9937,0.9959,0.9999,1.0034,1.0072,1.0115,1.0152,1.0181,1.021,1.0228,1.0278,1.0307,1.2473,1.259,1.4976,1.5113,1.5487,1.5505,1.6735,1.7739,1.7848,1.8036,1.8233,1.9502,1.953,2.0569,2.1311,2.1758,2.1934,2.197,2.2475,2.3735,2.6346,2.6518,2.6653,2.8131,2.8164,2.8425,2.8477,2.9736,2.9756,2.9835,2.9894,3.0229,3.0667,3.0692,3.0742,3.079,3.0811,3.0902,3.0923,3.0951,3.0968,3.0984,3.1085,3.1102,3.1119,3.1811,3.1844,3.2474,3.2501,3.3095,3.3152,3.317,3.3239,3.3282,3.3314,3.3346,3.3388,3.3438,3.4916,3.5493,3.5536,3.5559,3.559,3.5634,3.5701,3.5722,3.5746,3.5775,3.5852,3.5918,3.7276,3.7303,3.797,3.8095,3.8129,3.8173,3.8228,3.826,3.8302,3.8322,3.8393,3.8427,3.8895,4.0131,4.0158,4.0499,4.053,4.0553,4.059,4.0609,4.0646,4.0682,4.0714,4.073,4.0747,4.0788,4.0828,4.0859,4.2014,4.2311,4.2481,4.3031,4.3066,4.3462,4.3489,4.476,4.5543,4.556,4.6372,4.6971,4.7707,4.9735,5.0181,5.02,5.2373,5.24,5.4932,5.5024,5.7579,5.7701,5.7989,5.8097,6.1163,6.1187,6.1207,6.1249,6.131,6.1337,6.1376,6.1429,6.1456,6.148,6.1747,6.3324,6.3341,6.3366,6.4377,6.4402,6.4419,6.5426,6.6417,6.8294,6.836,6.8517,6.8833,6.9926,6.9954,7.0038,7.0416,7.0451,7.0944,7.0964,7.0989,7.333,7.4055,7.4079,7.4317,7.5553,7.557,7.559
-1.9619,-1.9169,-1.9142,-1.8925,-1.8887,-1.8594,-1.8412,-1.8393,-1.8149,-1.6894,-1.6026,-1.3913,-1.3594,-1.3349,-1.3254,-1.2825,-1.2496,-1.2441,-1.2418,-1.2389,-1.1817,-1.1304,-1.0034,-1.0015,-0.8928,-0.4951,-0.456,-0.4542,-0.4439,-0.349,-0.2901,-0.253,0.0147,0.0163,0.0184,0.0231,0.025,0.0303,0.0345,0.0408,0.0427,0.0463,0.0486,0.1624,0.165,0.1922,0.1946,0.1977,0.2306,0.2338,0.2834,0.2859,0.3954,0.3992,0.4039,0.4055,0.4074,0.4153,0.4176,0.4253,0.4312,0.4956,0.4978,0.5036,0.5055,0.5071,0.5091,0.516,0.5177,0.5225,0.5258,0.5953,0.599,0.6012,0.6062,0.6079,0.614,0.6163,0.6188,0.6255,0.6293,0.633,0.7403,0.7428,0.8152,0.8177,0.8565,0.8599,0.9139,0.9573,0.9832,0.9873,0.9949,0.9985,1.0006,1.003,1.0059,1.008,1.0098,1.0161,1.0224,1.0243,1.026,1.0305,1.0324,1.0504,1.053,1.0626,1.1251,1.1283,1.1772,1.179,1.264,1.3574,1.3926,1.4382,1.4584,1.5012,1.5039,1.5303,1.6761,1.6777,1.7091,1.7108,1.7128,1.7148,1.7266,1.9471,2.0691,2.1368,2.1387,2.1423,2.1496,2.1832,2.2867,2.2917,2.2934,2.2964,2.5674,2.57,2.7477,2.7498,2.9036,3.0394,3.0587,3.0687,3.0742,3.0771,3.0796,3.0845,3.0904,3.0969,3.099,3.1087,3.2392,3.241,3.3101,3.3135,3.3174,3.3209,3.3228,3.3281,3.3303,3.332,3.3344,3.337,3.3437,3.3457,3.3773,3.4757,3.479,3.5497,3.5513,3.5539,3.5587,3.5607,3.5623,3.5701,3.5728,3.575,3.5779,3.58,3.6125,3.6143,3.6463,3.7061,3.708,3.7771,3.7788,3.7816,3.7838,3.8094,3.8129,3.8157,3.8207,3.8238,3.8288,3.831,3.833,3.8356,3.8377,3.8397,3.8433,3.8599,3.8951,3.9672,3.969,3.9899,3.9979,4.0004,4.0497,4.054,4.0588,4.0647,4.0701,4.0726,4.0743,4.0777,4.0803,4.0846,4.2079,4.2112,4.273,4.2955,4.2972,4.3806,4.5422,4.653,4.6554,4.7129,4.8676,4.8703,5.0148,5.1716,5.2484,5.2501,5.2533,5.4533,5.4634,5.5061,5.5087,5.6589,5.6743,5.7792,5.781,6.0365,6.0534,6.0563,6.058,6.1144,6.1161,6.1208,6.1246,6.136,6.1472,6.1781,6.1802,6.1947,6.3037,6.3064,6.3096,6.3813,6.3837,6.3996,6.4639,6.4679,6.4695,6.4715,6.5206,6.5603,6.7022,6.7074,6.743,6.774,6.7882,6.8341,6.8403,6.9211,6.923,6.9815,7.0686,7.0732,7.2423,7.2462,7.335,7.3566,7.3912,7.3972,7.4277,7.4294,7.4399,7.4464,7.4481,7.4623,7.4846,7.4917,7.496,7.5013,7.5181,7.52,7.526,7.5317,7.5333,7.5359,7.568,7.5966
-1.9977,-1.9465,-1.8925,-1.8639,-1.8496,-1.8477,-1.6129,-1.5611,-1.4108,-1.4088,-1.2683,-1.2658,-1.1746,-1.1725,-1.1457,-1.0094,-0.9991,-0.7462,-0.7115,-0.2877,-0.2833,-0.2748,-0.2046,-0.2029,-0.1999,-0.1092,-0.1068,-0.0426,0.0147,0.0163,0.0182,0.0198,0.0217,0.0277,0.0315,0.0332,0.0366,0.0386,0.0479,0.2465,0.3103,0.3952,0.397,0.4014,0.4055,0.4085,0.411,0.4136,0.4172,0.4197,0.4219,0.4287,0.4955,0.5003,0.5023,0.5046,0.5103,0.5121,0.5137,0.5158,0.5207,0.5243,0.596,0.5996,0.6012,0.6048,0.608,0.6156,0.6182,0.6248,0.6299,0.7155,0.7261,0.7287,0.8423,0.8472,0.8674,0.8798,0.995,0.997,0.999,1.0008,1.0032,1.0064,1.0081,1.0116,1.0153,1.0171,1.0253,1.0272,1.0542,1.0892,1.0912,1.2298,1.233,1.2676,1.2693,1.3444,1.4007,1.423,1.5154,1.5184,1.5746,1.6849,1.6869,1.9009,1.9105,1.935,2.0189,2.0215,2.0235,2.1466,2.1627,2.1815,2.2369,2.324,2.3259,2.3309,2.436,2.4381,2.4403,2.5841,2.7648,2.7684,2.8415,2.8495,3.0533,3.0568,3.0602,3.0621,3.0662,3.0691,3.0713,3.0746,3.0763,3.0815,3.1421,3.2181,3.2201,3.2939,3.2969,3.3001,3.3037,3.3117,3.3154,3.3212,3.3295,3.3313,3.3332,3.488,3.4899,3.5208,3.5228,3.5359,3.5392,3.5412,3.5443,3.5462,3.5512,3.5529,3.5547,3.5588,3.5676,3.7328,3.7347,3.7389,3.795,3.7992,3.8037,3.8069,3.8086,3.8108,3.8129,3.8156,3.8183,3.9956,3.9974,4.0011,4.003,4.0323,4.034,4.0388,4.0414,4.0439,4.0507,4.0551,4.0586,4.061,4.0643,4.0671,4.081,4.2005,4.2149,4.3089,4.4526,4.5437,4.5454,4.6595,4.6616,4.6649,4.7058,4.7134,4.7541,4.7689,4.7706,4.8307,4.8328,4.9182,4.9201,5.0408,5.0673,5.0692,5.2378,5.51,5.573,5.6114,5.6245,5.6267,5.6728,5.6745,5.6763,5.778,5.9888,5.9913,5.9932,5.9954,5.9971,6.0003,6.0311,6.0598,6.088,6.0994,6.1022,6.1044,6.1062,6.1108,6.2786,6.2805,6.3396,6.3416,6.4729,6.4824,6.4841,6.5463,6.5481,6.5804,6.5913,6.6053,6.6572,6.6626,6.6644,6.6661,6.6993,6.701,6.7887,6.8349,7.0064,7.0776,7.0804,7.1175,7.1583,7.1983,7.2001,7.3776,7.3967,7.4036,7.487,7.4898,7.5161,7.5419,7.6057,7.6073
-1.9878,-1.9842,-1.9444,-1.6201,-1.5951,-1.5495,-1.4876,-1.4854,-1.4091,-1.4074,-1.4055,-1.3573,-1.2814,-1.0902,-0.8239,-0.8219,-0.6737,-0.6718,-0.6405,-0.6007,-0.5593,-0.5552,-0.5536,-0.5246,-0.5218,-0.4749,-0.4081,-0.4053,-0.3509,-0.3481,-0.345,-0.2817,-0.2797,-0.2088,-0.2049,-0.1955,-0.1934,-0.1354,-0.1333,-0.0447,-0.0408,-0.0345,0.0148,0.0165,0.0196,0.0237,0.0253,0.0293,0.0315,0.036,0.0378,0.0415,0.0434,0.0476,0.0504,0.0694,0.1498,0.1536,0.2466,0.284,0.2864,0.3484,0.3607,0.3637,0.3674,0.396,0.3982,0.4002,0.4052,0.4078,0.4118,0.4151,0.417,0.4194,0.4211,0.4253,0.4292,0.436,0.4903,0.4952,0.497,0.5006,0.5052,0.5097,0.5114,0.5152,0.5211,0.523,0.5262,0.5944,0.5961,0.5982,0.6005,0.6024,0.6076,0.6103,0.6171,0.6242,0.6261,0.7346,0.7376,0.7482,0.9955,1.0007,1.0049,1.0076,1.0096,1.0133,1.015,1.0192,1.024,1.0281,1.0336,1.0953,1.1298,1.1589,1.1723,1.2371,1.2388,1.2745,1.2774,1.2977,1.2994,1.5071,1.6626,1.6643,1.666,1.7716,1.7734,1.7753,2.0343,2.0368,2.1973,2.2005,2.2438,2.3736,2.3868,2.3885,2.3938,2.4162,2.4185,2.4933,2.4951,2.5247,2.5511,2.5556,2.5608,2.6066,2.6955,2.8233,2.833,2.8966,2.8998,3.053,3.0559,3.0594,3.0613,3.0633,3.0662,3.0685,3.0705,3.0744,3.0782,3.0825,3.1329,3.2231,3.2251,3.2478,3.2509,3.293,3.2953,3.299,3.3014,3.3038,3.3102,3.3118,3.3139,3.3191,3.3208,3.3226,3.3322,3.334,3.3398,3.3552,3.5115,3.5134,3.5168,3.5351,3.5401,3.5442,3.5486,3.5507,3.5534,3.5554,3.5581,3.563,3.5648,3.571,3.6011,3.6634,3.6787,3.7054,3.708,3.7572,3.7748,3.7779,3.7798,3.7941,3.7958,3.7998,3.8018,3.8052,3.8099,3.8126,3.8149,3.8169,3.8191,3.8236,3.8272,3.8511,3.8711,3.8753,4.0344,4.0392,4.0429,4.0446,4.0478,4.05,4.0524,4.0542,4.0586,4.0633,4.1324,4.1359,4.3033,4.4667,4.4765,4.5128,4.5315,4.5333,4.5412,4.5863,4.6761,4.6956,4.7921,5.0316,5.2305,5.2695,5.2726,5.4667,5.4687,5.471,5.4731,5.4762,5.6804,5.6829,5.8124,5.8236,6.057,6.0588,6.0709,6.0959,6.0979,6.0999,6.1026,6.1047,6.1073,6.1147,6.1223,6.1242,6.2889,6.2908,6.3091,6.3257,6.3687,6.3706,6.4232,6.4392,6.4408,6.4446,6.496,6.498,6.5281,6.5315,6.7052,6.7979,6.8035,6.8052,6.8992,6.9008,7.1163,7.1184,7.1439,7.1463,7.412,7.431,7.4412,7.4592,7.4612,7.4747,7.4991,7.5228,7.5257,7.5614,7.6296

-1.8453,-1.8406,-1.6965,-1.6768,-1.5038,-1.4867,-1.4687,-1.4498,-1.3805,-1.3728,-1.3686,-1.3628,-1.3565,-1.2866,-1.2605,-1.2247,-1.2198,-1.2141,-1.1734,-0.9193,-0.9133,-0.8967,-0.8774,-0.7853,-0.5748,-0.537,-0.4652,-0.4245,-0.231,-0.1279,-0.036,0.0151,0.0167,0.0189,0.0213,0.0231,0.0303,0.0345,0.044,0.0478,0.0565,0.2552,0.2572,0.2592,0.2626,0.27,0.2782,0.2852,0.4939,0.496,0.4997,0.5015,0.5035,0.5127,0.5145,0.5318,0.5439,0.6079,0.6935,0.7004,0.7375,0.7538,0.7585,0.7609,0.7661,0.7756,0.7788,0.8889,0.985,1.0022,1.0049,1.0068,1.0101,1.0121,1.0155,1.2632,1.4676,1.4708,1.499,1.5187,1.5306,2.0197,2.0252,2.0311,2.445,2.6759,2.7294,3.012,3.0227,3.0661,3.0705,3.0727,3.0748,3.0772,3.0802,3.0819,3.0942,3.1,3.3446,3.3464,3.4493,3.4513,3.4544,3.4591,3.4686,3.5556,3.5746,3.6189,3.6232,3.6494,3.6543,3.6586,3.6722,3.8104,3.8266,3.8759,4.0483,4.051,4.0544,4.0563,4.0634,4.0691,4.0709,4.0807,4.1809,4.2024,4.2065,4.8937,5.0027,5.2771,5.2825,5.5734,5.6046,5.986,6.116,6.1176,6.1203,6.1241,6.1302,6.1447,6.1465,6.5255,6.5287,6.8812,6.9527,7.0196,7.0444,7.0461,7.0771,7.148,7.1751,7.2394,7.2415,7.2742,7.299,7.402,7.5084
-1.9663,-1.8963,-1.8564,-1.8402,-1.6288,-1.5896,-1.4627,-1.4591,-1.3145,-1.2301,-1.1309,-1.0828,-1.0795,-0.8477,-0.3624,-0.0884,-0.0745,0.0186,0.0261,0.0302,0.0369,0.0444,0.0509,0.0642,0.0756,0.0861,0.1437,0.1984,0.2549,0.2581,0.2601,0.2619,0.2639,0.2692,0.2716,0.2754,0.2787,0.2837,0.2856,0.3296,0.4328,0.4771,0.4955,0.4993,0.5035,0.5147,0.5176,0.5254,0.5348,0.6433,0.7252,0.7384,0.7401,0.7429,0.7467,0.7561,0.7585,0.7685,0.7701,0.7745,0.7847,0.7864,0.9487,0.9713,0.9936,0.9957,1.0092,1.0157,1.0269,1.0291,1.1024,1.1205,1.1529,1.1587,1.1743,1.2237,1.2321,1.2362,1.376,1.4304,1.4631,1.4959,2.0235,2.0264,2.0348,2.1971,2.713,2.7917,2.9108,3.0713,3.0749,3.0777,3.0884,3.0933,3.0989,3.1072,3.4402,3.4506,3.4524,3.4541,3.456,3.4593,3.4634,3.469,3.4738,3.4813,3.4904,3.5509,3.556,3.5588,3.5672,3.5691,3.5794,3.6495,3.662,3.6739,3.6773,3.9393,4.0498,4.0518,4.0539,4.0573,4.0612,4.0633,4.0651,4.0671,4.0694,4.0804,4.0898,4.279,4.3397,4.5569,4.7921,5.2939,5.3838,5.9357,5.939,6.1309,6.1439,6.3262,6.5142,6.5441,6.6605,6.7584,6.8601,6.9549,7.1052,7.1224,7.147,7.1846,7.4047,7.5285,7.5619,7.5642
-1.9834,-1.9512,-1.9325,-1.8824,-1.8614,-1.8598,-1.8532,-1.8476,-1.832,-1.8261,-1.816,-1.7425,-1.695,-1.6844,-1.6546,-1.5966,-1.5652,-1.5589,-1.4949,-1.4924,-1.4558,-1.4184,-1.4131,-1.4018,-1.371,-1.3668,-1.3423,-1.1944,-1.0448,-1.0423,-0.9825,-0.8576,-0.6196,-0.4382,-0.4284,-0.383,-0.3164,-0.3093,-0.221,-0.0991,0.0002,0.0143,0.0163,0.0181,0.0221,0.0261,0.0278,0.037,0.0397,0.0445,0.0463,0.0523,0.186,0.2561,0.2578,0.2605,0.2643,0.2709,0.2752,0.2773,0.2833,0.2852,0.4905,0.4957,0.5005,0.5021,0.508,0.5168,0.5243,0.5296,0.7548,0.7583,0.7625,0.7658,0.7692,0.7714,0.7743,0.7801,0.7854,0.7874,0.9168,0.9311,0.9408,0.9445,0.9957,0.9996,1.0013,1.0033,1.0183,1.0282,1.2593,1.3493,1.3771,2.0475,2.385,2.3911,2.414,2.4529,2.4968,2.7652,2.9442,3.0561,3.0589,3.0643,3.0669,3.0811,3.0843,3.137,3.2196,3.3459,3.4336,3.4567,3.4633,3.4657,3.4736,3.479,3.4903,3.4966,3.4983,3.5051,3.5116,3.524,3.5366,3.5407,3.5559,3.5604,3.6377,3.6394,3.6462,3.6484,3.6502,3.6603,3.8618,3.9215,3.9791,3.9931,4.0351,4.0368,4.0395,4.0456,4.0632,4.0744,4.0794,4.2359,4.73,5.3507,5.3934,6.1159,6.138,6.1511,6.2329,6.4889,6.6702,6.6772,6.8605,7.2594,7.2946,7.601,7.6957,7.6989
-1.9525,-1.9275,-1.9255,-1.7745,-1.7436,-1.7232,-1.68,-1.592,-1.2946,-1.2824,-1.2454,-1.2431,-1.2393,-1.2367,-1.2144,-1.2003,-1.1888,-1.1742,-1.1711,-1.1664,-1.119,-0.7864,-0.72,-0.6163,-0.432,-0.2787,-0.1132,0.0162,0.0182,0.0202,0.0241,0.0277,0.031,0.0345,0.0469,0.0648,0.2553,0.2571,0.2622,0.2657,0.2702,0.2766,0.283,0.288,0.3643,0.3957,0.4954,0.4981,0.5027,0.5086,0.5139,0.5193,0.5251,0.7126,0.7555,0.7656,0.7688,0.7762,0.7847,0.8166,0.9737,0.9969,0.9993,1.001,1.005,1.007,1.0127,1.0201,1.022,1.0262,1.0279,1.03,1.0476,1.0492,1.1421,1.2974,1.3165,1.3278,1.4578,1.5021,1.715,1.766,1.8745,1.9732,2.236,2.338,2.8177,3.0552,3.0571,3.0587,3.0622,3.0659,3.076,3.0902,3.1318,3.1744,3.3294,3.366,3.4386,3.4408,3.4455,3.4538,3.4601,3.4656,3.4673,3.4719,3.4909,3.5075,3.5124,3.5364,3.5387,3.5452,3.5532,3.5582,3.6362,3.6404,3.646,3.6501,3.6554,3.6986,3.7638,3.8777,4.0334,4.0384,4.0401,4.0435,4.0688,4.1489,4.4858,4.6254,4.7027,4.9219,5.0699,5.355,5.5021,5.5072,5.5322,5.6022,5.6118,5.6807,5.7015,6.1164,6.1195,6.1258,6.1286,6.1483,6.1779,6.2306,6.281,6.3068,6.3841,6.527,6.8106,6.8741,7.0008,7.0268,7.0983,7.1209,7.1359,7.1602,7.2123,7.2758,7.3524,7.3699,7.3715,7.376,7.4047,7.4079,7.5859,7.6303,7.6618,7.6716
-1.9705,-1.9111,-1.8594,-1.8286,-1.8108,-1.5257,-1.3898,-1.1649,-1.1629,-1.1609,-1.1252,-1.0122,-1.0082,-1.0065,-0.9851,-0.9591,-0.9545,-0.9525,-0.8471,-0.8225,-0.7509,-0.726,-0.635,-0.5712,-0.569,-0.5671,-0.4761,-0.4743,-0.3509,-0.3492,-0.1898,-0.0149,-0.0132,-0.0112,0.0156,0.0187,0.0216,0.0235,0.0264,0.0299,0.0317,0.0351,0.0371,0.0407,0.0458,0.0476,0.0517,0.0551,0.2287,0.2307,0.2555,0.2589,0.262,0.2682,0.2718,0.2735,0.2759,0.2791,0.2808,0.2846,0.4442,0.4635,0.495,0.4967,0.4991,0.5075,0.5109,0.5158,0.521,0.5265,0.5281,0.7444,0.746,0.7544,0.7566,0.7586,0.7626,0.7659,0.7677,0.7707,0.7758,0.7775,0.7824,0.7858,0.7927,0.7946,0.912,0.9645,0.9662,0.9836,0.9873,0.9948,0.9967,0.9997,1.0039,1.0057,1.0092,1.0132,1.0153,1.0202,1.0218,1.0296,1.0318,1.1116,1.1567,1.3462,1.348,1.3778,1.5907,1.6017,1.7395,1.7446,1.894,1.8956,2.1365,2.2427,2.2445,2.4121,2.4141,2.4162,2.4238,2.7177,2.7195,2.922,2.9237,2.9535,2.961,2.9644,3.0705,3.0723,3.0748,3.0788,3.0828,3.0871,3.089,3.0907,3.0946,3.0966,3.0984,3.1005,3.1891,3.1909,3.243,3.2452,3.2468,3.4495,3.4546,3.4625,3.4645,3.4695,3.4743,3.4763,3.4799,3.4823,3.4843,3.4864,3.5077,3.5503,3.5523,3.5548,3.5593,3.5617,3.5635,3.5687,3.5703,3.5719,3.5741,3.5776,3.5832,3.5848,3.6509,3.6547,3.6571,3.6626,3.6647,3.6675,3.6797,3.6813,3.6844,3.6873,3.9615,4.0503,4.0524,4.0545,4.0564,4.0606,4.0665,4.0685,4.0726,4.0744,4.0801,4.1035,4.1061,4.1447,4.1481,4.1975,4.4735,4.5716,4.586,4.6003,4.6041,4.6354,4.6382,4.7249,4.7799,4.8738,5.0602,5.0638,5.0679,5.1361,5.1378,5.1395,5.163,5.2752,5.3547,5.3571,5.3592,5.9993,6.001,6.0519,6.0536,6.1025,6.1041,6.1154,6.1174,6.1195,6.1216,6.1364,6.1393,6.288,6.6343,6.6865,6.7762,6.822,6.9178,6.9785,6.9942,7.0338,7.1114,7.296,7.4128,7.5734,7.641
-1.9544,-1.6893,-1.6868,-1.4854,-1.4831,-1.0285,-0.9888,-0.8534,-0.4934,-0.1847,-0.1078,-0.1059,-0.104,0.001,0.0142,0.0161,0.0202,0.0236,0.0262,0.0278,0.0301,0.0337,0.0419,0.0439,0.0569,0.1085,0.1102,0.1659,0.2558,0.2595,0.2643,0.2662,0.269,0.2709,0.2729,0.2767,0.2788,0.2873,0.2892,0.3383,0.4191,0.4956,0.4986,0.5005,0.5055,0.5079,0.5119,0.5157,0.5193,0.5233,0.5262,0.5284,0.6399,0.6419,0.7544,0.756,0.758,0.7601,0.7638,0.7664,0.775,0.7772,0.7807,0.7848,0.7891,0.9671,0.9704,0.9956,1.0002,1.0038,1.0058,1.0076,1.0153,1.0242,1.0258,1.0889,1.2831,1.399,1.6057,1.6075,1.6859,1.7228,1.7244,1.7524,1.9056,1.9143,1.9182,1.9771,1.9787,1.9831,2.168,2.17,2.3034,2.4101,2.4357,2.4373,2.5259,2.6012,2.6032,2.7919,2.7936,3.0324,3.0714,3.0732,3.0749,3.0784,3.0813,3.0861,3.0906,3.0926,3.0975,3.0996,3.1069,3.1591,3.1902,3.1923,3.3097,3.3193,3.321,3.4501,3.4526,3.4545,3.458,3.4611,3.4634,3.4659,3.4707,3.4728,3.4753,3.4771,3.4807,3.4866,3.4901,3.4924,3.5024,3.5042,3.5504,3.5525,3.5557,3.56,3.5632,3.57,3.5728,3.5747,3.5777,3.5832,3.585,3.6459,3.6508,3.6528,3.6553,3.6572,3.6601,3.6633,3.6674,3.6703,3.6727,3.6826,3.6997,4.0444,4.0461,4.0489,4.0506,4.0554,4.0572,4.0613,4.0656,4.0686,4.0727,4.1451,4.2872,4.2913,4.3643,4.4388,4.441,4.4718,4.4737,4.6062,4.6092,4.679,4.7323,4.8211,4.8553,5.0351,5.082,5.084,5.306,5.3079,5.3678,5.373,5.382,5.3867,5.3896,5.393,5.4036,5.5002,5.621,5.7156,5.9996,6.0264,6.0908,6.0929,6.1301,6.1319,6.1344,6.1377,6.1431,6.3208,6.3249,6.3267,6.35,6.45,6.4521,6.4539,6.4885,6.5071,6.5455,6.6319,6.6337,6.6358,6.7689,6.797,6.8016,6.8748,7.018,7.0606,7.0624,7.1112,7.1276,7.1658,7.1695,7.2055,7.2091,7.2138,7.2636,7.3158,7.3769,7.3792,7.5452,7.6943
-1.9654,-1.9547,-1.9439,-1.9263,-1.9243,-1.7636,-1.7291,-1.7015,-1.6967,-1.5926,-1.4569,-1.3383,-1.1422,-1.1404,-1.1096,-1.0948,-1.0928,-1.0649,-1.0629,-1.004,-0.8421,-0.8401,-0.6689,-0.6099,-0.5576,-0.2987,-0.2825,-0.2765,-0.1939,-0.0223,0.0154,0.0192,0.0221,0.0242,0.0306,0.035,0.0401,0.0422,0.0451,0.0471,0.1082,0.2552,0.2602,0.262,0.2638,0.2666,0.2698,0.2754,0.2772,0.2792,0.2972,0.299,0.4237,0.4254,0.4486,0.4953,0.4981,0.5033,0.5069,0.5087,0.5148,0.5167,0.5218,0.5235,0.5464,0.6006,0.6041,0.6608,0.6628,0.7062,0.7519,0.7536,0.7553,0.7571,0.7609,0.7664,0.7709,0.7763,0.7784,0.7827,0.9788,0.9806,0.9947,0.9987,1.0005,1.0043,1.0081,1.0117,1.0152,1.017,1.0188,1.0249,1.0268,1.0304,1.0684,1.1457,1.1596,1.1867,1.324,1.3838,1.4079,1.5378,1.5603,1.5621,1.5961,1.5977,1.6404,1.6425,1.883,1.8851,1.9939,1.9956,2.0466,2.4363,2.5975,2.6001,2.921,2.9235,3.0137,3.0523,3.0543,3.0694,3.071,3.0778,3.0807,3.0835,3.0866,3.0887,3.0942,3.0962,3.1009,3.1028,3.2602,3.3068,3.3347,3.3679,3.3851,3.3978,3.3998,3.4025,3.4162,3.4503,3.4523,3.4543,3.459,3.4625,3.4701,3.4725,3.4757,3.4814,3.4869,3.5018,3.5059,3.5143,3.5366,3.5522,3.5562,3.5581,3.5602,3.5633,3.565,3.5696,3.5723,3.5762,3.5809,3.5937,3.6511,3.6531,3.6553,3.6585,3.6621,3.6663,3.6712,3.6743,3.6831,3.6852,3.6872,4.051,4.0547,4.0592,4.0624,4.0646,4.0667,4.0703,4.0723,4.0791,4.0818,4.1299,4.2482,4.2499,4.289,4.4171,4.4189,4.4307,4.6161,4.6178,4.6546,4.6566,4.9471,4.9694,4.9718,4.9735,4.9964,5.014,5.0347,5.0383,5.0433,5.1162,5.1183,5.1551,5.1574,5.3096,5.3179,5.4171,5.8646,5.9415,5.9489,5.9508,5.9621,6.117,6.1202,6.1258,6.1309,6.1351,6.1388,6.1406,6.1426,6.1451,6.352,6.354,6.4962,6.5099,6.5192,6.5212,6.6551,6.7602,6.7817,6.7836,6.7906,6.7927,6.7945,6.7979,6.8127,6.852,6.8557,7.047,7.0637,7.1684,7.17,7.1734,7.3155,7.3174,7.3902,7.3938,7.3955,7.6425
-1.9166,-1.8918,-1.89,-1.832,-1.8263,-1.7659,-1.4741,-1.4725,-1.4672,-1.446,-1.3731,-1.3708,-1.339,-1.3115,-1.304,-1.3023,-1.2399,-1.1992,-0.6037,-0.6019,-0.4604,-0.4584,-0.4565,-0.2959,-0.2097,-0.2076,0.0143,0.0159,0.0185,0.0201,0.022,0.0252,0.0298,0.0353,0.0414,0.0481,0.0682,0.0986,0.1372,0.2411,0.2429,0.2562,0.2602,0.2622,0.2648,0.2666,0.2753,0.2774,0.2828,0.2846,0.317,0.3255,0.3467,0.3485,0.4956,0.4975,0.5,0.5027,0.5046,0.508,0.5147,0.5165,0.525,0.5283,0.6112,0.6133,0.6149,0.681,0.7558,0.7597,0.7617,0.7676,0.7694,0.7747,0.7764,0.7784,0.7816,0.7871,0.982,0.9839,0.995,1.0001,1.002,1.0038,1.0088,1.0152,1.0171,1.0229,1.0762,1.0932,1.0958,1.1303,1.1568,1.1587,1.3499,1.3517,1.3802,1.4332,1.435,1.4385,1.4912,1.4933,1.5271,1.8933,1.9343,1.936,2.3138,2.3221,2.4991,2.5762,2.5837,2.5856,2.5877,2.6936,2.6954,2.6973,2.899,3.0547,3.0567,3.0637,3.0674,3.0742,3.0775,3.08,3.0832,3.0848,3.1316,3.3547,3.3564,3.3581,3.3689,3.4351,3.4395,3.4421,3.4462,3.4491,3.4512,3.4551,3.4637,3.4671,3.477,3.5354,3.5374,3.5402,3.5442,3.5585,3.5627,3.5656,3.5713,3.574,3.5756,3.6352,3.6372,3.6409,3.643,3.6453,3.6483,3.6545,3.6566,3.6584,3.6658,3.6677,3.7092,3.7244,3.7261,4.0047,4.0064,4.0337,4.0359,4.039,4.041,4.0429,4.0465,4.0498,4.0546,4.0565,4.0639,4.0656,4.0907,4.1294,4.2986,4.3167,4.3386,4.3407,4.3933,4.4598,4.4968,4.4985,4.5465,4.5485,4.5523,4.7913,4.793,4.8348,4.8476,4.874,5.1211,5.1231,5.5548,5.5565,5.5943,5.6323,5.67,5.7839,5.8439,6.0062,6.0082,6.0415,6.1141,6.1161,6.1183,6.1229,6.1257,6.1307,6.1663,6.168,6.2392,6.3758,6.3776,6.462,6.4638,6.5044,6.6058,6.6076,6.7855,6.788,6.7897,6.8124,6.8143,6.8905,6.8926,7.0435,7.0733,7.0774,7.3193,7.3213,7.344,7.3458,7.4048,7.4719,7.523,7.5266,7.5507,7.5806
-1.7732,-1.7567,-1.7421,-1.6856,-1.6836,-1.6133,-1.6011,-1.5992,-1.5392,-1.2031,-1.201,-1.1994,-1.1977,-1.1438,-1.1417,-1.1303,-1.1253,-1.1226,-0.8584,-0.822,-0.7719,-0.7695,-0.4174,-0.4153,-0.3853,0.0165,0.0181,0.0209,0.0236,0.0256,0.0284,0.032,0.0338,0.0591,0.0611,0.1296,0.1313,0.2409,0.243,0.2565,0.2585,0.2615,0.2635,0.2763,0.2782,0.2983,0.333,0.3347,0.4963,0.4981,0.4998,0.5029,0.5071,0.5096,0.5144,0.5164,0.521,0.5842,0.586,0.5892,0.5911,0.7531,0.7551,0.7568,0.7587,0.7652,0.7731,0.7749,0.7766,0.7968,0.8066,0.9657,0.9759,0.9957,1.0029,1.0075,1.0127,1.0164,1.0209,1.0389,1.0454,1.0496,1.1145,1.1163,1.1203,1.1837,1.2302,1.4245,1.4758,1.4792,1.8439,1.9482,1.9714,2.4899,2.4923,2.4944,2.8376,2.8834,2.9451,2.9902,3.0713,3.0751,3.0772,3.0791,3.083,3.0879,3.0896,3.1355,3.2787,3.3118,3.3136,3.3155,3.3399,3.3416,3.3514,3.421,3.4227,3.4248,3.4504,3.4525,3.4553,3.4574,3.4616,3.4693,3.4712,3.5514,3.558,3.56,3.562,3.5701,3.5719,3.5879,3.6154,3.6514,3.6551,3.6568,3.6629,3.6687,3.6711,3.6735,3.6839,3.686,3.7388,3.8107,3.8385,3.8402,4.0503,4.0521,4.0544,4.0564,4.0585,4.0612,4.0634,4.0685,4.0716,4.1188,4.1207,4.2384,4.2402,4.2777,4.2801,4.3018,4.3084,4.4708,4.4786,4.5395,4.927,4.9485,4.9538,5.0254,5.095,5.1669,5.2475,5.2598,5.3018,5.3059,5.4315,5.4496,5.7338,5.8912,5.915,6.1301,6.1364,6.1446,6.1466,6.1711,6.2166,6.4555,6.4598,6.4618,6.5425,6.552,6.5538,6.7348,6.7478,6.7495,6.77,6.7784,6.8228,6.9074,6.9895,7.0123,7.0585,7.0602,7.1318,7.1451,7.1706,7.184,7.1859,7.2018,7.2499,7.2585,7.266,7.5218,7.5248,7.5878,7.5901,7.6834,7.6906,7.7093
-1.9608,-1.9584,-1.9068,-1.8953,-1.8922,-1.8668,-1.7003,-1.6938,-1.6599,-1.4939,-1.4922,-1.4882,-1.4864,-1.4083,-1.2337,-1.0895,-1.0455,-1.0077,-0.8196,-0.8178,-0.816,-0.725,-0.7232,-0.6246,-0.6228,-0.5556,-0.5517,-0.5041,-0.5019,-0.3963,-0.3942,-0.3075,-0.3005,-0.2976,-0.2254,-0.2232,-0.2028,-0.201,-0.1991,-0.1678,-0.1518,-0.1498,-0.1474,-0.1365,-0.1339,-0.1256,-0.1225,-0.0535,-0.0518,0.0152,0.0194,0.0235,0.0267,0.0312,0.0333,0.0363,0.0395,0.042,0.0489,0.0505,0.0578,0.2547,0.2582,0.26,0.2631,0.2697,0.2716,0.2737,0.2777,0.2817,0.2834,0.3378,0.3412,0.4453,0.447,0.4492,0.4951,0.4995,0.5012,0.5047,0.5089,0.5126,0.5143,0.5166,0.5213,0.5231,0.5261,0.528,0.6187,0.6218,0.7538,0.7584,0.7623,0.7663,0.7714,0.7735,0.7752,0.7825,0.7851,0.7883,0.8633,0.9154,0.9181,0.9901,0.9949,0.9966,0.9987,1.0008,1.0024,1.0046,1.011,1.0127,1.0162,1.0203,1.0226,1.0249,1.0286,1.0303,1.1673,1.1692,1.1713,1.3261,1.3289,1.3688,1.4912,1.6095,1.6114,1.8506,1.8565,1.8602,1.9775,2.0715,2.0732,2.2101,2.268,2.3975,2.5035,2.5604,2.5649,2.5667,2.5688,2.5729,2.5747,2.5836,2.5902,2.5967,2.6145,2.6599,2.6615,2.6844,2.7381,2.7398,2.9632,2.9867,2.9886,3.0692,3.0731,3.0751,3.0786,3.0851,3.0871,3.0915,3.0939,3.0958,3.0995,3.1016,3.2883,3.2902,3.4498,3.4532,3.4577,3.4597,3.4657,3.4676,3.4715,3.4771,3.4801,3.4857,3.4895,3.5512,3.5534,3.5559,3.562,3.5654,3.567,3.5739,3.5794,3.5864,3.6177,3.6503,3.654,3.6561,3.6629,3.6655,3.6681,3.6726,3.6754,3.7572,3.759,3.903,3.9053,3.9897,4.0495,4.0535,4.0582,4.0617,4.0657,4.0677,4.0719,4.0756,4.0803,4.1363,4.1655,4.2919,4.3384,4.5192,4.7012,4.8552,4.8571,4.8884,5.1963,5.1982,5.2444,5.2672,5.4356,5.4418,5.4586,5.4844,5.5806,5.678,5.68,5.8954,5.8972,5.9574,5.9896,5.9913,5.998,6,6.0082,6.0583,6.1129,6.1154,6.1178,6.1196,6.1256,6.128,6.13,6.1339,6.1612,6.1841,6.3179,6.3196,6.3633,6.365,6.4249,6.427,6.4727,6.5269,6.8791,6.8812,7.0049,7.0079,7.0507,7.0547,7.0602,7.2205,7.2285,7.4786,7.4845,7.489,7.5195,7.6725
-1.9469,-1.9354,-1.9326,-1.9303,-1.9164,-1.9141,-1.7864,-1.7844,-1.7454,-1.7438,-1.6939,-1.6243,-1.5977,-1.4781,-1.4492,-1.447,-1.3991,-1.2517,-1.2236,-1.116,-1.1136,-1.1103,-1.1032,-1.0624,-1.0602,-1.0501,-1.0187,-1.0146,-1.0107,-0.894,-0.8915,-0.8893,-0.6368,-0.5957,-0.3996,-0.3972,-0.3936,-0.3453,-0.3179,-0.2864,-0.2655,-0.2178,-0.2132,-0.1398,-0.1381,-0.0806,0.0135,0.0154,0.0183,0.0265,0.0309,0.0325,0.036,0.0377,0.0397,0.0415,0.0438,0.0482,0.0549,0.0567,0.1343,0.2284,0.2306,0.2551,0.2577,0.2595,0.262,0.2665,0.2682,0.2699,0.2724,0.275,0.2794,0.2816,0.2897,0.3991,0.4027,0.4854,0.4949,0.4968,0.4993,0.502,0.5043,0.5106,0.5154,0.517,0.5186,0.5241,0.5267,0.529,0.756,0.7589,0.7617,0.7637,0.7657,0.7677,0.7702,0.7722,0.7761,0.7779,0.7839,0.7855,0.862,0.865,0.9085,0.9115,0.9953,1.0001,1.0032,1.006,1.008,1.0118,1.0139,1.0172,1.0189,1.0236,1.0253,1.0324,1.0342,1.1093,1.2393,1.549,1.5509,1.717,1.7256,1.7765,1.7782,1.7818,1.7836,1.7895,1.7913,1.7987,1.8351,1.8391,1.8427,2.1831,2.2029,2.3172,2.32,2.3465,2.3514,2.5201,2.5228,2.533,2.5351,2.5654,2.5674,2.6057,2.6075,2.6093,2.6225,2.6243,2.7985,2.9838,3.0076,3.0533,3.0552,3.0578,3.0596,3.0632,3.0662,3.0693,3.071,3.0731,3.076,3.0786,3.0845,3.0868,3.0962,3.1595,3.1627,3.2728,3.2754,3.313,3.3148,3.3564,3.4337,3.4383,3.4402,3.4429,3.4454,3.4471,3.4492,3.4553,3.462,3.4642,3.4686,3.4724,3.5111,3.5339,3.5364,3.5394,3.5435,3.5452,3.5472,3.5506,3.5548,3.5581,3.5625,3.5647,3.6273,3.6338,3.6357,3.6435,3.6466,3.6484,3.6571,3.6628,3.6645,3.6688,3.6781,3.7623,3.7655,3.7732,3.7748,3.7807,3.8034,3.8486,3.8555,3.8582,3.9021,3.9122,3.9464,3.9488,3.9617,3.9721,3.9903,4.0346,4.0371,4.039,4.0408,4.0429,4.048,4.0507,4.0548,4.057,4.0645,4.0725,4.1431,4.1451,4.1472,4.1502,4.1929,4.2201,4.2229,4.2938,4.2968,4.4072,4.409,4.5701,4.5956,4.5989,4.6113,4.613,4.6147,4.7052,4.8312,4.8449,4.8778,4.8802,4.9301,4.9322,4.9687,4.9714,4.9736,5.078,5.1356,5.1375,5.2349,5.3136,5.3157,5.4935,5.6131,5.6149,5.6181,5.7682,5.7707,5.9299,5.9528,5.9565,5.9928,5.9947,5.9971,5.9991,6.1113,6.1137,6.1176,6.121,6.1243,6.1269,6.1458,6.1891,6.192,6.1939,6.2439,6.3747,6.3766,6.3945,6.5238,6.7778,6.7814,6.7832,6.8129,6.8684,6.872,6.9066,6.9307,6.9999,7.0139,7.0157,7.0219,7.0829,7.0852,7.1279,7.1542,7.1569,7.1689,7.1966,7.1987,7.2186,7.3585,7.49,7.4924,7.5282,7.5774,7.5807,7.5872,7.6199,7.6219,7.624,7.627,7.6304,7.6372
-1.9754,-1.9366,-1.9138,-1.8925,-1.89,-1.8881,-1.8692,-1.8538,-1.8165,-1.809,-1.7787,-1.7724,-1.675,-1.6724,-1.6707,-1.6425,-1.4688,-1.4668,-1.4448,-1.3182,-1.3092,-1.2978,-1.2756,-1.2192,-1.109,-0.9142,-0.9124,-0.892,-0.8794,-0.8763,-0.873,-0.725,-0.6689,-0.5748,-0.5489,-0.5468,-0.5055,-0.5037,-0.497,-0.4323,-0.3146,-0.2653,-0.2378,-0.2352,-0.2306,-0.2288,-0.227,-0.1784,0.015,0.0167,0.0196,0.0242,0.0258,0.0285,0.0342,0.0366,0.0404,0.0439,0.0474,0.1425,0.1459,0.2542,0.2561,0.2591,0.2624,0.2643,0.2663,0.269,0.2743,0.277,0.2788,0.2879,0.2907,0.2936,0.3148,0.3167,0.3291,0.3332,0.3455,0.3931,0.3962,0.4484,0.4514,0.4548,0.4958,0.498,0.4996,0.5033,0.5076,0.5147,0.5165,0.5187,0.5206,0.527,0.6462,0.7552,0.7598,0.7648,0.7679,0.7728,0.7767,0.7847,0.8794,0.8825,0.972,0.9741,0.9961,0.9979,1.0052,1.0079,1.0158,1.0226,1.0243,1.0276,1.2183,1.2212,1.2571,1.2609,1.4439,1.4697,1.7257,1.7273,1.729,1.8827,1.8858,1.9637,2.0504,2.0606,2.0745,2.2269,2.2296,2.2758,2.3164,2.3223,2.327,2.3591,2.3873,2.392,2.4801,2.4831,2.4863,2.6738,2.6888,2.6905,2.6946,2.6963,2.7008,2.7035,2.7052,2.758,2.8035,2.9033,2.9414,3.0324,3.0353,3.0384,3.0711,3.0751,3.0774,3.0807,3.0844,3.0906,3.0923,3.0998,3.1037,3.1055,3.2102,3.2465,3.2495,3.2857,3.3225,3.3262,3.3425,3.3457,3.3475,3.4415,3.4496,3.4517,3.4553,3.459,3.4614,3.4662,3.469,3.4706,3.4788,3.4807,3.4829,3.4933,3.5502,3.5518,3.5562,3.5602,3.5629,3.5697,3.5735,3.5754,3.5793,3.5824,3.6493,3.652,3.6537,3.6553,3.6571,3.6602,3.6653,3.6702,3.6721,3.6782,3.6821,3.6893,3.9616,4.0508,4.0526,4.0549,4.0596,4.0637,4.0658,4.0702,4.0721,4.0777,4.0805,4.0823,4.2332,4.2366,4.2821,4.3683,4.3702,4.4253,4.4271,4.6278,4.6308,4.6351,4.6378,4.6397,4.6425,4.6959,4.6996,4.7602,4.8604,4.8689,4.9659,4.9676,4.9844,5.0211,5.0249,5.1669,5.1699,5.1735,5.2077,5.3926,5.4976,5.6339,5.6366,5.7531,5.7588,5.834,5.8372,5.8617,5.8935,5.8963,5.9649,5.9667,6.0642,6.0682,6.0994,6.1295,6.1336,6.1365,6.1385,6.1419,6.1468,6.1944,6.1965,6.2498,6.2529,6.3041,6.3325,6.3357,6.3788,6.5045,6.5066,6.533,6.5533,6.7479,6.7735,6.8149,6.8201,6.8331,7.0177,7.0251,7.2187,7.2454,7.2476,7.2966,7.3062,7.313,7.3151,7.3696,7.5276,7.5312,7.6069,7.6213,7.631,7.6691,7.6732,7.7159,7.7188
-1.9472,-1.9424,-1.8865,-1.8441,-1.6207,-1.617,-1.4886,-1.4852,-1.4341,-1.3742,-1.2643,-1.248,-1.2446,-1.2429,-1.2279,-1.2042,-1.1939,-1.1001,-1.0517,-1.0495,-0.9763,-0.9623,-0.7114,-0.7096,-0.6008,-0.5989,-0.597,-0.191,-0.1288,-0.1003,-0.0197,-0.0179,0.0161,0.0178,0.0245,0.0334,0.0378,0.0715,0.0736,0.2241,0.226,0.2586,0.2606,0.268,0.2741,0.2758,0.2783,0.3517,0.4951,0.4978,0.5009,0.5027,0.5054,0.5087,0.5112,0.5133,0.5197,0.5689,0.5812,0.583,0.5855,0.5872,0.5889,0.5917,0.6015,0.6038,0.6096,0.7197,0.7567,0.7586,0.7619,0.7654,0.7715,0.7755,0.8773,0.8793,0.8814,0.8831,0.9959,1.0003,1.0043,1.0082,1.0109,1.0127,1.0155,1.0171,1.0223,1.024,1.0258,1.1457,1.4492,1.4577,1.5552,1.6322,1.6974,1.7439,1.7457,1.8343,1.8361,1.8887,2.0393,2.1547,2.494,2.6479,2.8347,2.8999,2.9964,3.034,3.036,3.0716,3.0797,3.0822,3.0874,3.0962,3.1043,3.1311,3.2135,3.2152,3.2846,3.3072,3.4515,3.4569,3.4605,3.4624,3.4686,3.4738,3.4756,3.4835,3.5525,3.5573,3.5595,3.5649,3.5671,3.5695,3.576,3.657,3.6587,3.6636,3.6713,3.6785,3.6803,3.6917,3.7831,3.7867,3.7932,3.7988,3.8006,3.8128,3.8149,3.8191,3.8465,3.849,3.8512,4.0393,4.0411,4.0516,4.0534,4.0571,4.0591,4.0624,4.067,4.0695,4.0827,4.2513,4.2531,4.3198,4.3216,4.3794,4.5784,4.581,4.6828,4.7146,5.0157,5.1411,5.2698,5.2716,5.319,5.3206,5.3539,5.3571,5.454,5.465,5.4666,5.6294,5.6326,5.7627,5.9761,5.9961,6.0095,6.0113,6.0568,6.0588,6.0607,6.0624,6.1293,6.1325,6.1344,6.1412,6.1471,6.1494,6.2147,6.3657,6.4405,6.5263,6.6127,6.6155,6.6181,6.621,6.698,6.7127,6.7143,6.8017,6.8303,6.8726,6.8832,7.1541,7.1886,7.2089,7.2114,7.2194,7.221,7.2376,7.2394,7.2438,7.2476,7.2503,7.2924,7.2944,7.4081,7.436,7.503
-1.9029,-1.8125,-1.8108,-1.8073,-1.7688,-1.754,-1.7114,-1.6857,-1.6831,-1.6813,-1.6438,-1.4236,-1.421,-1.4178,-1.3723,-1.3705,-1.262,-1.2601,-1.2571,-1.2547,-1.253,-1.1943,-1.1911,-1.1687,-1.1377,-1.1359,-1.1334,-1.12,-0.9639,-0.9619,-0.8606,-0.8115,-0.7627,-0.7608,-0.7175,-0.7131,-0.7112,-0.4193,-0.4175,-0.3967,-0.2074,-0.1235,-0.1208,-0.0322,0.0166,0.0195,0.0215,0.0231,0.0258,0.0292,0.031,0.0336,0.0356,0.0396,0.1208,0.1228,0.1954,0.2373,0.2504,0.2553,0.2572,0.26,0.2627,0.2647,0.2666,0.2691,0.2726,0.2743,0.2763,0.2781,0.2798,0.2815,0.4366,0.4953,0.4973,0.5009,0.5032,0.5055,0.5078,0.5123,0.5142,0.5162,0.622,0.6286,0.6751,0.6791,0.682,0.7553,0.7573,0.7589,0.7618,0.7638,0.7656,0.7682,0.7736,0.7757,0.7786,0.7804,0.7829,0.7849,0.7972,0.8763,0.8797,0.9169,0.9197,0.9946,0.9963,0.9988,1.002,1.0081,1.0136,1.0166,1.0186,1.1152,1.2782,1.3956,1.5788,1.6759,1.6779,1.6811,1.683,1.7757,1.7941,1.8472,1.8547,1.9069,1.9128,1.9175,2.2982,2.3027,2.3695,2.486,2.4882,2.5061,2.5778,2.5798,2.6867,2.8183,2.8909,2.8972,3.0547,3.0565,3.0582,3.0615,3.0652,3.0725,3.0775,3.0848,3.1454,3.2056,3.2303,3.2474,3.3174,3.357,3.3598,3.4351,3.4402,3.4418,3.4467,3.453,3.4546,3.459,3.461,3.4704,3.4853,3.5363,3.5384,3.5401,3.5419,3.5436,3.5491,3.5539,3.556,3.558,3.5627,3.636,3.6385,3.6411,3.6428,3.6488,3.6545,3.6572,3.6633,3.6656,3.8364,3.8822,3.8842,3.9124,3.9939,3.9956,3.9975,4.0343,4.0378,4.0397,4.0418,4.0441,4.0461,4.0479,4.0497,4.0521,4.055,4.0604,4.0625,4.0656,4.1697,4.1725,4.3319,4.3339,4.437,4.4389,4.4415,4.5614,4.6434,4.6716,4.689,4.8252,4.8912,4.8951,4.9063,4.9767,4.9814,5.1063,5.1483,5.1527,5.1755,5.1972,5.2793,5.2888,5.5769,5.5805,5.7791,5.781,5.8322,5.908,5.9496,6.0903,6.0921,6.0988,6.1005,6.104,6.1111,6.1165,6.1605,6.169,6.1707,6.3246,6.3856,6.4035,6.4053,6.4584,6.4602,6.5877,6.6078,6.7211,6.7588,6.809,6.8137,6.8299,6.8327,6.8354,6.842,6.844,6.8862,6.8974,6.9013,6.904,6.9542,6.9911,7.1054,7.3213,7.3974,7.4003,7.4396,7.4562,7.46,7.5866,7.6106,7.6147,7.6167,7.621,7.6246,7.6292,7.6442
-1.7743,-1.7465,-1.7057,-1.4224,-1.3886,-1.2856,-1.2741,-1.1979,-1.196,-1.0992,-1.0966,-1.0471,-0.9767,-0.9686,-0.8015,-0.7994,-0.7226,-0.7207,-0.5681,-0.4402,-0.3042,-0.2978,-0.2361,-0.2048,-0.1598,-0.1581,-0.1561,-0.1542,-0.1473,-0.1084,-0.0494,-0.0411,-0.0139,0.0148,0.0166,0.0182,0.0201,0.0237,0.0263,0.0287,0.0311,0.0329,0.0368,0.0385,0.0407,0.0424,0.0485,0.1492,0.2553,0.2571,0.2599,0.2644,0.2665,0.2689,0.2707,0.2734,0.2762,0.2781,0.2861,0.3233,0.4615,0.4636,0.4657,0.4951,0.5002,0.5025,0.5055,0.51,0.5137,0.5165,0.5214,0.5231,0.5252,0.5276,0.5299,0.654,0.7355,0.7381,0.7568,0.7606,0.7639,0.7678,0.7718,0.7758,0.7777,0.781,0.7884,0.8881,0.9527,0.9567,0.9592,0.9952,0.9969,1,1.0072,1.0116,1.0132,1.0154,1.0197,1.0287,1.2344,1.2375,1.2955,1.3585,1.3776,1.509,1.5108,1.5146,1.555,1.5744,1.5881,1.5898,1.592,1.624,1.8521,1.8541,2.0227,2.0346,2.0827,2.1834,2.1853,2.1875,2.2804,2.3304,2.3321,2.3804,2.4164,2.4181,2.4751,2.4769,2.481,2.567,2.6284,2.6303,2.8635,2.8653,2.8686,2.9416,2.9436,2.9616,2.9759,3.0048,3.0068,3.0376,3.054,3.0556,3.0605,3.0667,3.0698,3.074,3.0757,3.0778,3.0808,3.0825,3.0856,3.1551,3.194,3.1959,3.2723,3.2743,3.3363,3.3392,3.341,3.3429,3.3459,3.4346,3.4363,3.4402,3.4429,3.4468,3.4511,3.4565,3.4584,3.4678,3.4801,3.4827,3.5357,3.5392,3.5409,3.5427,3.5481,3.5524,3.5542,3.5593,3.6349,3.637,3.6396,3.6415,3.6438,3.6473,3.6494,3.6527,3.6595,3.7795,3.8709,3.961,3.9639,4.0344,4.042,4.0471,4.0505,4.0555,4.0575,4.0595,4.0679,4.2168,4.2232,4.2643,4.3428,4.3485,4.3522,4.5997,4.6065,4.6225,4.7383,4.7518,4.7537,4.9207,4.9225,4.9248,5.0032,5.0049,5.0065,5.0325,5.0342,5.0821,5.2415,5.2435,5.2463,5.2799,5.3413,5.589,5.5909,5.704,5.851,5.8529,6.0402,6.0422,6.0442,6.091,6.0977,6.0996,6.102,6.1046,6.1143,6.2414,6.2451,6.3115,6.3152,6.3774,6.3796,6.3817,6.3844,6.3874,6.4647,6.7427,6.7446,6.7475,6.7548,6.7573,6.774,6.8817,6.9473,6.9582,6.9636,6.9864,7.1196,7.1242,7.1489,7.153,7.2775,7.3756,7.4192,7.421,7.4232,7.5477,7.5543,7.5747

-1.8695,-1.799,-1.6265,-1.6155,-1.6112,-1.5296,-1.189,-1.1787,-1.1747,-1.1506,-0.8601,-0.752,-0.6765,-0.6145,-0.5334,-0.1642,-0.0902,0.0164,0.0184,0.0202,0.0261,0.0307,0.0326,0.0349,0.0402,0.0419,0.0439,0.0481,0.1839,0.2537,0.2557,0.2591,0.261,0.2637,0.2861,0.328,0.3633,0.4956,0.4992,0.5015,0.5035,0.5063,0.5081,0.5128,0.5146,0.5181,0.5254,0.7255,0.7536,0.7563,0.7604,0.7641,0.7707,0.7756,0.8499,0.9154,0.9948,0.9987,1.003,1.0112,1.0202,1.0427,1.0523,1.3034,1.4929,1.5979,1.6543,1.6866,1.8051,1.9501,2.017,2.1457,2.2483,2.2503,2.2561,2.9863,2.9933,2.9953,3.0166,3.0589,3.0621,3.0665,3.071,3.0777,3.1106,3.1754,3.2422,3.295,3.2984,3.3098,3.3115,3.3237,3.3261,3.463,3.5361,3.538,3.5419,3.5454,3.5562,3.6916,3.794,3.7992,3.8011,3.8044,3.8108,3.8248,3.9922,4.0342,4.0381,4.0398,4.0448,4.0481,4.0655,4.0739,4.076,4.2116,4.4168,4.6766,4.7943,5.0099,5.0121,5.1499,5.1627,5.9411,6.1134,6.1176,6.1263,6.4309,6.4338,6.4465,6.4738,6.5492,6.7363,7.0537,7.0622,7.1098,7.2697,7.2713,7.3214,7.3499,7.4272,7.5218,7.5255
-1.7807,-1.6996,-1.6454,-1.621,-1.5663,-1.4905,-1.4887,-1.462,-0.9728,-0.7754,-0.2788,-0.0998,0.0168,0.02,0.0229,0.0284,0.0352,0.0435,0.0454,0.0559,0.0578,0.2544,0.2562,0.2599,0.2638,0.2656,0.2676,0.2694,0.271,0.275,0.282,0.3256,0.4939,0.496,0.5003,0.5065,0.5115,0.6764,0.7548,0.7573,0.7593,0.7619,0.7639,0.7668,0.7766,0.8936,0.9431,0.9957,0.999,1.0008,1.0029,1.0049,1.0065,1.0282,1.0308,1.1029,1.1455,1.1697,2.0109,2.1576,2.2267,2.3125,2.4082,2.4845,2.7296,3.0552,3.0582,3.0638,3.0687,3.072,3.0808,3.0862,3.1028,3.2723,3.2941,3.2975,3.3048,3.3092,3.3245,3.3303,3.4072,3.5348,3.5374,3.5393,3.5414,3.5509,3.5682,3.7794,3.7956,3.7995,3.8015,3.8045,3.809,3.8167,4.0093,4.0342,4.0364,4.0387,4.0469,4.0559,4.0678,4.2288,4.3038,4.645,4.7717,4.9885,5.0147,5.1694,5.3302,5.5867,5.752,5.7616,5.8079,5.8996,5.9396,6.1005,6.1391,6.249,6.308,6.4385,6.8804,7.3651,7.4016,7.4267,7.4743,7.5617
-1.9686,-1.9605,-1.8017,-1.6435,-1.2409,-1.1382,-1.0906,-1.0035,-0.8371,-0.7866,-0.6378,-0.222,-0.2086,-0.0725,-0.0693,-0.0665,0.0134,0.0165,0.0188,0.0237,0.0266,0.0291,0.0313,0.033,0.0376,0.0397,0.0451,0.047,0.0487,0.0535,0.094,0.2045,0.2597,0.2626,0.2674,0.2693,0.274,0.2757,0.2799,0.2853,0.4955,0.4983,0.5003,0.5028,0.5083,0.5189,0.5238,0.7544,0.7568,0.7593,0.7631,0.7708,0.7753,0.78,0.917,0.957,0.9975,1.0002,1.0028,1.0082,1.0279,1.0582,1.1367,1.1429,1.1535,1.1794,1.4312,1.622,2.3913,2.5028,2.7173,2.8967,3.0704,3.0738,3.0769,3.0814,3.0843,3.0867,3.0959,3.0989,3.1624,3.2095,3.3145,3.3178,3.3211,3.3248,3.3316,3.3372,3.3448,3.4943,3.4996,3.5497,3.5513,3.5542,3.558,3.5596,3.5639,3.5753,3.5781,3.7266,3.8099,3.8153,3.8211,3.8247,3.8311,3.8407,3.8436,4.0003,4.0035,4.0498,4.0627,4.0716,4.0769,4.0793,4.1261,4.1707,4.1846,4.2057,4.3588,4.5209,4.6067,4.6176,4.6194,4.6798,4.8017,5.1243,5.3997,5.43,5.4396,5.5115,6.0996,6.1274,6.1295,6.1345,6.1476,6.2047,6.2977,6.3873,6.4433,6.7877,6.85,6.9079,6.9224,7.1935,7.3765,7.5623,7.5912,7.7206
-1.8186,-1.8003,-1.4955,-1.4608,-1.4236,-1.3854,-1.3726,-1.2789,-1.2751,-1.2677,-1.1788,-1.1293,-0.8994,-0.8688,-0.8654,-0.8516,-0.8348,-0.8329,-0.8291,-0.7169,-0.5823,-0.5439,-0.489,-0.3048,-0.2863,-0.2357,-0.232,-0.2047,-0.2029,-0.1993,-0.1862,-0.1776,-0.0514,-0.0455,-0.0428,0.0169,0.0208,0.0228,0.0285,0.0318,0.0336,0.0378,0.1427,0.1984,0.2381,0.2562,0.264,0.2674,0.2693,0.2735,0.2792,0.2856,0.4368,0.4428,0.4969,0.5006,0.5024,0.5043,0.5082,0.5115,0.5131,0.5149,0.5168,0.5227,0.5764,0.6279,0.7551,0.7584,0.7602,0.7619,0.7637,0.7673,0.7727,0.8752,0.886,0.9087,0.9763,0.9954,0.9974,0.9991,1.0011,1.0027,1.0046,1.0063,1.0087,1.0108,1.0126,1.0151,1.0791,1.1661,1.1993,1.2298,1.2761,1.2879,1.3641,1.4955,1.6676,1.753,1.7563,1.7769,1.7795,1.7976,1.8635,1.8726,1.9029,1.9227,1.9265,1.9505,2.075,2.3017,2.319,2.389,2.4572,2.5289,2.9274,2.957,2.959,3.056,3.0577,3.0611,3.063,3.0672,3.0696,3.0726,3.0766,3.0788,3.2969,3.3008,3.3032,3.3054,3.3105,3.3123,3.315,3.3777,3.5352,3.5376,3.5421,3.5438,3.5491,3.5541,3.5559,3.7963,3.7986,3.8021,3.8039,3.8127,3.8188,3.8454,3.98,3.9843,4.0362,4.0385,4.0407,4.0424,4.0463,4.0505,4.054,4.0944,4.3638,4.4204,4.4435,4.4945,4.5532,4.556,4.5592,4.7456,4.8215,4.8358,4.8561,4.9245,4.9753,4.988,5.0919,5.1014,5.1047,5.1067,5.1232,5.1762,5.1818,5.233,5.2376,5.32,5.3238,5.331,5.4614,5.5771,5.593,5.6394,5.6804,5.7192,5.8126,5.8366,5.8879,6.037,6.0714,6.0886,6.1132,6.1152,6.1171,6.1192,6.1282,6.1303,6.1616,6.4482,6.4996,6.503,6.5771,6.6126,6.616,6.6437,6.6591,6.6867,6.8225,6.8448,6.9144,6.9288,6.9316,6.9436,6.9595,7.0534,7.1288,7.1609,7.2198,7.2704,7.2794,7.2863,7.291,7.371,7.41,7.4887,7.4912,7.4929,7.4954,7.5272,7.5459,7.5656,7.5726,7.5788,7.5836,7.5864,7.5931,7.6117,7.6603,7.6637,7.7498
-1.924,-1.8672,-1.8506,-1.8485,-1.4757,-1.4066,-1.4049,-1.3245,-1.3221,-1.2889,-1.1467,-1.0062,-0.9993,-0.8516,-0.848,-0.8463,-0.7212,-0.5936,-0.5722,-0.4048,-0.3754,-0.3737,-0.3543,-0.3205,-0.3188,-0.2858,-0.2837,-0.174,-0.1711,-0.0249,-0.0222,0.0149,0.0165,0.0182,0.0217,0.0249,0.0326,0.0345,0.0378,0.0395,0.0428,0.0455,0.1904,0.1925,0.2383,0.24,0.2549,0.2571,0.2594,0.2615,0.2667,0.2686,0.2715,0.2742,0.2809,0.2826,0.2935,0.2958,0.3801,0.3818,0.3836,0.4254,0.4284,0.4948,0.4982,0.5022,0.5039,0.5065,0.51,0.5151,0.5183,0.5202,0.5257,0.5287,0.5305,0.5501,0.5718,0.68,0.6819,0.6852,0.7549,0.7569,0.7593,0.7609,0.7671,0.7692,0.7747,0.7765,0.7784,0.7823,0.7846,0.7889,0.8227,0.8423,0.8442,0.8993,0.9952,0.9995,1.003,1.0059,1.0078,1.0097,1.0131,1.0186,1.0284,1.0375,1.0493,1.1494,1.1534,1.1823,1.1843,1.2173,1.2442,1.4441,1.4457,1.4476,1.4725,1.5008,1.5054,1.5426,1.5502,1.6511,1.6527,1.6545,1.663,1.6706,1.8818,1.9656,1.9735,1.9755,1.9773,2.0939,2.1756,2.1774,2.3073,2.6837,2.6864,2.7221,2.7237,2.7255,2.7678,2.7707,2.7724,2.7756,2.8162,2.8475,2.8496,2.9849,2.9967,2.9985,3.0704,3.0743,3.0809,3.0826,3.0857,3.0875,3.0909,3.0929,3.0981,3.3094,3.3126,3.3145,3.3204,3.3246,3.3325,3.3344,3.3416,3.5251,3.5272,3.529,3.5498,3.5516,3.5544,3.5567,3.5611,3.5647,3.5665,3.5682,3.5703,3.5721,3.574,3.5768,3.5801,3.5844,3.5863,3.7467,3.7928,3.7945,3.8117,3.8141,3.8208,3.8226,3.8289,3.8308,3.8346,3.8366,3.8385,3.8424,3.8443,3.9818,3.9835,3.9855,4.051,4.0544,4.0563,4.0582,4.0609,4.0641,4.0687,4.0706,4.074,4.0786,4.0807,4.0893,4.0924,4.1651,4.1671,4.2408,4.3068,4.3102,4.4854,4.5249,4.6177,4.6657,4.67,4.7223,4.7538,4.7744,4.8729,5.0691,5.0708,5.0725,5.076,5.0784,5.087,5.247,5.249,5.2974,5.2994,5.3206,5.3318,5.3336,5.514,5.5432,5.5948,5.5985,5.6685,5.6701,5.6722,5.6742,5.7673,5.769,5.7968,5.8147,5.8166,6.0042,6.1155,6.1177,6.1239,6.1259,6.1328,6.375,6.4171,6.4198,6.524,6.5259,6.801,6.8041,6.9822,7.1429,7.2031,7.2318,7.3124,7.3165,7.3187,7.352,7.6853,7.6983,7.7039,7.7134,7.7155,7.7211,7.7228,7.7245,7.7271,7.7288,7.7584
-1.9467,-1.9089,-1.8761,-1.8744,-1.7251,-1.7228,-1.4517,-1.4499,-1.4455,-1.3603,-1.029,-1.005,-0.9186,-0.9129,-0.8868,-0.674,-0.672,-0.4505,-0.3406,-0.2833,-0.1809,-0.0275,-0.0169,0.0153,0.017,0.0196,0.0248,0.034,0.0383,0.0419,0.0439,0.0458,0.1536,0.2262,0.2303,0.2321,0.2547,0.2564,0.2581,0.2614,0.2638,0.2684,0.2721,0.276,0.2868,0.2889,0.3684,0.3703,0.4023,0.4963,0.4994,0.5013,0.5029,0.5058,0.5079,0.5119,0.5156,0.521,0.5253,0.5272,0.5694,0.6163,0.618,0.7552,0.757,0.7592,0.7663,0.7694,0.7717,0.7776,0.7851,0.7867,0.8314,0.8811,0.8829,0.9951,0.9998,1.0049,1.0082,1.0134,1.0151,1.0181,1.0239,1.0256,1.1345,1.1363,1.2789,1.2808,1.3244,1.4,1.4531,1.5493,1.5522,1.6446,1.6462,1.7966,1.8344,1.8506,1.9153,1.9771,2.0352,2.0591,2.1943,2.2196,2.2227,2.3598,2.4201,2.6054,2.6072,2.6092,2.7198,2.7312,2.7456,2.7631,2.8289,2.8649,2.9512,3.0546,3.0565,3.0586,3.0642,3.0667,3.07,3.0718,3.0783,3.0854,3.2273,3.2307,3.2938,3.2979,3.3015,3.3057,3.3079,3.3112,3.3153,3.3202,3.3222,3.3275,3.3293,3.3333,3.357,3.387,3.3889,3.4088,3.4777,3.4794,3.4815,3.5342,3.5358,3.5376,3.5406,3.5437,3.5471,3.5543,3.5559,3.5601,3.564,3.5659,3.5679,3.5698,3.5749,3.6143,3.7339,3.7368,3.7387,3.7944,3.7961,3.798,3.802,3.8054,3.8077,3.8154,3.8179,3.8227,3.8245,3.8295,3.8312,3.9084,3.9101,3.9619,4.0201,4.0344,4.0365,4.0384,4.0447,4.0472,4.0501,4.0543,4.056,4.0579,4.0646,4.0716,4.0737,4.214,4.2219,4.2244,4.3227,4.3245,4.4461,4.4496,4.9986,5.061,5.2327,5.2344,5.4297,5.4315,5.4936,5.7074,5.7092,5.8677,5.87,5.8721,5.9159,5.9177,6.1146,6.1175,6.1208,6.1256,6.1294,6.1338,6.1507,6.2103,6.212,6.2462,6.2482,6.3077,6.3141,6.7073,6.7183,6.776,6.8794,6.9319,6.9337,7.1862,7.2414,7.2445,7.2541,7.2663,7.2681,7.2856,7.2922,7.3506,7.4124
-1.9876,-1.9791,-1.9652,-1.9632,-1.9598,-1.9142,-1.9126,-1.8486,-1.8117,-1.7822,-1.7686,-1.7588,-1.7511,-1.7137,-1.6532,-1.6507,-1.5562,-1.2059,-1.1468,-1.1451,-1.1038,-1.1021,-0.9017,-0.9,-0.831,-0.4168,-0.4151,-0.0282,-0.0206,0.0157,0.02,0.0271,0.0305,0.0351,0.0371,0.0422,0.0484,0.0504,0.1084,0.255,0.2583,0.2602,0.2619,0.2648,0.2666,0.2695,0.2724,0.2747,0.2801,0.2818,0.2852,0.2945,0.3049,0.307,0.3093,0.37,0.4155,0.4571,0.4599,0.4654,0.4959,0.4994,0.5027,0.5067,0.5152,0.5189,0.524,0.5294,0.7527,0.7551,0.7568,0.7595,0.7615,0.7646,0.7684,0.7748,0.7769,0.7795,0.7856,0.7883,0.9965,0.9994,1.0011,1.0038,1.006,1.0174,1.0243,1.0278,1.1419,1.1437,1.1456,1.2447,1.2507,1.2524,1.2548,1.2565,1.5316,1.5972,1.7316,1.8061,1.8612,1.863,1.8829,2.1652,2.1671,2.189,2.1938,2.2094,2.6368,2.8432,3.0177,3.0407,3.0515,3.0536,3.0688,3.0707,3.0743,3.0781,3.0802,3.0838,3.0858,3.0881,3.0911,3.0931,3.0989,3.1008,3.1762,3.1836,3.2242,3.2639,3.3104,3.3148,3.3164,3.3185,3.3214,3.3231,3.3259,3.3279,3.3297,3.3323,3.3339,3.3409,3.3429,3.3453,3.3771,3.3966,3.3986,3.4049,3.4069,3.4088,3.4107,3.4168,3.4863,3.488,3.5348,3.5375,3.5404,3.5497,3.5521,3.5549,3.5588,3.5613,3.5632,3.5655,3.5707,3.5725,3.5743,3.5831,3.585,3.5869,3.6224,3.6478,3.6499,3.8107,3.8142,3.8162,3.8206,3.8242,3.83,3.8332,3.835,3.8368,3.841,3.8439,3.937,3.9387,3.9961,3.9979,4.0018,4.0412,4.0504,4.0521,4.0542,4.0591,4.0638,4.0693,4.0869,4.1697,4.1715,4.1734,4.2226,4.242,4.2437,4.2559,4.2609,4.2653,4.4276,4.5887,4.678,4.6797,4.8322,4.8388,4.9399,4.9662,5.0047,5.1148,5.2047,5.2064,5.398,5.4,5.8488,5.8926,6.0487,6.1294,6.1311,6.1359,6.138,6.1399,6.142,6.1459,6.1789,6.1808,6.2088,6.2873,6.474,6.6098,6.6115,6.8333,6.8354,6.8378,6.8541,6.8576,6.8595,6.9248,6.9267,6.9649,6.9668,6.9728,7.0273,7.0292,7.05,7.0805,7.2433,7.3123,7.3154,7.3171,7.3188,7.4454,7.447,7.5029,7.5317,7.6052,7.6191,7.6521,7.6539
-1.8063,-1.6589,-1.6491,-1.6308,-1.5051,-1.5032,-1.4486,-1.4465,-0.9783,-0.9446,-0.943,-0.8392,-0.669,-0.653,-0.6508,-0.6402,-0.5828,-0.5809,-0.5789,-0.4946,-0.442,-0.439,-0.4363,-0.3907,-0.1999,-0.1973,-0.1952,0.004,0.0151,0.02,0.0217,0.0251,0.0296,0.0314,0.035,0.0372,0.0401,0.0431,0.05,0.1406,0.1427,0.1826,0.2553,0.2586,0.2605,0.2637,0.2659,0.2677,0.2734,0.2756,0.2783,0.283,0.285,0.3546,0.4947,0.4965,0.5005,0.504,0.507,0.517,0.5187,0.5246,0.5368,0.5846,0.5863,0.6263,0.6283,0.7057,0.7075,0.7553,0.7595,0.7617,0.7637,0.7677,0.7706,0.7724,0.7745,0.7761,0.7793,0.7947,0.7975,0.802,0.951,0.9527,0.9958,1.0004,1.0022,1.0039,1.0062,1.0097,1.0136,1.0169,1.023,1.0246,1.0265,1.1228,1.1426,1.1448,1.1638,1.1662,1.2336,1.2355,1.4363,1.5415,1.5433,1.5451,1.5486,1.5506,1.8652,1.867,1.8925,2.1861,2.1922,2.254,2.3593,2.4219,2.5383,2.6503,2.6856,2.6874,2.9405,2.9535,3.0227,3.0531,3.0554,3.0605,3.0635,3.0656,3.0673,3.0752,3.0778,3.0818,3.0888,3.0909,3.0929,3.168,3.1701,3.2266,3.229,3.2886,3.2939,3.2964,3.2991,3.3023,3.3043,3.3069,3.3138,3.3156,3.3176,3.3221,3.3298,3.3647,3.3682,3.5341,3.5361,3.5383,3.5403,3.543,3.5464,3.5482,3.5527,3.5567,3.5632,3.7154,3.7172,3.7954,3.7972,3.799,3.8011,3.8048,3.8089,3.8142,3.8159,3.8227,3.83,4.0111,4.014,4.0297,4.033,4.035,4.0391,4.042,4.0437,4.0455,4.0501,4.0547,4.0563,4.0623,4.064,4.0657,4.1508,4.255,4.2585,4.4496,4.5736,4.6855,4.7132,4.715,4.7748,4.7766,4.8447,4.8464,4.8809,4.8883,4.8902,4.9916,4.9934,5.0035,5.222,5.2239,5.237,5.239,5.2449,5.4027,5.4055,5.4094,5.4334,5.4353,5.4372,5.4652,5.4718,5.4735,5.5419,5.5935,5.5953,5.7647,5.7667,5.9334,5.9353,5.9374,5.9493,5.983,6.0023,6.0534,6.0987,6.1004,6.1026,6.1049,6.1094,6.1112,6.4282,6.8051,6.8783,7.0316,7.0335,7.1491,7.2472,7.249,7.2703,7.2856,7.2941,7.3097,7.3116,7.3168,7.3401,7.3593,7.4279,7.4319,7.498,7.5243,7.5466,7.5493,7.5521,7.6692,7.6723
-1.9849,-1.983,-1.9173,-1.9157,-1.8524,-1.8507,-1.8227,-1.7894,-1.7531,-1.7514,-1.7174,-1.697,-1.5119,-1.5065,-1.2328,-0.9942,-0.8018,-0.7917,-0.7806,-0.7789,-0.5026,-0.501,-0.4994,-0.4838,-0.4818,-0.373,-0.3712,-0.2804,-0.2787,-0.1466,-0.145,0.0151,0.0201,0.0229,0.0275,0.0344,0.0364,0.0403,0.1068,0.1344,0.1363,0.2281,0.2494,0.2559,0.2583,0.2602,0.2619,0.2637,0.2713,0.2731,0.2748,0.2774,0.2842,0.2862,0.2922,0.3282,0.3301,0.4757,0.4777,0.4953,0.4976,0.5005,0.5046,0.5067,0.5133,0.5158,0.5174,0.5244,0.5263,0.5546,0.5741,0.606,0.6078,0.6098,0.7553,0.7577,0.7598,0.763,0.7674,0.7749,0.7771,0.7787,0.7806,0.7894,0.8902,0.9876,0.9894,0.9954,0.998,1.0003,1.002,1.0067,1.0105,1.0147,1.0174,1.0241,1.0572,1.1048,1.1198,1.1974,1.1992,1.2734,1.2754,1.313,1.3183,1.3309,1.4036,1.4784,1.4989,1.6259,1.6557,1.6576,1.6893,1.7138,1.8183,1.8199,1.8445,1.8516,1.8535,1.8783,1.9119,1.9965,2.0872,2.093,2.1641,2.1665,2.2989,2.5608,2.5624,2.606,2.6078,2.6437,2.9478,3.0445,3.0556,3.0595,3.0655,3.0736,3.0761,3.0793,3.0847,3.0901,3.1524,3.1544,3.2401,3.2956,3.2987,3.3013,3.3053,3.313,3.3269,3.3324,3.4143,3.4164,3.4182,3.5346,3.5362,3.539,3.5446,3.5489,3.5525,3.5548,3.5568,3.5592,3.5689,3.6101,3.6441,3.6458,3.7958,3.7993,3.8028,3.8082,3.8149,3.8167,3.8198,3.8219,3.9617,3.9985,4.0013,4.0353,4.0372,4.0388,4.0409,4.0438,4.0478,4.0525,4.0564,4.0616,4.0647,4.076,4.0837,4.2523,4.3168,4.3931,4.5162,4.5179,4.5198,4.5787,4.5803,4.5859,4.9088,5.2263,5.2499,5.2526,5.2564,5.2909,5.3787,5.3855,5.4827,5.4994,5.6132,5.7001,5.7081,5.7608,5.8676,5.8867,5.9014,5.9037,5.9118,5.9612,6.0981,6.1016,6.109,6.1131,6.1328,6.135,6.1838,6.2337,6.2355,6.2716,6.3096,6.3114,6.3595,6.3612,6.4793,6.4878,6.5047,6.5203,6.5728,6.5746,6.6694,6.8092,6.9324,6.9341,6.9359,6.9968,7.0536,7.1953,7.339,7.3408,7.3596,7.3617,7.6099,7.6117,7.6136
-1.9892,-1.7843,-1.7702,-1.749,-1.693,-1.6904,-1.6054,-1.6026,-1.4583,-1.401,-1.3901,-1.3839,-1.2816,-1.2542,-1.1837,-1.0598,-1.0142,-0.9751,-0.9597,-0.8631,-0.6791,-0.5441,-0.5423,-0.3849,-0.383,-0.3618,-0.2612,-0.2594,-0.1842,-0.1224,-0.1203,-0.0168,-0.0078,0.0147,0.0201,0.0234,0.0265,0.0311,0.0343,0.0382,0.0403,0.0439,0.046,0.0527,0.2281,0.2301,0.2322,0.2544,0.2562,0.2589,0.2625,0.2644,0.2678,0.271,0.2806,0.2839,0.2859,0.2934,0.4938,0.4996,0.5033,0.5071,0.5148,0.5164,0.5185,0.5203,0.5311,0.6047,0.6065,0.7548,0.7596,0.7634,0.7672,0.769,0.771,0.7727,0.7754,0.7778,0.7796,0.7854,0.7915,0.8717,0.8741,0.9958,0.9996,1.0022,1.0041,1.006,1.0109,1.0147,1.0186,1.023,1.0307,1.0843,1.1579,1.1598,1.1822,1.2344,1.2748,1.321,1.4563,1.458,1.4725,1.4743,1.6123,1.6142,1.6827,1.6858,2.1881,2.1988,2.2745,2.5278,2.6594,2.6615,2.6774,2.7606,2.7624,2.7772,2.7788,2.8514,2.8677,2.9577,3.0548,3.0583,3.0629,3.065,3.0696,3.0716,3.0734,3.0753,3.0821,3.0852,3.0868,3.0942,3.0959,3.108,3.1999,3.202,3.2314,3.2331,3.2946,3.3008,3.3033,3.3054,3.31,3.3119,3.3144,3.3161,3.3218,3.3235,3.3256,3.423,3.5063,3.5328,3.5345,3.5372,3.5392,3.5422,3.5448,3.5511,3.5532,3.5567,3.5587,3.5605,3.5665,3.7286,3.7316,3.7347,3.793,3.7947,3.7982,3.7999,3.8016,3.8033,3.8084,3.8116,3.8135,3.8198,3.8215,3.828,3.9079,3.9107,3.9837,3.9864,4.0341,4.0387,4.0425,4.0513,4.0568,4.0613,4.063,4.0806,4.1219,4.2882,4.2908,4.3949,4.4233,4.4266,4.4286,4.5031,4.5253,4.5288,4.6215,4.7051,4.7525,4.7554,4.8025,4.8046,4.8086,4.8389,4.8901,4.8929,4.903,4.9828,5.0189,5.0208,5.0773,5.0803,5.0952,5.1143,5.2794,5.3077,5.3103,5.5145,5.5508,5.5528,5.5548,5.6897,5.6928,5.7595,5.8426,5.8637,5.8657,6.1131,6.115,6.1193,6.1255,6.129,6.1316,6.1576,6.1618,6.2057,6.2079,6.3027,6.331,6.3382,6.4691,6.4723,6.4771,6.494,6.5068,6.5226,6.5271,6.5886,6.5919,6.5947,6.5974,6.6362,6.6429,6.654,6.7453,6.7471,6.8662,6.8683,6.8805,6.8822,6.9655,6.9885,7.0014,7.016,7.0183,7.0528,7.059,7.0625,7.1147,7.1443,7.2607,7.3941,7.3959,7.4193,7.4683,7.5057,7.5101,7.5126,7.5605,7.5975
-1.9584,-1.8639,-1.861,-1.7331,-1.5405,-1.5067,-1.4961,-1.4675,-1.4659,-1.4368,-1.4338,-1.4288,-1.3366,-1.3336,-1.1499,-1.0661,-1.0633,-1.0611,-1.0381,-0.9103,-0.9076,-0.8565,-0.8332,-0.789,-0.7029,-0.7001,-0.6984,-0.6137,-0.6083,-0.5926,-0.5894,-0.5104,-0.5079,-0.4686,-0.4152,-0.4123,-0.3215,-0.2746,-0.2302,-0.2189,-0.1553,-0.0788,0.0145,0.0179,0.0205,0.023,0.0286,0.0303,0.0336,0.0369,0.0386,0.0412,0.0444,0.0465,0.05,0.0569,0.1298,0.2193,0.2216,0.2551,0.2579,0.2596,0.2616,0.2659,0.2676,0.2695,0.2713,0.2762,0.28,0.2821,0.29,0.3205,0.4953,0.4982,0.5002,0.5056,0.5083,0.5151,0.517,0.5241,0.5259,0.5275,0.5491,0.6037,0.6067,0.6558,0.6587,0.7007,0.7033,0.7558,0.7592,0.7683,0.77,0.7717,0.7782,0.7812,0.7829,0.7849,0.7942,0.7977,0.9951,0.9991,1.0061,1.0084,1.0102,1.0118,1.0142,1.0161,1.0208,1.0227,1.0243,1.026,1.0304,1.0366,1.0422,1.146,1.1538,1.1565,1.296,1.2988,1.3362,1.3395,1.4986,1.5004,1.5023,1.5043,1.5256,1.5279,1.5295,1.5717,1.6062,1.6089,1.7146,1.7367,1.7398,1.8471,1.8499,1.8529,1.8876,1.8897,2.1553,2.1575,2.1698,2.1728,2.2028,2.2364,2.2388,2.3296,2.3403,2.3587,2.4249,2.4268,2.4363,2.4405,2.4481,2.5006,2.503,2.5772,2.579,2.6144,2.6494,2.6892,2.6917,2.8438,2.9151,2.9453,2.9497,2.9516,3.0499,3.0518,3.0538,3.0557,3.0593,3.0626,3.0677,3.0714,3.0734,3.0753,3.078,3.0825,3.086,3.093,3.2269,3.2294,3.2315,3.2633,3.2938,3.2957,3.2982,3.2998,3.3028,3.3101,3.3119,3.316,3.3199,3.3241,3.3259,3.3417,3.3442,3.4055,3.4342,3.5042,3.534,3.5393,3.5445,3.5491,3.5514,3.557,3.5587,3.5623,3.5676,3.57,3.5837,3.6672,3.7156,3.7185,3.7942,3.7995,3.8043,3.8073,3.8148,3.8169,3.8224,3.8242,3.8284,3.976,3.9813,3.9845,4.034,4.0357,4.0378,4.0396,4.0439,4.0499,4.0558,4.0623,4.2837,4.3692,4.3744,4.4015,4.4059,4.5154,4.5611,4.5717,4.5741,4.5944,4.7005,4.772,4.7738,4.8095,4.8181,4.8233,4.8262,5.1273,5.1524,5.2182,5.231,5.4181,5.4701,5.5013,5.5145,5.5177,5.6305,5.6337,5.6464,5.6484,5.6552,5.6618,5.666,5.7271,5.7568,5.7605,5.8736,5.8769,5.8791,5.9884,5.9909,6.0698,6.0728,6.114,6.1158,6.1187,6.1235,6.1258,6.1285,6.2226,6.2264,6.2877,6.2915,6.3627,6.3659,6.4241,6.4269,6.4301,6.5172,6.52,6.5483,6.5507,6.6116,6.6233,6.6764,6.6938,6.6981,6.737,6.7964,6.7992,6.9382,6.9833,6.9852,7.0097,7.0746,7.0771,7.1114,7.1143,7.1359,7.1391,7.1788,7.1949,7.1984,7.2018,7.3183,7.3381,7.4838,7.5042,7.5854,7.6233
-1.9544,-1.9504,-1.8879,-1.8852,-1.8645,-1.8616,-1.8408,-1.8206,-1.677,-1.5449,-1.5398,-1.5356,-1.1706,-1.1671,-1.0924,-1.0891,-0.9679,-0.911,-0.781,-0.7369,-0.5734,-0.5713,-0.5685,-0.3775,-0.348,-0.3087,-0.2464,-0.1148,-0.072,-0.0102,0.0139,0.0156,0.019,0.0221,0.0259,0.0288,0.035,0.0369,0.0385,0.044,0.0459,0.0516,0.0561,0.2502,0.2537,0.2556,0.2598,0.2636,0.2672,0.2714,0.2753,0.2784,0.2831,0.2851,0.2868,0.2907,0.3155,0.3622,0.3653,0.414,0.417,0.4798,0.4818,0.4955,0.4991,0.5075,0.5096,0.5134,0.5196,0.5213,0.5281,0.7204,0.7266,0.7296,0.7557,0.7581,0.7615,0.7633,0.7679,0.7741,0.7797,0.784,0.7856,0.7886,0.7998,0.8273,0.898,0.9412,0.9936,0.9957,0.9987,1.0008,1.0052,1.0094,1.0112,1.013,1.0163,1.0221,1.0243,1.03,1.0317,1.0342,1.0527,1.0596,1.1426,1.2441,1.2709,1.2754,1.28,1.3541,1.3561,1.5496,1.5524,1.5989,1.6025,1.6056,1.6086,1.7194,1.7218,1.8324,1.8352,1.9051,2.0187,2.0216,2.2974,2.3411,2.3473,2.5068,2.572,2.5749,2.6277,2.6307,2.6516,2.6997,2.7052,2.7854,2.8666,2.9339,2.9359,2.9376,2.9665,2.9683,2.9841,3.0213,3.0327,3.0539,3.0575,3.0613,3.0634,3.0671,3.0689,3.0725,3.0756,3.0828,3.0845,3.0861,3.0887,3.0923,3.2246,3.2277,3.2306,3.295,3.2985,3.3006,3.3031,3.3082,3.3102,3.3147,3.3163,3.3179,3.3216,3.3265,3.3305,3.3325,3.4604,3.4635,3.4671,3.5154,3.5347,3.5383,3.5458,3.5492,3.556,3.558,3.5626,3.5644,3.5884,3.618,3.7948,3.7975,3.8,3.8022,3.807,3.809,3.8148,3.8167,3.8246,3.8365,3.8387,4.0337,4.0353,4.0374,4.0403,4.0425,4.0459,4.0478,4.0545,4.0617,4.0635,4.0727,4.0748,4.1721,4.1755,4.3494,4.4784,4.4812,4.713,4.7171,4.7811,4.7855,4.8965,4.8995,4.9361,4.9852,5.0865,5.089,5.2575,5.3849,5.3866,5.4489,5.4655,5.4899,5.5514,5.5764,5.579,5.6397,5.6426,5.7709,5.8549,5.951,5.9538,6.0311,6.0344,6.0663,6.0708,6.0741,6.0968,6.0996,6.1025,6.1062,6.1424,6.2897,6.2926,6.2967,6.2996,6.3283,6.4269,6.5195,6.7,6.702,6.7435,6.7468,6.7487,6.7505,6.7529,6.7651,6.777,6.7863,6.7885,6.8191,6.8586,6.8645,7.0923,7.1743,7.2222,7.2275,7.2654,7.4502,7.472,7.4807,7.4845,7.5005,7.5075,7.5143,7.5809,7.6103,7.6807
-1.9845,-1.9813,-1.9339,-1.9253,-1.6688,-1.6656,-1.6092,-1.6064,-1.5657,-1.5634,-1.5108,-1.4485,-1.3337,-1.2858,-1.2158,-1.2135,-1.1973,-1.1082,-1.105,-1.0278,-0.9635,-0.9613,-0.9539,-0.9082,-0.904,-0.8868,-0.8845,-0.7808,-0.6801,-0.6568,-0.6547,-0.6368,-0.5734,-0.5716,-0.5079,-0.4131,-0.3746,-0.3723,-0.3139,-0.2805,-0.2666,-0.0612,-0.0579,0.0156,0.0192,0.0236,0.0257,0.0308,0.0345,0.0408,0.0424,0.1793,0.2399,0.2429,0.2447,0.2547,0.2567,0.2594,0.2637,0.2671,0.2734,0.2753,0.2772,0.2796,0.2856,0.2874,0.2923,0.4951,0.4968,0.5003,0.504,0.5092,0.513,0.516,0.5191,0.5239,0.756,0.7583,0.7614,0.7658,0.7704,0.772,0.776,0.7776,0.7804,0.7839,0.8047,0.8175,0.8222,0.9262,0.9669,0.996,1.0001,1.0046,1.0062,1.0091,1.0154,1.0173,1.0192,1.0262,1.047,1.1704,1.264,1.2721,1.3466,1.3496,1.4213,1.5048,1.507,1.5638,1.6556,1.6585,1.6691,1.827,1.8362,1.8466,1.8525,1.8544,1.8562,2.4037,2.4144,2.4241,2.4798,2.5974,2.9071,2.9098,3.0508,3.0527,3.0557,3.0696,3.0714,3.0733,3.077,3.0802,3.085,3.089,3.0964,3.101,3.1147,3.1218,3.1952,3.1986,3.2749,3.2777,3.2811,3.3096,3.3113,3.3142,3.3195,3.3229,3.3249,3.3288,3.3335,3.3426,3.3819,3.4035,3.55,3.555,3.5593,3.5611,3.5677,3.5708,3.5726,3.5783,3.5805,3.6489,3.7325,3.8106,3.8123,3.8152,3.8194,3.8216,3.8233,3.8312,3.8329,3.8363,3.8394,3.8464,3.8508,4.0502,4.0519,4.0552,4.0593,4.0614,4.0635,4.0704,4.0734,4.0754,4.0788,4.0817,4.2334,4.2681,4.2724,4.3888,4.4039,4.4754,4.4932,4.5376,4.5479,4.7965,4.7982,4.8858,5.4536,5.5169,5.6156,5.6184,5.6716,5.6741,5.677,5.7276,5.7298,5.7445,5.8339,5.8957,6.1309,6.1359,6.1405,6.1462,6.2846,6.2876,6.3361,6.3391,6.3434,6.4143,6.4832,6.4868,6.4895,6.6028,6.6683,6.6751,6.6776,6.6873,6.7069,6.7098,6.8466,6.9347,6.9376,7.0157,7.0383,7.0827,7.0855,7.1542,7.1892,7.1983,7.2031,7.2058,7.2076,7.2192,7.26,7.2628,7.4689,7.4726,7.4989,7.5008,7.5047,7.5081,7.5197,7.5257,7.5306,7.584,7.586,7.6131,7.6385,7.6412,7.6499,7.6824,7.6922,7.6978,7.7012,7.7292,7.7576,7.76
-1.9898,-1.6051,-1.602,-1.5843,-1.55,-1.5454,-1.5433,-1.5172,-1.5104,-1.5046,-1.4785,-1.4768,-1.4619,-1.4401,-1.3701,-1.1005,-1.0985,-1.0848,-0.9425,-0.9368,-0.9294,-0.8666,-0.7437,-0.7381,-0.7364,-0.4582,-0.4558,-0.2543,-0.2511,-0.249,-0.1305,-0.1217,-0.1182,-0.091,0.0144,0.017,0.0192,0.0229,0.026,0.0315,0.0363,0.0408,0.0546,0.0826,0.085,0.1926,0.2068,0.2085,0.2561,0.258,0.2608,0.2629,0.2751,0.2781,0.28,0.2823,0.2842,0.3306,0.3328,0.4647,0.4967,0.4984,0.5008,0.5026,0.5043,0.5093,0.5136,0.5164,0.5257,0.5278,0.6243,0.6263,0.6434,0.7551,0.7568,0.7589,0.763,0.7647,0.7668,0.7688,0.7789,0.7833,0.7914,0.9951,0.9969,1.0003,1.0053,1.0088,1.0126,1.0148,1.0219,1.0235,1.0253,1.1465,1.2325,1.2746,1.2813,1.3057,1.4258,1.5083,1.5224,1.5601,1.5663,1.5728,1.603,1.6308,1.6954,1.6972,1.7012,1.7033,1.741,1.7662,1.7881,1.8132,1.8149,1.8457,1.8867,1.889,1.9616,2.073,2.1514,2.2217,2.3077,2.4289,2.4308,2.4394,2.8293,2.9528,2.9549,3.0545,3.0562,3.0596,3.0619,3.0655,3.0676,3.0708,3.0727,3.077,3.0788,3.0806,3.0825,3.0902,3.0919,3.1928,3.1947,3.2955,3.2975,3.2993,3.3014,3.3052,3.3075,3.3093,3.3124,3.3165,3.3263,3.3969,3.5347,3.5363,3.5402,3.5435,3.5456,3.5528,3.5573,3.7141,3.7164,3.7957,3.7976,3.7999,3.8017,3.8055,3.8124,3.8158,3.8236,3.8256,3.9163,3.9194,3.9398,3.9434,3.9779,4.0184,4.0212,4.0364,4.041,4.0492,4.0533,4.0552,4.0609,4.0629,4.0647,4.1949,4.198,4.2002,4.3467,4.3485,4.3501,4.3817,4.3848,4.4832,4.5049,4.5082,4.6219,4.6244,4.8256,5.1267,5.3,5.3071,5.5677,5.5696,5.6737,5.6876,5.7766,5.7795,5.7811,5.8766,6.0212,6.0564,6.0625,6.0984,6.1005,6.1029,6.1099,6.1132,6.1152,6.3504,6.353,6.355,6.4384,6.44,6.4468,6.4516,6.464,6.7231,6.741,6.7824,6.7845,6.7973,6.9084,6.9307,7.0771,7.1089,7.1213,7.1449,7.1549,7.4642,7.5359,7.5785,7.6234,7.653,7.6664
-1.9353,-1.9294,-1.8178,-1.815,-1.7069,-1.7042,-1.4446,-1.4419,-1.4197,-1.3956,-1.3937,-1.221,-1.1769,-1.1753,-0.9415,-0.8979,-0.8511,-0.8488,-0.7469,-0.7406,-0.7042,-0.7021,-0.5977,-0.3003,-0.2293,-0.2274,-0.2115,-0.2085,-0.1978,-0.083,-0.0808,-0.062,-0.06,0.0147,0.0167,0.02,0.0225,0.0262,0.0308,0.0357,0.0375,0.0401,0.0434,0.0494,0.082,0.2353,0.255,0.2582,0.2599,0.2624,0.2654,0.2681,0.27,0.2726,0.2783,0.2906,0.4394,0.4416,0.4576,0.4728,0.4799,0.4958,0.5,0.5019,0.504,0.5085,0.5127,0.5157,0.5186,0.5219,0.6344,0.6366,0.7085,0.7299,0.7318,0.7562,0.7579,0.7606,0.7622,0.7645,0.7692,0.772,0.7757,0.778,0.7807,0.8659,0.8679,0.8949,0.9958,0.9975,1.0008,1.0024,1.0046,1.0099,1.0149,1.0203,1.1298,1.163,1.2093,1.2121,1.3102,1.3905,1.3926,1.4225,1.4244,1.4719,1.4997,1.5144,1.8238,1.9015,1.9064,1.909,1.9865,1.989,2.006,2.0229,2.0855,2.1295,2.1324,2.2144,2.2163,2.28,2.2831,2.4047,2.4063,2.4131,2.4313,2.4341,2.4384,2.4414,2.4699,2.5845,2.5864,2.6081,2.974,2.9759,3.0556,3.0592,3.0616,3.0659,3.0701,3.0746,3.0776,3.0816,3.0866,3.1648,3.2469,3.294,3.2959,3.3001,3.3044,3.3094,3.3126,3.3156,3.3204,3.5347,3.5404,3.5443,3.5504,3.5568,3.5591,3.5608,3.5633,3.7944,3.7975,3.7993,3.8011,3.8062,3.8082,3.8115,3.8151,3.8192,3.8916,3.9405,3.943,3.9465,4.0344,4.0379,4.0403,4.0431,4.0493,4.0541,4.0587,4.0665,4.0699,4.4173,4.5041,4.5126,4.5522,4.5726,4.5746,4.5778,4.7382,4.7454,4.7533,4.7564,4.9509,4.9832,4.986,4.9891,5.1137,5.1156,5.1177,5.2187,5.2339,5.2401,5.2419,5.2459,5.2709,5.2761,5.3215,5.3253,5.3623,5.3644,5.4104,5.423,5.4247,5.6432,5.7828,5.7846,5.7899,5.7974,5.9363,5.9385,5.943,6.0531,6.102,6.1038,6.1069,6.1113,6.1168,6.1758,6.1776,6.2839,6.2859,6.3262,6.3362,6.339,6.4543,6.5128,6.5146,6.6464,6.6509,6.7926,6.7946,6.7997,6.8658,6.8675,6.8887,6.8955,6.9374,6.939,6.9408,7.1637,7.2678,7.2997,7.3024,7.3177,7.3604,7.3663,7.3683,7.4146,7.4165,7.4192,7.4503,7.4591
