-1.9871,-1.9822,-1.9734,-1.9493,-1.7323,-1.6773,-0.463,-0.0653,0.0173,0.02,0.0242,0.0262,0.0285,0.0313,0.0344,0.0418,0.0521,0.0674,0.2832,0.285,0.3367,0.347,0.3967,0.3994,0.4014,0.4031,0.416,0.4202,0.4221,0.5026,0.5046,0.5104,0.5172,0.519,0.6003,0.6022,0.6042,0.6063,0.6092,0.6167,0.6299,0.6712,0.9979,0.9998,1.0018,1.0093,1.0136,1.0162,1.0195,1.0295,1.0339,1.0737,1.2975,1.7473,2.6085,3.0548,3.0591,3.0609,3.0664,3.0693,3.0711,3.074,3.0843,3.0929,3.0971,3.2499,3.423,3.4342,3.4358,3.4389,3.4457,3.4478,3.4549,3.47,3.5057,3.5273,3.5309,3.541,3.556,3.5586,3.5698,3.6398,3.6416,3.644,3.65,3.6564,3.66,4.0418,4.0437,4.0492,4.0544,4.0572,4.0612,4.1027,4.2234,5.1233,6.1031,6.1049,6.1073,6.1145,6.1283,6.1348,6.146,6.3283,6.708,6.9193,7.1772,7.2523,7.2726
0.021,0.0226,0.0245,0.0342,0.0781,0.2971,0.3195,0.3246,0.3311,0.3461,0.3507,0.3629,0.4009,0.4045,0.4106,0.4143,0.4204,0.4465,0.5081,0.51,0.5122,0.5199,0.5995,0.6017,0.6047,0.6068,0.6212,1.0001,1.0018,1.0038,1.0098,1.0174,1.0273,1.0979,2.9462,3.058,3.06,3.0647,3.0663,3.0715,3.0798,3.0816,3.087,3.0951,3.1055,3.2142,3.2303,3.5399,3.5418,3.5445,3.5545,3.5619,3.6396,3.6436,3.6482,3.6522,3.6541,3.656,3.6602,4.0395,4.0474,4.0495,4.0513,4.0554,4.059,4.0629,4.8416,5.4019,6.1009,6.1047,6.1066,6.109,6.1106,6.1131,6.1153,6.1232,6.134,6.1573,6.2195,6.3332,7.3465,7.5165
-1.712,-1.6955,-0.4692,0.0166,0.0194,0.0222,0.0257,0.0294,0.031,0.0364,0.0383,0.042,0.0459,0.0547,0.0625,0.183,0.249,0.2568,0.3972,0.3995,0.402,0.4085,0.42,0.4372,0.4388,0.4408,0.4425,0.4509,0.4559,0.4836,0.4994,0.502,0.5049,0.5077,0.5186,0.5233,0.5994,0.6029,0.6059,0.6122,0.6182,0.63,0.647,0.997,0.9993,1.0025,1.0064,1.0101,1.0174,1.0281,1.0338,1.0536,1.0632,2.2035,2.4765,3.0716,3.0737,3.0755,3.0775,3.0819,3.0915,3.0934,3.123,3.1337,3.1516,3.4105,3.4465,3.4532,3.4552,3.4573,3.4592,3.4621,3.4639,3.4674,3.4703,3.4778,3.4992,3.5188,3.544,3.554,3.5558,3.5613,3.6126,3.6287,3.6547,3.6563,3.6583,3.6604,3.6623,3.664,3.6662,3.6697,3.6802,3.7511,4.0535,4.0555,4.0575,4.0595,4.0623,4.0644,4.0821,4.0842,4.1118,4.1253,4.1849,4.7899,4.996,5.7785,6.1359,6.1378,6.1403,6.1426,6.1444,6.1526,6.1563,6.1622,6.1665,6.1701,6.1912,6.234,6.4679,7.3777,7.4277
-1.4732,-1.4685,-1.4613,-1.3823,-1.3709,-1.3556,-1.3137,-1.0949,-1.0721,-0.7254,-0.5488,-0.3758,0.0175,0.0212,0.0249,0.0265,0.0291,0.0315,0.0331,0.0384,0.0406,0.0479,0.0723,0.3973,0.3996,0.4013,0.403,0.4066,0.4083,0.4116,0.418,0.4204,0.4295,0.5,0.5027,0.5054,0.507,0.5093,0.5124,0.5158,0.5236,0.5461,0.6048,0.6065,0.6091,0.878,1.0018,1.0038,1.0064,1.0096,1.0119,1.0235,1.0277,1.0323,1.0354,1.0512,1.4213,1.4319,1.9442,2.9402,3.0572,3.059,3.0626,3.0657,3.0675,3.0703,3.0738,3.08,3.0829,3.0953,3.2035,3.3709,3.374,3.4369,3.439,3.4431,3.4449,3.4487,3.4505,3.4525,3.4548,3.4565,3.4582,3.4617,3.4782,3.4832,3.4851,3.4938,3.5377,3.5415,3.5432,3.5452,3.5472,3.551,3.5596,3.5637,3.6386,3.6408,3.6443,3.6539,3.6795,3.6848,4.0359,4.039,4.044,4.0461,4.0478,4.0515,4.0536,4.0555,4.0607,4.0787,4.1033,4.2361,4.9546,5.8615,5.8683,5.8732,6.1169,6.119,6.1206,6.1233,6.1258,6.1324,6.1354,6.1372,6.1422,6.1453,6.1534,6.1667,6.1772,6.1908,6.2159,7.2272,7.2629,7.2685,7.4704
-1.5416,-1.5371,-1.5253,-1.5235,-1.4954,-1.0226,-0.1092,0.0022,0.0212,0.0267,0.0292,0.0346,0.0417,0.0437,0.0459,0.0487,0.0539,0.059,0.0608,0.0661,0.0716,0.0758,0.238,0.3093,0.3971,0.4001,0.4056,0.4075,0.4106,0.4139,0.4158,0.4198,0.4224,0.4365,0.4645,0.4907,0.4972,0.5002,0.5067,0.5105,0.5129,0.5386,0.5858,0.6003,0.6034,0.6056,0.6072,0.6091,0.6148,0.6165,0.6186,0.6306,0.6784,0.68,0.6921,0.7107,0.9973,1,1.0101,1.0144,1.0192,1.0256,1.0371,1.0388,1.0429,1.0629,3.0725,3.0747,3.0765,3.0792,3.0871,3.0895,3.0914,3.1032,3.1048,3.1214,3.153,3.1954,3.2181,3.278,3.3673,3.4021,3.4043,3.4514,3.455,3.46,3.4626,3.467,3.4693,3.471,3.4738,3.4782,3.496,3.5037,3.5528,3.5567,3.5614,3.5634,3.5683,3.5803,3.5895,3.6045,3.6549,3.6567,3.6583,3.6601,3.6621,3.6684,3.6701,4.0507,4.0531,4.0548,4.0592,4.0609,4.0642,4.0673,4.0712,4.0729,4.076,4.0905,4.1022,4.1047,4.1119,4.3552,5.5182,5.5271,5.5384,5.6003,5.7707,6.1322,6.1355,6.1374,6.1406,6.1486,6.1535,6.1552,6.1695,6.1716,6.2132,6.321,6.3836,6.418
-1.6803,-1.1502,-0.889,-0.8326,-0.8233,-0.4367,-0.4325,-0.4296,-0.4089,-0.4069,0.0164,0.0189,0.0231,0.0248,0.0274,0.0312,0.0353,0.0463,0.0494,0.0628,0.0712,0.3966,0.3985,0.4017,0.4037,0.4058,0.4076,0.4096,0.4117,0.4163,0.4182,0.4222,0.425,0.4492,0.4557,0.4841,0.4922,0.5001,0.5039,0.5102,0.5119,0.5164,0.5203,0.5524,0.5964,0.5984,0.6005,0.6076,0.6096,0.6113,0.6135,0.6161,0.6181,0.6217,0.6234,0.6251,0.6383,0.6788,0.9309,0.9329,0.9965,0.999,1.0008,1.0037,1.0113,1.0142,1.0171,1.0197,1.0545,1.318,1.3992,1.7099,3.0709,3.0726,3.0746,3.0774,3.0848,3.0869,3.0914,3.0995,3.1025,3.1208,3.1264,3.2506,3.2554,3.326,3.3371,3.3882,3.4069,3.4204,3.4339,3.4525,3.4662,3.4704,3.4731,3.5537,3.5588,3.5616,3.5695,3.5716,3.594,3.6531,3.6554,3.6574,3.6612,3.6649,3.6681,3.6709,3.6759,3.7005,4.0519,4.0539,4.0576,4.0607,4.0624,4.0665,4.0687,4.0706,4.0735,4.0786,5.2519,5.9341,6.1307,6.1325,6.1343,6.136,6.1378,6.1396,6.143,6.1482,6.1499,6.1541,6.1559,6.162,6.1736,6.1756,6.1804,6.1821,6.2967,6.8939,6.8976,6.9309,7.1961,7.2585,7.4575
-1.7428,-1.7374,-1.6384,-1.3362,-1.0994,-1.0903,-1.0728,-1.0614,-1.0575,-1.0304,-0.2404,-0.0913,0.0157,0.0206,0.024,0.0265,0.0284,0.0303,0.0323,0.0368,0.0422,0.0444,0.0575,0.0611,0.0717,0.0736,0.2235,0.3087,0.3947,0.397,0.3989,0.4023,0.4042,0.4059,0.4086,0.4126,0.4145,0.4183,0.4202,0.423,0.4319,0.4403,0.475,0.4783,0.4815,0.496,0.4978,0.4999,0.5027,0.5047,0.5066,0.5087,0.5114,0.5142,0.5159,0.5216,0.5966,0.5982,0.6003,0.6028,0.6047,0.6064,0.615,0.6177,0.6206,0.6224,0.6378,0.6477,0.9962,1.0004,1.0038,1.0057,1.0077,1.0098,1.0118,1.0147,1.0271,1.0489,1.0672,1.1132,1.1624,1.8926,2.1526,2.1549,2.2901,3.0562,3.0579,3.0604,3.0637,3.0669,3.0689,3.0706,3.074,3.0771,3.079,3.0851,3.0868,3.095,3.4328,3.4369,3.4392,3.4425,3.4476,3.4517,3.4609,3.4628,3.4646,3.4686,3.4892,3.5113,3.5376,3.5395,3.5413,3.5432,3.5463,3.5485,3.5513,3.5556,3.5585,3.5602,3.5744,3.6372,3.6409,3.6471,3.6491,3.656,3.6578,3.6637,3.6654,3.6905,3.9318,3.9404,3.9447,3.9836,4.0362,4.0406,4.0429,4.0487,4.0547,4.0606,4.0627,4.0644,4.0698,4.0721,4.0778,4.086,4.0914,4.0977,4.1256,4.1478,4.1987,4.2668,4.4625,5.2899,5.2949,5.3541,5.9459,6.06,6.0806,6.1185,6.1222,6.1238,6.126,6.1316,6.1335,6.1354,6.1381,6.1442,6.1506,6.153,6.1576,6.1856,6.3022,6.4171,6.4602,6.7955
-1.7189,-1.6797,-1.6536,-1.6453,-1.6274,-1.6204,-1.6055,-1.5095,-1.3779,-1.37,-1.2963,-0.7578,-0.5134,0.0157,0.0181,0.0208,0.0277,0.0293,0.031,0.0326,0.0364,0.0472,0.0523,0.3286,0.3383,0.3534,0.3735,0.4015,0.4034,0.4062,0.4108,0.4151,0.4172,0.42,0.439,0.4413,0.482,0.5026,0.5073,0.5104,0.5153,0.5173,0.5219,0.528,0.5466,0.5607,0.5976,0.6017,0.6054,0.6076,0.611,0.614,0.6158,0.6219,0.6243,0.6394,0.6442,0.6515,0.6774,0.6999,0.8986,0.9868,0.9958,0.999,1.0011,1.0027,1.0044,1.0073,1.0091,1.0109,1.0154,1.0241,1.0883,1.3136,1.5732,2.1425,2.1701,3.0704,3.0721,3.0738,3.0758,3.0784,3.0805,3.0827,3.085,3.0872,3.0899,3.0932,3.0994,3.1078,3.1149,3.135,3.3629,3.4499,3.4552,3.4575,3.4609,3.4703,3.4722,3.4894,3.5508,3.5569,3.5586,3.5603,3.5646,3.5687,3.5707,3.5763,3.587,3.6041,3.6521,3.654,3.6568,3.6587,3.6606,3.6631,3.6654,3.6672,3.6742,3.6784,3.6846,3.7088,3.7124,3.8971,3.901,4.0508,4.053,4.055,4.057,4.0588,4.0643,4.0662,4.068,4.0712,4.0774,5.2369,5.9599,5.9617,6.0235,6.0886,6.1319,6.136,6.138,6.1399,6.1417,6.151,6.1587,6.1676,6.1781,6.1822,6.3354,6.6422,6.6642,6.856,6.861,7.0134,7.069,7.1673,7.1691,7.1755,7.2921
-1.6586,-0.9812,-0.5544,0.0153,0.0199,0.0218,0.0243,0.0266,0.0285,0.032,0.0343,0.0371,0.0391,0.0458,0.0476,0.058,0.07,0.3971,0.4061,0.4082,0.4124,0.4142,0.4177,0.4194,0.4235,0.4272,0.429,0.4347,0.4481,0.4512,0.4957,0.4983,0.5009,0.5035,0.5058,0.5099,0.5121,0.5143,0.5159,0.518,0.5199,0.5224,0.5318,0.5363,0.5571,0.5603,0.5966,0.6011,0.6123,0.618,0.6196,0.9271,0.9328,0.9786,0.9953,0.9991,1.0011,1.0061,1.0085,1.0126,1.0149,1.0167,1.0186,1.0262,1.0651,1.0672,1.0747,1.0765,1.1702,1.2169,1.2217,1.4509,1.4595,1.5831,1.6195,1.6274,2.0109,3.071,3.0751,3.0771,3.0789,3.0818,3.0839,3.0856,3.0901,3.1073,3.1288,3.1632,3.4399,3.4466,3.4513,3.4549,3.4605,3.4641,3.4657,3.4715,3.4741,3.4867,3.4959,3.5548,3.5568,3.5588,3.5605,3.5701,3.5735,3.5753,3.5781,3.5944,3.6186,3.6319,3.6557,3.6586,3.6677,3.6694,3.6716,3.6733,3.6755,4.0518,4.0552,4.0591,4.0621,4.0678,4.0697,4.073,4.0803,4.0824,4.096,4.1033,4.2042,4.2307,4.4357,4.7059,4.7394,4.742,4.8148,4.8194,4.9033,4.9358,4.9589,4.9629,5.0812,5.161,5.2254,5.4688,5.7177,5.8521,6.1357,6.1378,6.1398,6.1418,6.1438,6.1483,6.1565,6.1586,6.1713,6.1731,6.1872,6.2233,6.5279,7.053,7.0703,7.085,7.0998,7.1086,7.2635,7.3046,7.3107,7.3423,7.347,7.3594,7.3753,7.3776,7.3795,7.6297
-1.961,-1.9576,-1.9443,-1.9389,-1.9017,-1.6903,-1.2945,-1.197,-1.1949,-0.9178,-0.8648,-0.8438,-0.8412,-0.3944,-0.1122,-0.0374,0.0151,0.017,0.0205,0.0229,0.0249,0.0309,0.0329,0.0347,0.0393,0.0432,0.045,0.0502,0.0521,0.0541,0.3418,0.3723,0.3741,0.3843,0.3888,0.3967,0.4009,0.4061,0.4081,0.4102,0.412,0.4153,0.4187,0.421,0.423,0.4381,0.4432,0.4452,0.4468,0.4983,0.5002,0.5019,0.5037,0.5055,0.5082,0.5102,0.5121,0.5204,0.5948,0.5989,0.6008,0.6044,0.6077,0.6097,0.6118,0.6136,0.625,0.6539,0.6835,0.6899,0.7331,0.7676,0.7756,0.9875,0.9951,0.9978,0.9997,1.0018,1.0038,1.0056,1.0099,1.0173,1.0192,1.0212,1.0271,1.0289,1.0343,1.0419,1.0512,1.0645,1.2674,1.3398,1.3475,1.3497,1.3541,1.375,1.431,1.4367,1.4428,1.4494,1.4517,1.4553,1.4614,1.4703,1.5094,1.7397,2.6141,3.0554,3.0583,3.0615,3.0634,3.0654,3.0686,3.0757,3.0783,3.0802,3.085,3.0921,3.1223,3.1613,3.3317,3.4356,3.4391,3.4421,3.4454,3.4489,3.4506,3.4554,3.4577,3.4596,3.4625,3.4645,3.4713,3.482,3.538,3.5398,3.548,3.5498,3.5536,3.5561,3.5609,3.5832,3.5864,3.619,3.6401,3.6422,3.6445,3.6483,3.6521,3.655,3.657,3.6629,3.677,3.6791,3.6854,3.854,3.9211,3.9264,4.0362,4.0392,4.0416,4.0434,4.0465,4.0512,4.0542,4.0562,4.0592,4.0616,4.0642,4.0663,4.0848,4.2578,4.4146,4.9734,4.9858,6.0025,6.0071,6.0174,6.0235,6.0255,6.0383,6.1142,6.1159,6.1179,6.1224,6.1252,6.1275,6.1319,6.1337,6.1354,6.1372,6.1448,6.1564,6.1812,6.2622,7.1124,7.1144,7.1493,7.6859
-1.6738,-1.4651,-0.9819,-0.9803,-0.9645,-0.4614,-0.2249,-0.0804,-0.0229,-0.0043,0.016,0.0212,0.0228,0.0254,0.027,0.0304,0.0344,0.0361,0.0377,0.0397,0.0472,0.0507,0.0527,0.0551,0.0717,0.0928,0.0947,0.3957,0.3991,0.4011,0.4031,0.4049,0.4069,0.4104,0.4128,0.4149,0.4196,0.4216,0.4252,0.4272,0.4338,0.4359,0.456,0.458,0.4951,0.4968,0.4988,0.5034,0.5082,0.5098,0.5143,0.5199,0.5284,0.531,0.5358,0.5442,0.596,0.5977,0.5996,0.6014,0.6036,0.6052,0.6075,0.6092,0.6109,0.6147,0.6194,0.6224,0.6251,0.6326,0.8615,0.996,1.0002,1.0021,1.0055,1.0073,1.0093,1.0135,1.0204,1.0243,1.032,1.0359,1.0706,1.1409,1.1953,1.2328,1.4697,1.8349,2.177,2.3693,2.378,2.5147,2.5191,2.8574,3.0706,3.073,3.0747,3.0765,3.0817,3.0845,3.0863,3.0912,3.0945,3.0984,3.1018,3.1054,3.1629,3.4512,3.4531,3.455,3.4589,3.4611,3.4633,3.4654,3.4693,3.4713,3.4755,3.4813,3.4832,3.4911,3.4956,3.5018,3.5038,3.5294,3.5349,3.5447,3.5531,3.5567,3.5586,3.5605,3.5643,3.5712,3.5738,3.5763,3.5807,3.6089,3.6531,3.6562,3.6578,3.6612,3.6633,3.6797,3.6913,3.7299,3.7329,3.7345,3.7386,3.8628,4.0512,4.0528,4.0564,4.0592,4.0648,4.0666,4.0684,4.0746,4.0811,4.083,4.0872,4.0889,4.0906,4.0963,4.1001,4.1018,4.1204,4.5312,4.6973,5.2955,5.3163,5.5444,5.8376,5.8814,6.0933,6.1324,6.1358,6.1399,6.1471,6.1516,6.1571,6.1607,6.1627,6.1687,6.1742,6.1766,6.1847,6.2227,6.4334,6.9198,6.9949
-1.7553,-1.736,-1.7247,-1.7215,-1.6953,-1.6882,-1.6821,-1.5867,-1.528,-1.5155,-1.297,-1.2913,-1.28,-1.2704,-1.2687,-1.2462,-0.9262,-0.7647,-0.6502,-0.5062,-0.3889,-0.3799,-0.3779,-0.3295,-0.1531,-0.052,0.0203,0.0226,0.0244,0.03,0.0333,0.035,0.0367,0.0387,0.0411,0.0435,0.0457,0.0553,0.0578,0.0627,0.1543,0.1604,0.2639,0.4003,0.402,0.406,0.41,0.413,0.4171,0.4222,0.4241,0.4284,0.4328,0.4371,0.4704,0.4744,0.4774,0.5039,0.5076,0.5096,0.5184,0.5203,0.5235,0.5252,0.5439,0.5534,0.5682,0.5794,0.5997,0.6016,0.6035,0.6081,0.6131,0.6229,0.6245,0.807,0.8273,0.8398,0.8593,1.0001,1.0036,1.0059,1.0107,1.0159,1.0204,1.0237,1.0257,1.0371,1.0963,1.0989,1.1833,1.3663,1.4284,1.5235,1.7811,1.84,1.8457,1.8528,2.3256,2.3326,2.3615,2.365,2.6177,2.911,3.0752,3.0823,3.0866,3.092,3.0941,3.0962,3.0979,3.1081,3.1124,3.131,3.1336,3.3896,3.3951,3.4329,3.4435,3.4453,3.4473,3.4521,3.4538,3.4565,3.4598,3.4615,3.4665,3.4724,3.4777,3.4793,3.4836,3.4858,3.4891,3.4909,3.4925,3.4956,3.5142,3.5199,3.53,3.5441,3.5597,3.5681,3.5769,3.6561,3.6585,3.6602,3.6625,3.6679,3.6713,3.6729,3.6768,3.6862,3.6963,3.7004,3.7058,3.7094,3.7115,3.7191,3.7215,4.0353,4.0512,4.0547,4.0575,4.0602,4.0624,4.0648,4.0682,4.0716,4.0772,4.0801,4.0827,4.0929,4.0948,4.103,4.2108,4.2369,4.4382,4.561,4.605,4.6153,4.8208,4.8301,5.5068,5.7757,5.7774,5.9635,5.9765,6.1335,6.1357,6.1392,6.1454,6.148,6.152,6.1572,6.1637,6.1707,6.1775,6.1869,6.1896,6.1918,6.2464,6.2742,6.3063,6.4132,6.4447,6.7774,7.0812,7.0848,7.0869,7.111,7.1129,7.1201,7.6211
-1.8802,-1.877,-1.6637,-1.6329,-1.6124,-1.1905,-1.187,-1.1546,-1.1344,-1.0723,-1.0662,-1.0433,-1.0365,-1.0084,-1.0015,-0.9977,-0.8151,-0.793,-0.7895,-0.7827,-0.7359,-0.7199,-0.708,0.0163,0.0182,0.0202,0.0222,0.024,0.026,0.0284,0.0301,0.0328,0.0359,0.0378,0.0397,0.0431,0.0593,0.068,0.0907,0.139,0.172,0.2455,0.2623,0.2878,0.3974,0.3992,0.4029,0.4045,0.4069,0.409,0.4124,0.4148,0.4193,0.421,0.4303,0.447,0.48,0.5007,0.507,0.5112,0.5164,0.519,0.5251,0.5269,0.5966,0.6006,0.6063,0.6096,0.6125,0.6142,0.6167,0.6187,0.6221,0.6252,0.6436,0.6684,0.8845,0.9979,0.9996,1.0021,1.0046,1.0069,1.0115,1.0135,1.0164,1.0213,1.0268,1.0499,1.2052,1.2117,1.3691,1.5821,1.595,1.7719,2.3118,2.3958,2.4011,2.5824,3.0558,3.0575,3.0595,3.0654,3.0723,3.0748,3.079,3.0807,3.1208,3.1225,3.1271,3.2199,3.2346,3.2461,3.248,3.32,3.4377,3.4401,3.4447,3.4482,3.45,3.4517,3.4554,3.458,3.46,3.4656,3.4674,3.4845,3.4865,3.4918,3.496,3.5215,3.5367,3.544,3.5482,3.5499,3.5518,3.555,3.5599,3.5616,3.5735,3.5753,3.6402,3.6446,3.6478,3.65,3.6519,3.6574,3.6635,3.8529,3.9743,4.0403,4.043,4.0448,4.0467,4.0483,4.0529,4.0577,4.0596,4.0652,4.074,4.1214,4.2695,5.1808,5.3203,5.4508,5.4581,5.6663,5.9631,6.1143,6.1164,6.118,6.1225,6.1273,6.1293,6.1321,6.134,6.1373,6.1417,6.1435,6.1464,6.1498,6.1606,6.1626,6.17,6.172,6.1796,6.3315,6.3375,6.3533,6.3893,6.5017,6.7103,6.9207,6.9335,6.9476,7.0431,7.1438,7.1954,7.4701,7.516
-1.7116,-1.5501,-1.5428,-1.5385,-1.0243,-0.5781,-0.3027,-0.1574,0.0116,0.0183,0.0203,0.022,0.0237,0.0262,0.0304,0.032,0.0363,0.038,0.0411,0.043,0.046,0.0485,0.0597,0.0711,0.1648,0.2276,0.2379,0.2965,0.3984,0.4011,0.4034,0.4059,0.408,0.412,0.4139,0.4244,0.4343,0.4624,0.5003,0.5022,0.5043,0.5063,0.5098,0.5116,0.516,0.519,0.5219,0.599,0.6008,0.603,0.6047,0.6065,0.6084,0.6105,0.6138,0.6174,0.6224,0.682,0.7595,0.7795,0.8062,0.9983,1.0003,1.002,1.0079,1.0096,1.0118,1.0167,1.0223,1.0289,1.0542,1.0601,1.0617,1.2543,2.6603,3.0742,3.0776,3.0837,3.0912,3.0948,3.0968,3.104,3.1075,3.1168,3.126,3.135,3.3265,3.362,3.4511,3.4553,3.4584,3.4603,3.4624,3.4643,3.4661,3.471,3.4742,3.476,3.4811,3.4931,3.4963,3.5075,3.5133,3.5158,3.5537,3.5563,3.559,3.5611,3.5671,3.5713,3.5734,3.6541,3.656,3.6577,3.6596,3.6626,3.6672,3.6736,3.6795,3.737,3.7517,3.7594,3.8452,3.9235,3.9317,3.9412,4.0514,4.0549,4.0566,4.0584,4.0601,4.0634,4.0671,4.0728,4.0751,4.0785,4.0802,4.0822,4.0862,4.0903,4.287,4.4747,5.3346,5.8352,5.8585,6.0991,6.1122,6.114,6.1317,6.1336,6.1357,6.1374,6.1403,6.144,6.1582,6.16,6.1631,6.1662,6.1678,6.1761,6.1979,6.2615,6.3982,6.4688,6.4743,6.7708,6.821,7.0507,7.0548,7.0568,7.0665,7.0839,7.1277,7.5999
-1.8533,-1.8164,-1.7317,-1.7222,-1.5799,-1.4994,-1.4801,-1.4733,-1.4661,-1.4494,-1.3877,-1.3794,-1.3778,-1.3492,-1.2612,-1.2556,-1.2363,-1.2187,-1.217,-1.2057,-1.1938,-0.9949,-0.9817,-0.9728,-0.9668,-0.9581,-0.9403,-0.9319,-0.7819,-0.7728,-0.751,-0.7425,-0.7318,-0.6628,-0.6364,-0.6265,-0.6196,-0.5289,-0.2147,0.0169,0.0192,0.0209,0.0232,0.0252,0.0271,0.0327,0.0346,0.0367,0.0406,0.047,0.049,0.052,0.0598,0.066,0.1622,0.3271,0.3974,0.3991,0.4025,0.407,0.41,0.4134,0.4203,0.4224,0.4437,0.4994,0.5033,0.5075,0.5136,0.5182,0.5201,0.5236,0.5382,0.5401,0.5533,0.595,0.5969,0.5989,0.6009,0.6033,0.6055,0.6083,0.6113,0.6139,0.6195,0.6257,0.6363,0.7215,0.733,1.0001,1.0019,1.0045,1.0068,1.0084,1.0126,1.0165,1.0181,1.0199,1.0215,1.0248,1.0322,1.0374,1.1892,1.2891,1.2908,1.2925,1.298,1.3021,1.3074,1.339,1.5893,1.683,2.2002,2.2031,2.2098,2.5334,2.838,2.9273,3.0317,3.0473,3.057,3.0727,3.0744,3.0773,3.079,3.0809,3.083,3.0847,3.0865,3.0893,3.0931,3.095,3.0984,3.1111,3.1186,3.1262,3.1284,3.1304,3.238,3.2405,3.3942,3.4483,3.4508,3.4551,3.4574,3.4627,3.4759,3.4929,3.4947,3.5112,3.5293,3.5537,3.5553,3.5576,3.5649,3.5703,3.5752,3.5779,3.5798,3.583,3.6536,3.6583,3.6601,3.6645,3.6688,3.6772,3.7239,3.913,4.0426,4.0498,4.0516,4.0535,4.0556,4.0573,4.0594,4.0632,4.0653,4.0684,4.0708,4.0728,4.1302,4.1711,4.2974,4.3001,4.3142,5.6649,5.6751,5.6783,5.805,5.8128,5.8442,5.9707,6.002,6.0055,6.1299,6.1319,6.1352,6.1369,6.1389,6.1421,6.1438,6.1459,6.1503,6.1604,6.1623,6.164,6.1674,6.1723,6.1748,6.1829,6.2905,6.4108,6.441,6.4427,6.4514,6.7357,6.7437,6.766,6.8453,6.8981,6.9698,6.9864,7.5066,7.7041,7.7063

-0.4303,-0.4184,-0.3902,-0.3835,-0.38,-0.3092,-0.2817,-0.1756,0.0193,0.0232,0.0265,0.0312,0.0338,0.0356,0.0418,0.05,0.0532,0.3958,0.4,0.4042,0.4097,0.4172,0.4334,0.4436,0.4494,0.5015,0.5058,0.5173,0.5191,0.5247,0.5335,0.5997,0.6014,0.6032,0.6159,0.622,0.6536,0.9975,1.0015,1.008,1.01,1.0142,1.0162,1.019,1.0266,3.0742,3.0782,3.0798,3.0822,3.0882,3.0948,3.0974,3.1106,3.113,3.12,3.19,3.3143,3.3163,3.324,3.3289,3.3318,3.3351,3.3368,3.3467,3.3502,3.3739,3.5543,3.5562,3.5701,3.5718,3.8152,3.8206,3.8251,3.8321,3.8524,3.8563,3.869,3.8829,3.9838,4.0536,4.0558,4.0577,4.0632,4.0713,4.0737,4.0812,4.0865,4.1287,4.3865,5.1207,6.1333,6.1362,6.1387,6.1404,6.142,6.1442,6.1517,6.1539,6.1575,6.166,6.1777,6.2,7.3137,7.6194
-0.896,-0.8875,-0.8837,-0.877,-0.7649,-0.7449,0.0193,0.021,0.0231,0.0249,0.0271,0.0292,0.0318,0.0343,0.038,0.0411,0.043,0.0515,0.0577,0.3979,0.3995,0.4014,0.4031,0.4049,0.4086,0.4107,0.4126,0.4143,0.4163,0.4243,0.4365,0.4649,0.4836,0.4993,0.501,0.5032,0.506,0.5108,0.5125,0.5143,0.5174,0.5251,0.5314,0.5416,0.5541,0.5977,0.6004,0.6021,0.6038,0.6088,0.6105,0.6255,0.7388,0.9996,1.0016,1.0036,1.0058,1.0086,1.0127,1.0145,1.0162,1.0185,1.0289,1.04,1.047,1.0571,1.064,1.0726,2.1924,2.7886,3.0704,3.0731,3.0768,3.0788,3.0828,3.0849,3.0917,3.0934,3.0957,3.0997,3.109,3.1107,3.169,3.3128,3.3148,3.3172,3.3251,3.3274,3.3325,3.3624,3.5543,3.5583,3.5636,3.5666,3.5682,3.572,3.5808,3.8131,3.8171,3.819,3.8234,3.825,3.8297,3.8345,3.8461,3.9659,4.0532,4.0548,4.0596,4.0614,4.0735,4.0799,5.3883,6.1373,6.139,6.1461,6.1478,6.1497,6.1532,6.1588,6.169,6.1893,6.3937,6.4159,6.9159
-1.8695,-1.854,-1.1328,-1.1303,-1.1194,-1.1094,-0.88,-0.785,0.0189,0.0212,0.0238,0.0288,0.0387,0.0456,0.0487,0.0508,0.0541,0.0774,0.1508,0.2148,0.3975,0.404,0.4075,0.4236,0.4307,0.4463,0.4572,0.4806,0.5024,0.5042,0.5096,0.541,0.6001,0.6045,0.6069,0.6088,0.621,0.634,0.9992,1.0012,1.0033,1.0071,1.0091,1.0108,1.0136,1.018,1.0235,1.0262,1.2157,2.6474,3.0722,3.0745,3.0775,3.0796,3.0828,3.0943,3.096,3.1085,3.1102,3.3114,3.3131,3.3162,3.3188,3.3241,3.336,3.3422,3.356,3.3604,3.3666,3.3887,3.5542,3.557,3.5619,3.5637,3.5666,3.5766,3.6046,3.6127,3.7461,3.814,3.8167,3.8205,3.8253,3.8281,3.83,3.8317,3.8505,4.0545,4.0565,4.0589,4.0641,4.0673,4.0738,4.6716,4.6885,5.4199,6.1202,6.1248,6.1281,6.1301,6.1378,6.1405,6.1442,6.1508,6.1542,6.1576,6.1596,6.1643,6.186,6.2195,6.8553
0.0217,0.0236,0.0255,0.0316,0.0373,0.0392,0.0433,0.0515,0.0675,0.0832,0.3955,0.3975,0.3993,0.403,0.4055,0.4081,0.4152,0.4199,0.4245,0.43,0.4329,0.4463,0.4758,0.4975,0.5007,0.5025,0.5049,0.5071,0.509,0.5107,0.5139,0.5181,0.5278,0.5997,0.6018,0.6074,0.6136,0.6184,0.6211,0.6265,0.7913,0.9996,1.0039,1.0056,1.0079,1.0114,1.0166,1.0193,1.0223,1.0253,1.0695,1.1476,1.4074,1.4224,1.5707,1.6171,1.6202,1.91,1.9117,3.0725,3.0765,3.0785,3.0818,3.0838,3.0883,3.0993,3.1076,3.1181,3.1358,3.3116,3.3139,3.3158,3.3177,3.3201,3.3221,3.3262,3.3278,3.3342,3.348,3.3498,3.3599,3.3952,3.4514,3.5507,3.5525,3.5551,3.5584,3.5603,3.5634,3.5654,3.5674,3.5695,3.5768,3.5868,3.6212,3.6707,3.8151,3.8171,3.819,3.8227,3.8245,3.8276,3.8395,3.8525,3.8693,3.8754,3.8815,4.0525,4.0544,4.0563,4.0584,4.0601,4.0654,4.071,4.3246,5.5583,6.1236,6.1255,6.1272,6.1352,6.1431,6.1548,7.068,7.0786,7.1021
-1.8938,-1.7225,-1.6958,-1.6417,-1.4788,-0.6999,-0.0161,0.0174,0.0191,0.0231,0.0263,0.03,0.0335,0.0356,0.0385,0.0419,0.0436,0.0455,0.0546,0.0746,0.0955,0.1403,0.1726,0.1745,0.3744,0.381,0.3964,0.398,0.3997,0.4028,0.4073,0.4091,0.4112,0.4129,0.4148,0.4168,0.4234,0.4523,0.5011,0.5027,0.5061,0.5079,0.514,0.5158,0.5192,0.521,0.5228,0.5373,0.598,0.6057,0.6168,0.6196,0.6224,0.6269,0.6584,0.6707,0.922,0.9306,0.9965,0.9982,1.0017,1.0035,1.0054,1.0072,1.0095,1.0117,1.0152,1.0192,1.025,2.1265,2.3914,2.394,3.0738,3.0755,3.0774,3.0802,3.0819,3.0839,3.089,3.0942,3.0959,3.1011,3.1133,3.1159,3.3116,3.3136,3.3155,3.3195,3.3225,3.3283,3.33,3.3341,3.3358,3.339,3.3461,3.4324,3.5587,3.5616,3.5706,3.5876,3.5913,3.618,3.6898,3.8159,3.8179,3.8199,3.8279,3.8301,3.8383,3.8446,3.8811,4.0519,4.0546,4.0577,4.0595,4.0616,4.0636,4.0666,4.099,4.1079,4.1102,4.2096,5.6199,6.1342,6.1369,6.1397,6.147,6.1496,6.1625,6.1738,6.1796,6.184,6.2729,6.3901,6.4541,6.7928,7.2018,7.211,7.5727,7.5921
-1.9956,-1.7849,-1.78,-1.6824,-1.6748,-1.653,-1.1381,-0.4214,0.019,0.022,0.0255,0.0298,0.0334,0.037,0.042,0.0454,0.0473,0.0519,0.0581,0.0599,0.0672,0.3144,0.3979,0.4014,0.4033,0.4077,0.4135,0.416,0.4204,0.4369,0.4386,0.4433,0.4539,0.4559,0.4657,0.473,0.4989,0.5008,0.5037,0.5128,0.5146,0.5225,0.5584,0.6016,0.6035,0.6115,0.6134,0.6165,0.6191,0.631,0.6355,0.6564,0.6712,0.6782,0.9969,0.9987,1.0036,1.0058,1.0078,1.0102,1.0118,1.0149,1.0182,1.0242,1.0294,1.0313,1.0548,1.1034,1.6078,1.9613,1.9669,1.9704,1.9983,2.7809,2.9311,3.0719,3.0755,3.0831,3.0864,3.0888,3.0906,3.0973,3.1171,3.1197,3.3119,3.3139,3.3166,3.3204,3.3221,3.3287,3.3374,3.3447,3.3466,3.3598,3.3666,3.3734,3.3807,3.5514,3.5576,3.5621,3.5639,3.5845,3.5868,3.5896,3.6452,3.7118,3.7836,3.8117,3.8133,3.8157,3.8177,3.82,3.8258,3.8358,3.84,3.8427,3.8519,3.925,4.052,4.0612,4.0628,4.0663,4.0726,4.0762,4.0822,4.0854,4.1616,4.3774,5.1093,5.6553,5.8348,5.8519,5.8536,6.135,6.1382,6.1426,6.1458,6.1477,6.1497,6.1521,6.1587,6.1616,6.1642,6.166,6.1761,6.1788,6.3114,6.8184,6.8254,6.8296,6.8313,7.4466,7.5237,7.5639
-1.9718,-1.8855,-1.8276,-1.5017,-1.3142,-1.2851,-0.7962,-0.341,-0.3381,0.0159,0.0185,0.0205,0.0229,0.0251,0.0279,0.0296,0.0336,0.0357,0.0374,0.0403,0.0424,0.0733,0.0754,0.0897,0.4018,0.4043,0.4075,0.4092,0.4121,0.4142,0.4193,0.4213,0.4265,0.4311,0.4371,0.4475,0.4643,0.4661,0.4977,0.4994,0.5029,0.5086,0.5135,0.5159,0.5176,0.5227,0.5319,0.539,0.543,0.5973,0.6004,0.6043,0.606,0.6089,0.6113,0.6154,0.617,0.619,0.653,0.8843,0.8958,0.9431,0.9961,1.0004,1.0039,1.0059,1.0081,1.01,1.0119,1.0166,1.0226,1.0247,1.0275,1.0436,1.3492,1.3546,1.5266,1.8224,1.8252,3.0555,3.0603,3.0636,3.0657,3.0674,3.0695,3.0714,3.0801,3.091,3.2964,3.2986,3.3013,3.3034,3.3096,3.3126,3.3212,3.3281,3.331,3.3448,3.3466,3.4612,3.5356,3.5383,3.5417,3.5436,3.5476,3.5505,3.5569,3.7993,3.8014,3.8033,3.8076,3.8093,3.8111,3.8414,3.8746,3.8796,4.0398,4.0417,4.0444,4.0465,4.0502,4.0522,4.0551,4.0593,4.0671,4.0741,4.0957,4.4569,5.2625,6.0192,6.119,6.1208,6.1255,6.1274,6.1333,6.1367,6.1551,6.1568,6.1617,6.1651,6.1734,6.1995,6.2013,7.0848,7.3252,7.4796,7.5004,7.5124,7.5534,7.5574,7.6581,7.6631
-1.894,-1.8824,-1.8462,-1.4603,-1.4585,-1.4567,-1.447,-1.4424,-1.3831,-1.3643,-1.3079,-0.7174,-0.6848,-0.0407,0.0151,0.0192,0.021,0.0236,0.0255,0.0288,0.0322,0.034,0.0359,0.0409,0.0451,0.0467,0.0486,0.0508,0.2584,0.3685,0.3857,0.3938,0.3957,0.3998,0.4018,0.404,0.4061,0.409,0.4106,0.4134,0.4157,0.4177,0.4198,0.4372,0.4502,0.4652,0.47,0.4731,0.4765,0.5006,0.5025,0.5041,0.5061,0.5095,0.5144,0.5205,0.5229,0.5278,0.6021,0.6048,0.609,0.6118,0.6138,0.6157,0.6175,0.6193,0.6217,0.6265,0.6405,0.6529,0.9364,0.9963,0.9995,1.0014,1.0053,1.007,1.009,1.0108,1.0125,1.0154,1.0171,1.028,1.0301,1.0442,1.0496,2.7222,2.7507,2.8471,2.8509,2.8611,2.863,3.0701,3.072,3.0749,3.0793,3.0947,3.1217,3.1246,3.1293,3.138,3.1516,3.3003,3.3107,3.3243,3.3263,3.3295,3.3315,3.3396,3.4319,3.5456,3.5509,3.5528,3.5548,3.5566,3.5597,3.5644,3.5678,3.5709,3.5735,3.5888,3.6999,3.7361,3.8127,3.8145,3.8166,3.8185,3.8213,3.8244,3.8262,3.8305,3.8325,3.837,3.8486,3.8961,4.0525,4.0564,4.0587,4.0626,4.065,4.0694,4.0745,4.0776,4.1622,4.1734,4.3207,5.1651,5.4756,5.9839,5.9881,5.9918,6.0051,6.0069,6.1157,6.1349,6.1404,6.1422,6.1479,6.1647,6.1685,6.171,6.3756,6.9309,6.9768,6.9841,6.9901,7.6966
-1.6826,-1.6758,-1.598,-1.4989,-1.2276,-0.4443,-0.1043,0.0157,0.0203,0.0221,0.0248,0.0265,0.0299,0.0317,0.0428,0.046,0.0476,0.0553,0.0656,0.2629,0.3959,0.398,0.4019,0.4035,0.407,0.4134,0.4159,0.4213,0.43,0.4536,0.4998,0.503,0.5051,0.5084,0.5104,0.5122,0.5173,0.5298,0.5401,0.5497,0.5515,0.5963,0.5982,0.6007,0.6026,0.6064,0.6089,0.6173,0.6192,0.6334,0.6369,0.6684,0.708,0.7248,0.8745,0.9961,0.9992,1.0029,1.0057,1.0108,1.0126,1.0168,1.0199,1.0258,1.0302,1.1573,1.2361,1.2745,2.5179,2.7117,2.7135,2.8855,2.9011,3.0704,3.0724,3.0743,3.0785,3.0818,3.0855,3.0924,3.0969,3.1015,3.1033,3.2373,3.3106,3.3126,3.3178,3.3195,3.3214,3.3261,3.3319,3.335,3.3369,3.353,3.3611,3.5562,3.5578,3.5678,3.571,3.5728,3.5756,3.6041,3.6176,3.6253,3.6612,3.7028,3.8101,3.8118,3.8157,3.8173,3.8238,3.8269,3.83,3.8351,3.8454,3.8702,3.8751,3.9379,3.9413,3.9545,3.9576,4.0505,4.0537,4.0554,4.0583,4.061,4.0629,4.6286,4.6346,6.0184,6.0596,6.1327,6.1349,6.1366,6.1408,6.1429,6.1454,6.1472,6.1536,6.1555,6.1573,6.159,6.1609,6.1656,6.1716,6.1788,6.1809,6.1867,6.2027,6.2055,6.2124,6.2298,6.2399,6.3809,6.3856,6.398,6.7123,6.7155,6.7203,6.7473,6.8899,7.2324,7.2488,7.4958,7.6265,7.6782,7.6834,7.6866,7.6912,7.6956,7.7006,7.7057
-1.6582,-1.6532,-1.649,-1.6264,-1.5607,-1.5003,-1.4601,-1.1642,-0.8843,-0.8795,-0.8639,-0.7798,-0.3318,-0.3259,-0.3218,-0.264,-0.172,-0.1628,0.0161,0.0178,0.0199,0.0233,0.025,0.0282,0.0321,0.034,0.037,0.0388,0.0408,0.0425,0.0449,0.0577,0.2085,0.2134,0.2614,0.3573,0.376,0.3781,0.395,0.3968,0.3991,0.4009,0.4041,0.4092,0.412,0.4157,0.4194,0.4226,0.4265,0.4281,0.4302,0.4385,0.4403,0.4682,0.4973,0.5011,0.5054,0.507,0.509,0.5129,0.5147,0.5227,0.5422,0.5944,0.5994,0.6014,0.6031,0.6048,0.6086,0.6138,0.6173,0.6193,0.6276,0.7167,0.7216,0.8901,0.9247,0.9996,1.0025,1.0045,1.0064,1.0093,1.0146,1.02,1.0224,1.026,1.0378,1.0471,1.1957,1.2348,1.3373,2.4127,2.6889,2.784,3.0493,3.0543,3.0559,3.0589,3.0616,3.0649,3.0735,3.0763,3.0784,3.0823,3.085,3.0959,3.2944,3.2987,3.3007,3.3034,3.3057,3.3076,3.3111,3.3177,3.3209,3.3347,3.3706,3.4384,3.4453,3.5291,3.5378,3.5402,3.5419,3.5436,3.5458,3.5484,3.5559,3.5586,3.5605,3.5626,3.5673,3.5803,3.5949,3.647,3.6817,3.7957,3.7985,3.8017,3.8041,3.8062,3.8078,3.8105,3.8155,3.8176,3.8233,3.825,3.8295,3.8325,3.837,3.8494,3.858,3.9081,4.0354,4.0384,4.0401,4.0488,4.0543,4.0584,4.0603,4.0621,4.0642,4.068,4.0703,4.0767,4.0809,4.089,4.5767,4.615,5.8421,6.1217,6.1298,6.1353,6.1451,6.1556,6.1605,6.1625,6.1643,6.175,6.1864,6.3838,6.9378,7.1935,7.3489,7.4018,7.4092
-1.4859,-1.4142,-1.3557,-1.2857,-0.9745,-0.5701,-0.5152,-0.5013,-0.4761,-0.1871,0.0162,0.0178,0.0196,0.0236,0.0258,0.0279,0.031,0.0328,0.0352,0.0373,0.0393,0.0428,0.0478,0.0523,0.0578,0.0594,0.0611,0.0683,0.1139,0.3952,0.3969,0.3998,0.4025,0.4047,0.4067,0.4084,0.4103,0.4137,0.4169,0.4188,0.4209,0.4303,0.4359,0.4409,0.4434,0.4643,0.4692,0.5023,0.5062,0.5079,0.5096,0.5154,0.5194,0.5231,0.5302,0.5336,0.5467,0.5505,0.5986,0.6004,0.6021,0.6039,0.6057,0.6074,0.6142,0.6189,0.6403,0.6424,0.6598,0.7354,0.9087,0.9971,1.0002,1.0022,1.0066,1.0136,1.0172,1.0215,1.0235,1.0278,1.0425,1.0442,1.048,1.271,1.2729,1.455,1.9497,1.952,2.3159,2.6773,3.0706,3.0723,3.0746,3.0783,3.0803,3.0822,3.0911,3.0928,3.0946,3.0974,3.1136,3.1857,3.3133,3.3162,3.319,3.3208,3.3228,3.326,3.3295,3.3354,3.3374,3.3422,3.3461,3.3498,3.4402,3.4654,3.4765,3.5511,3.5543,3.558,3.5599,3.5623,3.5639,3.5657,3.5701,3.575,3.5801,3.5875,3.6065,3.6255,3.6684,3.7449,3.815,3.8207,3.8234,3.8277,3.8296,3.8347,3.8405,3.849,3.8575,3.874,4.0512,4.0532,4.0552,4.0609,4.0628,4.0712,4.074,4.0764,4.0947,4.103,4.2315,4.439,4.6143,4.8197,4.8342,5.0455,5.0488,5.0533,5.8856,6.1293,6.1313,6.1342,6.1378,6.14,6.1416,6.1443,6.1463,6.1495,6.1511,6.1617,6.1634,6.1775,6.1857,6.1875,6.2328,6.3927,6.5912,6.7672,6.7705,6.7723,6.9748,6.9863,6.9987,7.1216,7.4377,7.615
-1.9784,-1.8993,-1.8706,-1.7067,-1.7007,-1.5844,-1.5798,-1.5775,-1.5442,-1.2141,-1.1966,-1.1691,-0.9478,-0.9201,-0.8158,-0.7871,-0.7656,-0.6429,-0.6407,-0.613,-0.4798,-0.364,-0.3196,-0.3033,-0.1453,0.0156,0.0174,0.0198,0.0218,0.0236,0.0274,0.0291,0.0329,0.0392,0.041,0.0437,0.0463,0.0501,0.0537,0.0627,0.3499,0.3997,0.4046,0.409,0.411,0.4162,0.4179,0.4223,0.424,0.4286,0.4372,0.4513,0.4566,0.4922,0.4998,0.5015,0.5067,0.5085,0.5102,0.5141,0.5173,0.5189,0.5236,0.5262,0.5317,0.6012,0.6041,0.6095,0.6114,0.6165,0.6185,0.6211,0.6229,0.6382,0.8239,0.8349,0.9987,1.0009,1.0043,1.0089,1.0108,1.0126,1.0159,1.0179,1.0204,1.0259,1.0283,1.0301,1.0371,1.0722,1.1088,1.1153,1.1883,1.222,1.3771,1.3822,1.3877,1.6865,1.8611,2.1158,2.118,2.3426,2.64,2.6446,2.7049,2.7598,3.0705,3.0736,3.0756,3.0774,3.0794,3.0822,3.0861,3.088,3.092,3.1001,3.1367,3.1744,3.3128,3.3171,3.3199,3.3291,3.3312,3.3336,3.3412,3.3448,3.4032,3.4507,3.4708,3.5521,3.5538,3.5566,3.5585,3.5614,3.563,3.5652,3.5723,3.574,3.5776,3.5801,3.5844,3.5901,3.625,3.8123,3.8142,3.8159,3.8183,3.8206,3.8223,3.824,3.8299,3.8357,3.8419,3.8438,3.8784,3.9171,3.9465,3.9853,4.0504,4.0523,4.0543,4.057,4.0588,4.0605,4.0639,4.0663,4.076,4.0797,4.0864,4.0907,4.113,4.1377,4.7023,4.9436,6.1304,6.133,6.1364,6.1393,6.1428,6.1494,6.1513,6.1632,6.1661,6.1697,6.1723,6.1874,6.1908,6.2987,6.6739,6.7868,6.8794,7.2842,7.3297,7.5698,7.5862
-1.716,-1.7062,-1.6959,-1.685,-1.6614,-1.6453,-1.6265,-1.6202,-1.3549,-1.3486,-1.3405,-1.3385,-1.1043,-0.8547,-0.5758,-0.5086,-0.4895,0.0185,0.0216,0.024,0.0282,0.0303,0.0325,0.0342,0.036,0.0376,0.0399,0.0448,0.0473,0.0574,0.0615,0.0668,0.0721,0.3968,0.3998,0.4015,0.4033,0.4051,0.4094,0.4121,0.4151,0.417,0.429,0.4527,0.4669,0.4975,0.5001,0.5018,0.5037,0.5059,0.5112,0.5139,0.5167,0.5184,0.5219,0.5237,0.5255,0.5511,0.6006,0.603,0.6049,0.6072,0.6126,0.6149,0.6181,0.6223,0.6688,0.8777,0.9418,0.9974,0.9994,1.0013,1.0033,1.0092,1.0111,1.0131,1.015,1.0247,1.0355,1.0582,1.0893,1.2621,2.2208,3.0721,3.0739,3.0784,3.0822,3.084,3.0874,3.0932,3.1048,3.1071,3.1188,3.1243,3.133,3.1359,3.1382,3.1782,3.3097,3.3113,3.3167,3.3185,3.3202,3.3231,3.3253,3.3272,3.329,3.3323,3.3371,3.3417,3.3536,3.3787,3.381,3.5522,3.554,3.5577,3.5597,3.5626,3.5647,3.5677,3.5701,3.5722,3.5821,3.5843,3.7313,3.7354,3.8123,3.8175,3.8238,3.8299,3.8325,3.8395,3.8432,3.8897,4.0547,4.0573,4.059,4.061,4.0649,4.0682,4.0745,4.0792,4.107,4.4799,4.5108,4.69,4.697,4.7395,4.7439,4.771,5.3044,5.3677,5.3996,5.4014,5.422,5.427,5.4555,5.9488,5.9623,6.0058,6.0466,6.1319,6.135,6.1379,6.1404,6.1424,6.1452,6.147,6.1534,6.1572,6.1652,6.1671,6.1701,6.1719,6.1914,6.1966,6.4603,6.774,6.8251,6.9031,6.9381,7.5788,7.6867
-1.8946,-1.8882,-1.6423,-1.626,-1.5959,-1.586,-1.2974,-1.283,-1.241,-0.8573,-0.31,0.0175,0.0194,0.0212,0.0234,0.0253,0.0285,0.0302,0.0319,0.0383,0.0416,0.0437,0.0477,0.0506,0.0598,0.0884,0.2393,0.2963,0.3008,0.3972,0.4003,0.4029,0.4048,0.4097,0.4124,0.415,0.417,0.4187,0.4204,0.4267,0.4988,0.5007,0.5028,0.5045,0.5133,0.517,0.5193,0.5239,0.5388,0.55,0.5633,0.5976,0.5999,0.6017,0.6038,0.6113,0.6135,0.6153,0.6173,0.6194,0.6243,0.6277,0.63,0.638,0.6486,0.6612,0.6942,0.8202,0.9122,0.9429,0.9965,0.9984,1.0012,1.0029,1.0067,1.0097,1.0115,1.0192,1.0243,1.0264,1.0551,1.8022,1.8373,2.0279,2.3625,2.5481,3.0713,3.0738,3.0758,3.0828,3.0864,3.0882,3.091,3.0945,3.0998,3.1019,3.1081,3.1107,3.1137,3.3054,3.3132,3.3175,3.3195,3.3231,3.3247,3.3265,3.3293,3.3314,3.3356,3.3376,3.3415,3.3435,3.3485,3.3947,3.4784,3.5539,3.5561,3.5584,3.5631,3.5657,3.5708,3.5739,3.5798,3.5932,3.595,3.7337,3.7431,3.8135,3.8156,3.8175,3.8196,3.8214,3.8231,3.8251,3.827,3.8299,3.8339,3.8463,3.8548,3.9135,4.0533,4.0551,4.0568,4.0586,4.0609,4.0628,4.0661,4.0709,4.0728,4.0768,4.0787,4.0878,4.0934,4.2914,4.3507,4.3612,4.3657,4.3855,4.3984,4.4141,4.5638,4.5681,4.6113,5.153,5.2247,5.3695,5.3774,5.3879,5.4376,5.4428,5.4504,5.9129,5.9203,5.9337,5.9509,6.0009,6.0031,6.0084,6.134,6.1365,6.1383,6.1408,6.1429,6.1463,6.1481,6.1525,6.1551,6.1586,6.1606,6.164,6.1683,6.1783,6.1802,6.2851,6.3918,6.4986,6.7886,6.7993,7.184,7.2113,7.2879,7.2931,7.3333
-1.6692,-1.6612,-1.6549,-1.2554,-1.0185,-1.013,-0.8334,-0.768,-0.6846,-0.6807,-0.3499,-0.0464,-0.0388,-0.0179,0.0077,0.0171,0.0189,0.0212,0.0239,0.0274,0.029,0.0318,0.0335,0.0373,0.0405,0.0424,0.0448,0.0479,0.0504,0.0543,0.0614,0.0687,0.3823,0.388,0.3985,0.4017,0.4035,0.4066,0.4085,0.411,0.4129,0.4165,0.4203,0.4221,0.4252,0.428,0.4317,0.4338,0.4393,0.4436,0.4463,0.4484,0.4622,0.4731,0.4784,0.498,0.4997,0.5032,0.5056,0.5076,0.5106,0.5159,0.5186,0.5319,0.5376,0.5514,0.601,0.6057,0.6115,0.616,0.6186,0.6219,0.6344,0.8317,0.8872,0.9986,1.0005,1.0021,1.008,1.0099,1.0118,1.0138,1.0154,1.0226,1.0242,1.0291,1.0349,1.0638,1.4152,1.5014,1.5046,1.5131,1.5635,1.6235,2.2437,2.4868,2.7016,3.0286,3.0552,3.057,3.0588,3.0606,3.0626,3.0663,3.0681,3.0736,3.0756,3.0826,3.0859,3.102,3.1238,3.1262,3.2956,3.298,3.3013,3.3083,3.3115,3.3164,3.3232,3.3248,3.329,3.3374,3.3532,3.5352,3.5373,3.5395,3.5421,3.547,3.5489,3.5515,3.5534,3.5551,3.5575,3.5593,3.5651,3.5737,3.6222,3.6241,3.7948,3.7965,3.7986,3.8007,3.8053,3.8083,3.8165,3.8184,3.8229,3.8323,4.0369,4.0387,4.0422,4.0461,4.0481,4.0498,4.054,4.0557,4.0625,4.0661,4.0731,5.1732,5.2799,5.5618,5.7551,5.7628,5.8891,5.9297,6.1178,6.12,6.1222,6.124,6.1267,6.1287,6.1357,6.1391,6.1452,6.147,6.1488,6.1513,6.1536,6.1557,6.1605,6.1629,6.1664,6.1701,6.1747,6.1774,6.2113,6.2266,6.3707,6.5828,6.8682,6.8763,6.8862,6.9027,7.0325,7.5986

-1.2642,-0.6307,0.0178,0.02,0.0216,0.0236,0.0256,0.0285,0.0371,0.0527,0.0646,0.1573,0.1637,0.1664,0.2585,0.2608,0.2628,0.2681,0.2723,0.2878,0.4428,0.498,0.4997,0.5038,0.5058,0.5121,0.6647,0.7596,0.7614,0.7678,0.7729,0.7783,0.7833,0.8086,0.8142,0.9794,0.9968,0.9988,1.0068,1.0115,1.0137,1.0197,1.0261,1.0355,1.0559,1.1078,1.1415,2.7341,3.0741,3.0768,3.0842,3.0865,3.0906,3.1269,3.4147,3.4219,3.4556,3.4595,3.4738,3.4834,3.4872,3.5014,3.524,3.5571,3.5589,3.5606,3.5624,3.5682,3.5726,3.5808,3.5851,3.6558,3.6656,3.6676,3.6838,4.0551,4.0568,4.0601,4.0645,4.0725,4.0797,4.098,4.4012,5.935,6.1351,6.1369,6.1392,6.1464,6.1574,6.1627,6.1872,7.1216,7.1624,7.175
-1.7521,-0.9462,-0.8289,-0.8145,0.0142,0.0191,0.0211,0.0228,0.0247,0.0263,0.0295,0.0313,0.039,0.0414,0.0487,0.0562,0.2553,0.2593,0.2611,0.263,0.27,0.2727,0.2834,0.2885,0.2941,0.3543,0.4998,0.5022,0.5041,0.5067,0.5093,0.5144,0.5223,0.5799,0.7583,0.7608,0.763,0.7658,0.7692,0.7727,0.7765,0.7807,0.9993,1.0015,1.0059,1.0098,1.0146,1.0503,1.0524,2.2213,2.2241,2.2259,2.3556,3.0742,3.0784,3.083,3.088,3.0989,3.1018,3.1118,3.2714,3.296,3.4519,3.4538,3.4577,3.4593,3.4613,3.4649,3.4718,3.4742,3.4858,3.4973,3.5086,3.5289,3.5319,3.5585,3.5731,3.6558,3.6609,3.6647,3.6672,3.6702,3.6948,4.0537,4.0556,4.061,4.0628,4.0664,4.0685,4.0705,4.0756,4.0775,4.0811,4.0882,4.1051,4.2095,4.2114,6.1341,6.1371,6.1498,6.1532,6.1558,6.1579,6.1625,6.1684,6.1766,6.1999,6.751,6.7567,6.94,7.0924,7.2023,7.2218,7.5137,7.6967,7.7057,7.7089,7.716
-1.8938,-0.9943,-0.9904,-0.7074,0.0166,0.0186,0.0216,0.0256,0.0293,0.0317,0.0361,0.039,0.0479,0.0681,0.1021,0.1747,0.178,0.182,0.2587,0.2605,0.2647,0.2685,0.2808,0.2938,0.3533,0.3572,0.4995,0.5035,0.5054,0.5078,0.5097,0.5118,0.5161,0.5221,0.5301,0.5369,0.5546,0.5589,0.757,0.7602,0.7625,0.7665,0.7685,0.7791,0.7826,0.8255,0.8325,0.8467,0.9967,0.9998,1.0032,1.0076,1.0101,1.0117,1.0158,1.0218,1.0235,1.0376,1.0565,1.0594,1.0688,1.0754,1.6269,2.2071,2.4777,2.4813,3.0707,3.0732,3.0757,3.0802,3.0819,3.0874,3.0912,3.1022,3.1065,3.127,3.1459,3.3281,3.3324,3.4415,3.4436,3.4519,3.4545,3.4565,3.4585,3.4635,3.4654,3.4689,3.473,3.4763,3.4784,3.4857,3.4901,3.492,3.4954,3.5131,3.5152,3.5219,3.5538,3.5571,3.5591,3.5612,3.5631,3.5676,3.5714,3.5798,3.6598,3.6622,3.6638,3.6657,3.6676,3.6694,3.6863,3.6949,3.7025,3.7055,3.7071,3.709,3.7252,3.7902,4.0526,4.0556,4.0573,4.059,4.0665,4.0683,4.0712,4.0731,4.0758,4.0776,4.0807,4.0827,4.0866,4.0978,4.0999,4.1406,4.1588,4.1925,4.2032,4.8446,4.8514,5.1331,5.442,6.0873,6.1375,6.1407,6.1459,6.1602,6.1723,6.1757,6.194,6.6919,7.5011,7.5029,7.5086,7.5129,7.5291,7.6462,7.6481,7.6542
-1.2366,-0.8149,0.0175,0.0203,0.0222,0.0251,0.0272,0.0305,0.0324,0.0452,0.0543,0.0643,0.2583,0.2604,0.2621,0.2668,0.2689,0.2734,0.2752,0.277,0.2787,0.2946,0.3086,0.4675,0.4716,0.4986,0.5031,0.5049,0.508,0.5146,0.5167,0.5214,0.5789,0.6218,0.7594,0.7628,0.765,0.8319,0.9957,0.998,0.9998,1.0026,1.0046,1.0067,1.0095,1.0111,1.0131,1.0372,1.0391,1.0439,1.0474,1.0552,1.0597,1.0648,1.387,3.0714,3.0743,3.0765,3.0785,3.0812,3.0831,3.0868,3.0885,3.0914,3.0946,3.0965,3.0987,3.1075,3.113,3.1746,3.2453,3.38,3.4441,3.4532,3.4552,3.4576,3.4628,3.4695,3.4719,3.4771,3.4793,3.4863,3.4943,3.5001,3.5028,3.51,3.5162,3.5269,3.5474,3.5526,3.5602,3.5634,3.5677,3.5727,3.575,3.5835,3.5925,3.6003,3.657,3.6599,3.6643,3.6722,3.6741,3.6784,3.6854,4.0525,4.0542,4.0576,4.0617,4.0659,4.0683,4.0917,4.1047,4.1064,4.1116,4.2216,4.441,6.1352,6.1389,6.1432,6.1458,6.1545,6.1711,6.1809,6.3198,6.3345,6.339,6.8657,7.1198,7.1217,7.1381,7.1424,7.1462
-1.8816,-1.4651,-1.4498,-1.1243,-0.6617,-0.4329,-0.2393,0.0152,0.0185,0.0205,0.0238,0.0259,0.0309,0.0423,0.0458,0.0508,0.0581,0.0686,0.2591,0.2612,0.2644,0.2661,0.2701,0.2729,0.2745,0.2831,0.2903,0.2987,0.3856,0.3975,0.4958,0.5008,0.5043,0.5063,0.5113,0.5159,0.526,0.5488,0.5532,0.7568,0.7593,0.7611,0.7648,0.7665,0.7706,0.7746,0.7886,0.7937,0.8019,0.8038,0.8385,0.9335,0.9991,1.0051,1.0072,1.0139,1.0157,1.0183,1.0339,1.0396,1.0428,1.2455,1.2685,1.4664,1.7015,2.9192,3.0719,3.0748,3.0765,3.0789,3.0818,3.0835,3.0883,3.0902,3.0953,3.1044,3.4466,3.4506,3.4646,3.4665,3.4699,3.4718,3.4755,3.4786,3.4852,3.4869,3.5143,3.5167,3.5277,3.5587,3.5614,3.5664,3.5783,3.5884,3.5966,3.6034,3.6121,3.6529,3.6549,3.6612,3.6628,3.6694,3.6775,3.6875,3.7049,3.7368,4.0564,4.0617,4.0709,4.0726,4.0751,4.0843,4.0863,4.0908,4.1703,4.2055,4.2135,4.7246,5.7288,5.7732,5.8134,5.9774,5.9864,6.1338,6.1357,6.1377,6.1409,6.149,6.1508,6.1545,6.1565,6.1598,6.1639,6.1666,6.1853,6.2029,6.3241,6.3636,6.4275,7.0702,7.0718,7.1357,7.1388,7.1449,7.6309
-1.5544,-1.5064,-1.4933,-1.2923,-1.0164,-0.6324,-0.5512,-0.5458,-0.5363,0.0171,0.0189,0.0206,0.0223,0.0242,0.0259,0.0281,0.03,0.0332,0.0427,0.0448,0.0477,0.0509,0.0607,0.0776,0.1133,0.2199,0.2532,0.2551,0.2581,0.2602,0.2625,0.2653,0.2679,0.2709,0.2729,0.2757,0.2777,0.2797,0.2817,0.3871,0.4964,0.5001,0.5049,0.5107,0.5175,0.5306,0.578,0.6169,0.7553,0.7575,0.7591,0.7608,0.764,0.7681,0.7717,0.7855,0.7918,0.7935,0.8175,0.8596,0.8766,0.8796,0.9149,0.9235,0.9398,0.9735,0.9765,0.9975,0.9998,1.0025,1.0059,1.0095,1.0133,1.0167,1.0224,1.0255,1.0557,1.7107,1.7287,2.055,2.7188,3.0552,3.0583,3.06,3.0627,3.0652,3.0669,3.0713,3.073,3.0761,3.0847,3.1039,3.1205,3.1327,3.4351,3.442,3.4453,3.4489,3.4514,3.4567,3.4584,3.4711,3.5001,3.5022,3.51,3.5197,3.535,3.5376,3.5415,3.5447,3.5537,3.5564,3.5602,3.6053,3.6095,3.6167,3.6367,3.6385,3.6439,3.6489,3.657,3.661,3.6794,3.6857,3.6878,3.6909,3.7059,3.7464,4.0344,4.0361,4.0394,4.041,4.0434,4.0485,4.0506,4.0644,4.0768,4.8452,4.8514,4.8534,5.5624,5.5673,6.1037,6.1085,6.1104,6.1129,6.1146,6.1198,6.1281,6.1299,6.1337,6.1359,6.1484,6.1593,6.1688,6.2966,6.7129,7.4176,7.4433,7.4455,7.4588,7.4973
-1.3249,-1.2727,-1.1664,-1.1616,-1.1489,-1.1414,-1.1302,-0.4868,-0.4671,-0.3979,-0.2949,-0.118,-0.0642,-0.0427,0.0151,0.018,0.0201,0.0219,0.0238,0.0274,0.029,0.0317,0.0342,0.036,0.0404,0.0426,0.0442,0.046,0.0483,0.0508,0.0578,0.2556,0.2575,0.2601,0.2638,0.2693,0.2714,0.2765,0.2834,0.2855,0.2876,0.4267,0.4818,0.4948,0.4996,0.5026,0.5059,0.5081,0.5106,0.5125,0.5148,0.5165,0.5213,0.5233,0.5441,0.5516,0.7552,0.7573,0.7594,0.7611,0.7633,0.7649,0.7717,0.7736,0.7759,0.7795,0.812,0.8848,1.0003,1.0029,1.0046,1.0062,1.0078,1.0097,1.0114,1.0141,1.0161,1.0178,1.0199,1.0217,1.0278,1.0307,1.2079,1.2333,1.3296,1.3701,1.3734,1.6324,1.6368,1.7306,2.4992,2.5372,2.6526,3.0708,3.0735,3.0755,3.0783,3.0809,3.0831,3.085,3.0867,3.0896,3.0933,3.1039,3.1138,3.2169,3.4113,3.4506,3.4541,3.4585,3.4616,3.4652,3.4668,3.4691,3.4708,3.4782,3.4799,3.4933,3.5036,3.511,3.5535,3.556,3.5579,3.5597,3.5654,3.567,3.5729,3.591,3.597,3.6007,3.6463,3.6521,3.6539,3.6571,3.6589,3.6619,3.6639,3.6672,3.6722,3.6748,3.678,3.7199,3.746,3.7532,3.7924,3.8119,3.8935,4.05,4.0523,4.0542,4.056,4.0585,4.0605,4.0628,4.0667,4.0691,4.0721,4.0739,4.0768,4.0798,4.0881,4.1698,4.5455,4.6325,4.6477,4.6621,5.0962,6.1138,6.119,6.121,6.1244,6.126,6.1279,6.1332,6.1351,6.1372,6.1477,6.1522,6.1612,6.4969,6.7447,6.7466,6.8691,7.2265,7.238,7.2496,7.4662,7.5382
-1.6855,-1.6737,-1.6393,-1.6262,-1.5507,-1.2313,-1.2272,-1.2255,-0.6213,-0.4902,-0.472,0.0154,0.017,0.0188,0.0234,0.0252,0.0275,0.0299,0.0322,0.0364,0.042,0.0439,0.0458,0.051,0.0571,0.0593,0.0614,0.1633,0.1746,0.1774,0.256,0.2583,0.262,0.2637,0.2654,0.2678,0.2697,0.2717,0.2749,0.2767,0.2795,0.2815,0.3048,0.31,0.3149,0.396,0.4258,0.4496,0.4744,0.4949,0.498,0.4998,0.5026,0.5044,0.5085,0.5101,0.5126,0.5165,0.5183,0.5219,0.5474,0.7571,0.7604,0.7638,0.7657,0.7684,0.77,0.7735,0.7754,0.7818,0.7871,0.7972,0.8102,0.8569,0.9954,0.9997,1.0017,1.0042,1.0092,1.016,1.018,1.0206,1.024,1.0311,1.6379,1.6427,1.8004,2.9236,3.0711,3.0731,3.075,3.0774,3.0804,3.0822,3.084,3.088,3.1071,3.1196,3.1271,3.4124,3.4532,3.4548,3.4584,3.4601,3.4634,3.4657,3.4677,3.4706,3.4726,3.4777,3.4797,3.4863,3.4984,3.5381,3.552,3.5561,3.5578,3.5628,3.5655,3.5692,3.5725,3.5776,3.5797,3.5813,3.5836,3.6051,3.6141,3.6571,3.6595,3.662,3.6684,3.6711,3.6733,3.8754,4.051,4.0546,4.0574,4.061,4.0632,4.0666,4.073,4.1069,6.1033,6.1298,6.1322,6.1342,6.1367,6.1448,6.1536,6.156,6.1602,6.1629,6.1646,6.1668,6.1817,6.19,6.2757,6.3111,6.5378,7.3131
-1.8559,-1.8134,-1.7328,-1.7041,-1.6651,-1.5997,-1.5537,-1.3775,-1.3137,-1.3118,-1.3064,-1.2345,-0.7995,-0.5173,0.0173,0.0202,0.0234,0.028,0.0296,0.0313,0.0336,0.0368,0.0411,0.0433,0.0462,0.0481,0.0677,0.0809,0.2563,0.2582,0.2601,0.2646,0.2676,0.2696,0.273,0.2787,0.2867,0.3386,0.3461,0.3722,0.4255,0.4305,0.4392,0.4778,0.4974,0.4996,0.5014,0.5035,0.508,0.5098,0.5164,0.6541,0.6976,0.7557,0.7578,0.7594,0.7622,0.7642,0.7663,0.7697,0.7717,0.7774,0.7801,0.7994,0.9951,1.0008,1.0028,1.008,1.0096,1.0117,1.0146,1.0211,1.0228,1.0355,1.3575,1.3617,1.387,2.5252,2.8102,3.0709,3.0733,3.0752,3.0791,3.0819,3.0856,3.0873,3.0924,3.0941,3.0973,3.1037,3.1067,3.1219,3.1242,3.1825,3.3599,3.4119,3.4515,3.4579,3.4599,3.4637,3.4712,3.4746,3.4781,3.4818,3.4985,3.5008,3.5066,3.5174,3.5522,3.5543,3.5571,3.559,3.5639,3.5658,3.5676,3.5697,3.573,3.5764,3.5786,3.5806,3.5865,3.6542,3.6561,3.6582,3.6601,3.6627,3.6645,3.6694,3.6752,3.6769,3.6805,3.7007,4.0516,4.0537,4.0554,4.0576,4.0596,4.0616,4.0644,4.0687,4.0704,4.0771,4.0794,4.0877,4.1011,4.1168,4.6979,4.7072,4.8199,4.8245,5.2776,5.3328,5.3434,5.401,5.4621,5.4852,5.5216,5.5396,5.6773,5.688,5.6946,5.7005,5.8048,5.9118,5.9588,5.9691,5.9807,6.0254,6.0605,6.1316,6.1333,6.1354,6.1429,6.1448,6.1498,6.1516,6.1568,6.1585,6.1634,6.1651,6.172,7.0589,7.0688,7.2567,7.3489,7.5414,7.6251,7.7551
-1.6803,-1.6013,-1.5939,-1.5634,-1.5487,-1.5381,-1.4781,-1.3425,-1.3016,-1.2961,-1.2553,-0.8649,-0.8564,-0.8495,-0.6391,-0.6293,-0.6223,-0.1728,-0.0202,0.0243,0.027,0.0287,0.0312,0.033,0.0347,0.0365,0.0399,0.0488,0.0522,0.0741,0.256,0.2594,0.2617,0.2638,0.2658,0.2675,0.2725,0.277,0.279,0.2835,0.2853,0.2877,0.2904,0.2993,0.301,0.4957,0.4993,0.5027,0.5045,0.5082,0.5111,0.5132,0.5167,0.5249,0.531,0.5523,0.5872,0.7561,0.758,0.7597,0.7614,0.7634,0.7674,0.7713,0.7769,0.7789,0.7806,0.7834,0.9969,0.9988,1.0004,1.0143,1.0181,1.0198,1.0224,1.0475,1.2571,1.5683,1.5975,1.6055,1.8893,1.8996,1.9018,2.0087,3.0708,3.0739,3.0775,3.0799,3.0819,3.084,3.0858,3.0881,3.0912,3.0942,3.0961,3.101,3.1068,3.2885,3.4357,3.4515,3.454,3.4585,3.4661,3.4756,3.4816,3.504,3.5099,3.5291,3.554,3.5582,3.5625,3.5643,3.5662,3.6123,3.6552,3.6573,3.659,3.6609,3.6632,3.6656,3.6711,3.6777,3.6793,3.681,3.6872,3.6898,3.6918,3.6937,3.7331,3.738,3.8511,4.0142,4.0356,4.0515,4.0532,4.0552,4.0581,4.0606,4.0624,4.0655,4.0726,4.0767,4.0822,4.0841,4.0961,4.1134,4.7731,5.62,5.7543,6.1347,6.1364,6.1385,6.1414,6.1432,6.1469,6.1533,6.1572,6.1588,6.1627,6.1645,6.1709,6.1805,6.3449,6.3556,6.3574,6.3616,6.624,6.6274,6.8518,6.8602,6.8736,6.8757,6.8831,7.0948,7.3731,7.3775
-1.8007,-1.7863,-1.7818,-1.78,-1.1492,-0.9322,-0.2545,-0.225,0.0183,0.0202,0.0265,0.0283,0.0323,0.0376,0.0397,0.0417,0.0437,0.0471,0.0536,0.0593,0.061,0.0639,0.0813,0.1588,0.1703,0.1833,0.1928,0.1949,0.2582,0.26,0.264,0.2657,0.2677,0.2731,0.2754,0.2774,0.2799,0.2841,0.2948,0.2967,0.3035,0.3106,0.33,0.4631,0.4974,0.4991,0.5008,0.5027,0.5052,0.508,0.5096,0.5153,0.5205,0.5308,0.534,0.5359,0.7393,0.7641,0.7658,0.7677,0.7708,0.7726,0.7776,0.7817,0.7884,0.7924,0.7971,0.8124,0.8141,0.8178,0.866,0.9982,1.0017,1.0035,1.0054,1.0073,1.0089,1.0287,1.0323,1.0339,1.0367,1.0603,1.0646,1.2327,1.3787,1.415,1.8104,1.9336,2.1735,2.1856,2.1901,2.2003,2.5869,2.7202,2.8078,2.8226,3.0732,3.0751,3.077,3.0792,3.081,3.083,3.0867,3.0885,3.0937,3.0965,3.0985,3.1031,3.1057,3.1076,3.1097,3.4535,3.4604,3.4624,3.4646,3.4693,3.475,3.4777,3.4841,3.4867,3.5231,3.537,3.5401,3.5548,3.5568,3.5588,3.5641,3.5663,3.5716,3.5807,3.5872,3.6051,3.6107,3.6216,3.6274,3.6353,3.654,3.6581,3.6599,3.6624,3.6641,3.6659,3.6709,3.675,3.6767,3.6785,3.6809,3.709,3.8558,4.0541,4.056,4.0577,4.0596,4.0694,4.0729,4.0769,4.0786,4.086,4.0877,4.1046,4.1063,4.1272,4.1291,4.1341,4.1366,4.2242,4.2532,4.8956,5.0804,5.2459,5.2562,6.1324,6.1362,6.1401,6.1463,6.1524,6.1582,6.1693,6.1749,6.2012,6.2751,6.4527,6.4709,6.5148,7.0454,7.0935,7.1396,7.219,7.2248,7.2563,7.3777,7.5341,7.5566
-1.9075,-1.8451,-1.8423,-1.5001,-1.1508,-0.6093,-0.5567,0.0169,0.0188,0.0206,0.0223,0.0267,0.0288,0.031,0.0347,0.0369,0.0387,0.0438,0.0507,0.0706,0.0725,0.2228,0.2582,0.2598,0.2615,0.2638,0.2657,0.2709,0.2779,0.2804,0.2869,0.2935,0.2985,0.3013,0.3054,0.3503,0.4981,0.5022,0.5042,0.506,0.5076,0.5098,0.5115,0.5134,0.5157,0.5193,0.5212,0.524,0.5258,0.5277,0.5344,0.5462,0.5508,0.5714,0.5965,0.6873,0.7596,0.7618,0.764,0.766,0.7676,0.7712,0.7731,0.7757,0.7774,0.7792,0.7812,0.7849,0.9192,0.9996,1.0017,1.0039,1.0059,1.011,1.0196,1.022,1.0262,1.0334,1.0573,1.0724,1.244,1.267,1.2958,1.2992,1.3716,1.6073,1.637,1.7291,1.7391,2.3302,2.3326,2.3344,2.3452,2.5132,2.5318,2.7475,2.9515,3.0141,3.0268,3.0592,3.0616,3.0637,3.0653,3.0672,3.0696,3.0718,3.0735,3.08,3.082,3.0919,3.0967,3.1041,3.2054,3.2206,3.438,3.4397,3.4484,3.4516,3.4535,3.459,3.4638,3.4658,3.4682,3.4943,3.5004,3.5045,3.5313,3.5395,3.5414,3.5458,3.5475,3.5554,3.5665,3.5685,3.6026,3.6044,3.641,3.6432,3.6452,3.6468,3.6487,3.6507,3.6535,3.6603,3.6622,3.6722,3.6819,3.7015,4.0233,4.0374,4.0402,4.0419,4.0437,4.0455,4.0479,4.0523,4.0548,4.0605,4.0637,4.0677,4.0807,4.0826,4.0899,4.1003,4.1127,4.1337,4.3214,4.3798,4.7784,4.9949,5.0574,5.198,5.2475,5.2544,5.3355,5.3606,5.6971,5.703,5.762,5.8258,5.8331,6.1172,6.1193,6.1257,6.1303,6.1323,6.1352,6.1436,6.1495,6.1618,6.1659,6.2039,6.2834,6.4525,6.5404,6.632,6.6395,6.6518,7.1917,7.5495
-1.7887,-1.7341,-1.5304,-1.5046,-1.4709,-1.4175,-1.3945,-0.3469,-0.1248,-0.1082,0.0185,0.0203,0.0243,0.0302,0.0343,0.0376,0.0392,0.0423,0.0452,0.0471,0.049,0.0521,0.0538,0.0589,0.0623,0.1626,0.165,0.1674,0.2626,0.2655,0.268,0.2699,0.2718,0.2743,0.2838,0.2857,0.2983,0.3878,0.4242,0.4533,0.4989,0.5008,0.5034,0.5055,0.51,0.5168,0.525,0.5312,0.5913,0.6694,0.7377,0.7613,0.7632,0.7668,0.7725,0.7756,0.7775,0.7822,0.7907,0.9998,1.0015,1.0035,1.0052,1.0098,1.0117,1.016,1.0197,1.0307,1.0345,1.0366,1.097,1.4398,2.5857,2.5874,3.0574,3.0591,3.0611,3.0628,3.0649,3.0704,3.0722,3.0742,3.0762,3.0786,3.0807,3.0827,3.0845,3.097,3.1164,3.2608,3.3559,3.4358,3.4376,3.4396,3.4415,3.4434,3.4496,3.4624,3.4643,3.5181,3.5291,3.5409,3.548,3.5499,3.5535,3.556,3.5581,3.5623,3.6143,3.6215,3.637,3.6404,3.6421,3.6438,3.6457,3.6475,3.6495,3.6512,3.6532,3.6552,3.6569,3.6638,3.666,3.6712,3.6729,3.6868,3.8098,4.0395,4.0416,4.0434,4.046,4.0479,4.0496,4.0516,4.0558,4.0578,4.0597,4.0627,4.0647,4.069,4.1233,4.1312,4.1933,4.2185,4.2734,4.3105,4.3148,4.3789,4.6608,4.6647,4.6868,4.7809,5.7046,5.7368,5.942,5.9598,5.9654,5.9703,6.0022,6.1142,6.1158,6.1215,6.1233,6.1253,6.1304,6.1322,6.1364,6.139,6.1407,6.1458,6.1484,6.1532,6.1694,6.7498,6.9552,7.1945,7.2831,7.2888,7.2939,7.2994
-1.8239,-1.7456,-1.6836,-1.6568,-1.5847,-1.2377,-1.2347,-1.2247,-1.1261,-0.6782,-0.6556,-0.1556,-0.0553,-0.0524,-0.0503,-0.0452,-0.0291,0.0176,0.0197,0.0216,0.0238,0.0267,0.0287,0.0363,0.0395,0.0444,0.0508,0.0543,0.0689,0.0924,0.1537,0.1574,0.1623,0.1651,0.1675,0.1749,0.258,0.2623,0.268,0.2714,0.2776,0.2848,0.3773,0.4962,0.4985,0.5006,0.5055,0.51,0.5162,0.5184,0.5258,0.5367,0.5517,0.5543,0.6512,0.7053,0.7566,0.7585,0.7624,0.7645,0.7665,0.7695,0.7778,0.7794,0.7812,0.8669,0.8785,0.9979,0.9999,1.0015,1.0035,1.0086,1.012,1.0173,1.019,1.021,1.0257,1.0715,1.0788,1.0887,1.1055,1.1253,1.3136,2.9555,2.958,2.9624,2.9693,2.9711,2.9754,3.0714,3.0732,3.075,3.0781,3.0801,3.0826,3.0858,3.0896,3.0916,3.0978,3.1198,3.2793,3.4478,3.4513,3.453,3.4556,3.4573,3.4603,3.463,3.4654,3.4671,3.4697,3.4716,3.4733,3.4765,3.4783,3.481,3.4845,3.49,3.4924,3.4959,3.5147,3.5169,3.5278,3.5308,3.5397,3.5526,3.5567,3.5599,3.5669,3.5689,3.5708,3.5782,3.5985,3.6512,3.6552,3.6569,3.6588,3.6612,3.6657,3.6673,3.6706,3.6733,3.693,3.8121,4.0534,4.0554,4.0573,4.0594,4.064,4.066,4.0678,4.0728,4.0829,4.0865,4.1228,4.1395,4.1467,4.2817,4.2898,4.2938,4.6798,4.6855,4.8901,5.2957,5.6504,5.8577,5.8615,6.1329,6.1355,6.1384,6.1423,6.1441,6.146,6.1477,6.1539,6.1585,6.1632,6.1657,6.1777,6.1803,6.1833,6.1852,6.1975,6.2031,6.2444,6.286,6.453,6.5815,6.585,6.82,7.1197,7.1886,7.2219,7.4094,7.4983,7.5908
-1.3771,-1.3696,-1.3626,-1.341,-1.1138,-1.0972,-1.0751,-1.016,-0.7055,-0.6634,-0.2048,-0.1906,0.0184,0.0215,0.0259,0.0276,0.0295,0.0334,0.0375,0.0392,0.0431,0.046,0.0482,0.05,0.0558,0.0909,0.1636,0.2183,0.2568,0.2591,0.262,0.2653,0.2677,0.2779,0.2813,0.2833,0.293,0.4984,0.5006,0.5027,0.5044,0.507,0.511,0.5168,0.5186,0.5217,0.5251,0.5268,0.5316,0.5404,0.5635,0.601,0.6358,0.7587,0.7644,0.7669,0.7692,0.7718,0.7738,0.7801,0.7839,0.7873,0.7931,0.9987,1.0005,1.0027,1.0055,1.0075,1.0105,1.0159,1.0214,1.0423,1.0736,1.1073,1.1471,1.272,1.3511,1.368,1.9497,1.953,1.9574,2.0827,2.1787,2.1864,2.5167,2.601,3.0725,3.0743,3.0762,3.0782,3.08,3.0826,3.0844,3.0891,3.0913,3.0965,3.1008,3.1024,3.1047,3.107,3.1131,3.1172,3.3473,3.3519,3.36,3.4544,3.4604,3.4638,3.4657,3.4673,3.4692,3.4711,3.4766,3.4786,3.4891,3.4945,3.5056,3.5256,3.5275,3.5391,3.5551,3.5574,3.5599,3.5619,3.5638,3.5869,3.593,3.603,3.6548,3.6579,3.6598,3.6631,3.6651,3.6702,3.6743,3.6924,3.6946,3.6981,3.702,3.7082,3.7514,4.054,4.0559,4.0619,4.0645,4.0666,4.0693,4.0713,4.0772,4.0808,4.0866,4.0931,4.0965,4.1302,4.3197,4.5611,4.5708,4.6175,5.472,5.5484,5.8075,5.9747,5.9764,5.9821,5.9838,5.9899,5.9982,6.0018,6.0264,6.1327,6.1344,6.1364,6.1396,6.1417,6.1435,6.1498,6.1515,6.1557,6.1576,6.161,6.1628,6.1645,6.1707,6.183,6.1944,6.3363,6.8284,6.8608,7.2973,7.3169,7.3253,7.4949,7.5049

-1.1401,-1.1091,-0.9951,-0.9102,-0.8954,0.0195,0.0211,0.0234,0.0251,0.0282,0.032,0.0365,0.0406,0.048,0.0517,0.0536,0.0588,0.2587,0.2603,0.2652,0.2669,0.2702,0.2737,0.277,0.3381,0.3763,0.4967,0.4997,0.5015,0.5035,0.5051,0.5086,0.5144,0.5209,0.5226,0.5247,0.7593,0.7609,0.764,0.7714,0.7813,0.7926,0.8034,0.8219,0.8502,0.9994,1.0024,1.0044,1.0085,1.0698,1.1781,1.7595,3.0567,3.0586,3.0602,3.0662,3.0683,3.0741,3.0758,3.1015,3.2995,3.3012,3.3031,3.3048,3.3138,3.3267,3.3283,3.4017,3.5375,3.5396,3.5423,3.7757,3.7953,3.7979,3.7997,3.8018,3.8073,3.8156,3.8174,3.8213,3.8253,3.9012,3.9029,3.9047,4.0402,4.0421,4.0489,4.0586,4.1681,4.204,5.4995,6.1033,6.1052,6.1081,6.1099,6.1207,6.1402,6.2825,6.2894,6.6787,6.9886,6.9988,7.0066,7.0243,7.0275,7.0598,7.3937
-1.9402,-1.1239,0.0185,0.0205,0.0243,0.0266,0.0287,0.0315,0.0334,0.0356,0.04,0.0511,0.0587,0.0676,0.258,0.2618,0.2684,0.2703,0.2726,0.2765,0.2787,0.2857,0.2979,0.3244,0.4974,0.4995,0.5013,0.5031,0.5089,0.5107,0.5131,0.5154,0.5253,0.5273,0.6225,0.6242,0.6436,0.7574,0.7594,0.7613,0.7633,0.7674,0.7691,0.7714,0.7778,0.9998,1.003,1.0099,1.0159,1.025,1.0416,1.0592,1.2508,3.0739,3.0756,3.0775,3.0796,3.082,3.0849,3.0905,3.0926,3.0976,3.0994,3.1127,3.1361,3.3142,3.3159,3.3182,3.3294,3.3363,3.5553,3.5574,3.5599,3.5644,3.5678,3.5753,3.6155,3.8143,3.8161,3.8215,3.8234,3.8252,3.8282,3.835,3.8494,4.0516,4.0546,4.0564,4.0587,4.0626,4.068,4.0697,4.0813,4.0856,4.0978,4.1347,4.2056,4.3953,6.1361,6.1402,6.1423,6.1444,6.1464,6.1541,6.1592,6.1663,6.2405,6.7255,6.7278,6.8473,6.9357,7.4201
-0.0907,0.0176,0.0197,0.022,0.0238,0.0265,0.0285,0.0556,0.0586,0.187,0.2575,0.2593,0.2613,0.2667,0.2685,0.2721,0.2742,0.3013,0.33,0.4514,0.4978,0.4999,0.5021,0.5054,0.5071,0.5134,0.5208,0.5224,0.5375,0.5476,0.5621,0.6501,0.7234,0.7587,0.7606,0.7628,0.7677,0.7735,0.7788,0.7936,0.797,0.8101,0.822,1.0001,1.0017,1.0079,1.0107,1.0137,1.0204,1.022,1.0371,1.0403,1.1657,1.838,1.8919,2.7533,3.0568,3.0591,3.0615,3.0654,3.0721,3.0744,3.0786,3.1006,3.2662,3.294,3.2961,3.2985,3.3014,3.307,3.3096,3.3358,3.3422,3.5347,3.5366,3.5413,3.543,3.546,3.5494,3.5656,3.5674,3.6062,3.6263,3.7951,3.7984,3.8002,3.8018,3.81,3.8189,3.821,3.8258,3.8321,4.0386,4.0432,4.05,4.0544,4.0586,4.065,4.0668,4.0786,5.3852,5.8021,6.1006,6.1047,6.1065,6.1084,6.1101,6.1173,6.119,6.1225,6.1321,6.1358,6.1441,6.1645,6.1726,6.265,6.8437,6.9116,7.1079,7.1132,7.12,7.3555,7.3926
-1.7458,-1.7438,-1.7383,-1.6555,-1.6516,-1.638,-1.5774,-1.5591,-1.4034,-0.5169,-0.4698,-0.4348,0.0183,0.0215,0.0233,0.0254,0.027,0.0334,0.0366,0.0395,0.0414,0.0453,0.0555,0.0585,0.0605,0.0657,0.0807,0.1076,0.257,0.2597,0.2616,0.2634,0.2653,0.2679,0.2714,0.2732,0.2762,0.2795,0.2816,0.3156,0.4991,0.501,0.503,0.5047,0.5081,0.5098,0.513,0.5178,0.5228,0.5253,0.5562,0.5644,0.5667,0.7605,0.7625,0.7665,0.7711,0.8096,0.8252,0.9968,1.0027,1.0053,1.0069,1.0089,1.0108,1.0134,1.0159,1.0186,1.0205,1.0223,1.0632,1.5971,1.6096,3.0732,3.0757,3.0783,3.0799,3.0816,3.0833,3.085,3.0914,3.0974,3.1,3.1039,3.1527,3.2884,3.3143,3.3161,3.318,3.3198,3.3216,3.3235,3.3253,3.3375,3.3455,3.553,3.5556,3.564,3.5738,3.5755,3.5814,3.6205,3.6256,3.8133,3.8184,3.8228,3.8261,3.8371,3.8426,3.8603,4.0281,4.0552,4.0631,4.0701,4.0719,4.0762,4.0845,4.0864,4.1016,4.3364,4.5603,5.7942,6.136,6.139,6.1438,6.151,6.153,6.1637,6.1654,6.17,6.1716,6.1761,6.1909,6.3521,6.4226,6.8844,7.3265
-1.4969,-0.3723,-0.307,-0.114,-0.0481,-0.0411,0.0171,0.0192,0.0211,0.0228,0.0253,0.0278,0.0301,0.032,0.0345,0.0406,0.0427,0.0448,0.0491,0.0511,0.0551,0.0602,0.0619,0.0639,0.0677,0.0703,0.266,0.2677,0.2702,0.2725,0.2748,0.2885,0.3008,0.3114,0.3268,0.3718,0.4432,0.497,0.4987,0.5009,0.504,0.506,0.5137,0.5173,0.5191,0.5218,0.5276,0.5346,0.5439,0.5457,0.549,0.5511,0.671,0.7578,0.7596,0.7613,0.7635,0.7653,0.7712,0.7754,0.7772,0.779,0.7823,0.7944,0.8014,0.8571,0.9962,0.9987,1.0008,1.005,1.0067,1.0086,1.0106,1.0123,1.0141,1.0174,1.0199,1.0237,1.0261,1.7036,2.5772,2.58,2.5973,2.77,2.773,2.7748,2.7848,3.0712,3.0748,3.0767,3.0799,3.0829,3.0855,3.0887,3.0904,3.0922,3.102,3.1046,3.134,3.2334,3.2506,3.3023,3.3118,3.3153,3.3198,3.3252,3.3279,3.3338,3.3371,3.3429,3.3454,3.3641,3.4716,3.5509,3.5564,3.5582,3.5613,3.5638,3.5722,3.5813,3.5893,3.5913,3.5935,3.5953,3.5971,3.6274,3.8119,3.814,3.8158,3.8175,3.8196,3.8271,3.8316,3.848,3.864,4.0509,4.0547,4.0571,4.0616,4.0633,4.0662,4.0685,4.0708,4.0726,4.078,4.0799,4.0818,4.0845,4.0898,4.1032,4.1858,4.2431,4.2554,4.2574,5.0582,5.0741,5.0948,6.1321,6.1342,6.1366,6.142,6.1439,6.1455,6.1478,6.1495,6.1514,6.1532,6.1614,6.1634,6.1668,6.1719,6.1739,6.1794,6.2079,6.3312,6.5238,6.7898,6.8174,7.3588,7.3669,7.3738,7.5047
-1.4493,-1.44,-1.1525,-1.0336,-1.0096,-0.9661,-0.9367,-0.6154,-0.5765,-0.5505,-0.4085,-0.1645,-0.161,-0.1514,-0.1213,-0.0517,0.0161,0.0187,0.0209,0.0226,0.0244,0.0264,0.0292,0.0331,0.0358,0.0377,0.0429,0.0585,0.2556,0.2602,0.2619,0.2688,0.2707,0.2734,0.2753,0.2774,0.279,0.2916,0.3124,0.326,0.3512,0.4186,0.4578,0.4993,0.5014,0.5038,0.5062,0.5084,0.5103,0.5148,0.5173,0.5237,0.571,0.6019,0.6921,0.7569,0.7589,0.7616,0.7643,0.7674,0.773,0.7749,0.7947,1.002,1.0038,1.0055,1.0089,1.012,1.014,1.02,1.0265,1.0692,1.1097,1.2074,1.2945,2.989,3.0424,3.0695,3.0712,3.0754,3.0772,3.079,3.0809,3.0828,3.0852,3.0893,3.0913,3.0934,3.0973,3.1287,3.3111,3.316,3.3178,3.3196,3.3275,3.3346,3.3367,3.3529,3.4529,3.5507,3.5545,3.5568,3.5584,3.5602,3.562,3.5694,3.5719,3.5822,3.8107,3.8157,3.8175,3.8192,3.8216,3.8359,3.9176,3.9996,4.0173,4.0478,4.0547,4.061,4.0652,4.0673,4.0734,4.0751,4.079,4.1337,4.1652,4.3035,5.9609,6.0622,6.1092,6.1372,6.143,6.1454,6.1473,6.1602,6.1641,6.166,6.1782,6.3557,6.359,6.3673,6.6323,6.6358,6.875,7.1938,7.2003,7.2021
-1.7611,-1.7387,-1.7311,-1.6509,-1.5825,-1.4659,-1.2137,-1.1374,0.016,0.0179,0.0203,0.0226,0.0245,0.0301,0.0318,0.0371,0.0403,0.0419,0.0538,0.0948,0.1645,0.1664,0.1931,0.1996,0.2601,0.2623,0.2641,0.266,0.2677,0.2694,0.277,0.2831,0.2933,0.3504,0.3523,0.4449,0.4952,0.4969,0.5012,0.5035,0.5056,0.5107,0.5126,0.5185,0.5218,0.5261,0.528,0.5306,0.5529,0.5697,0.5903,0.6815,0.7561,0.7595,0.7625,0.7642,0.7676,0.7693,0.7724,0.7792,0.7818,0.7837,0.7872,0.808,0.8098,0.9958,0.9988,1.0008,1.0035,1.0054,1.013,1.0169,1.0197,1.0233,1.0298,1.0323,1.0446,1.0498,1.0552,1.379,1.6573,1.8317,2.2224,2.4279,2.4863,3.0697,3.0716,3.0735,3.0753,3.0781,3.0812,3.0832,3.0862,3.0878,3.0899,3.0946,3.1019,3.1175,3.311,3.3129,3.3149,3.3173,3.3194,3.3289,3.3315,3.3351,3.3367,3.3751,3.3948,3.5297,3.5501,3.5524,3.5575,3.5596,3.5615,3.5646,3.5667,3.5719,3.5748,3.6659,3.8029,3.8108,3.818,3.8232,3.8265,3.8342,4.0501,4.0518,4.0552,4.0588,4.0627,4.0645,4.067,4.0733,4.078,4.099,4.115,4.119,4.1304,4.66,4.6759,5.179,5.9963,6.0567,6.1331,6.1405,6.1502,6.1546,6.1581,6.1677,6.1696,6.1715,6.1894,7.2857,7.2874,7.2996,7.3243
-1.5631,-1.2941,-1.2623,-1.1846,-0.972,-0.96,0.0148,0.0167,0.0199,0.0218,0.0271,0.0296,0.0328,0.0366,0.0393,0.0485,0.0502,0.0557,0.0833,0.1447,0.2562,0.2618,0.2635,0.267,0.2707,0.2734,0.2785,0.2805,0.3362,0.4969,0.4992,0.5012,0.5038,0.5059,0.5108,0.5218,0.5542,0.757,0.7593,0.7644,0.7682,0.7702,0.7732,0.7774,0.7835,0.8001,0.8048,0.9997,1.0029,1.0047,1.007,1.009,1.0111,1.0181,1.2021,1.2146,1.294,1.305,1.5813,2.8395,2.8495,3.0717,3.0736,3.0797,3.0839,3.0856,3.0887,3.0905,3.0934,3.0953,3.1033,3.1165,3.297,3.3112,3.3147,3.3166,3.3192,3.3264,3.3283,3.3323,3.334,3.3432,3.3621,3.3646,3.4049,3.4242,3.4355,3.5514,3.5538,3.5559,3.5588,3.5613,3.564,3.5716,3.5749,3.5768,3.5846,3.5891,3.7185,3.8115,3.8135,3.8156,3.8179,3.8197,3.8236,3.8327,3.8352,3.8418,3.9115,3.9466,3.9653,3.9671,4.0016,4.053,4.057,4.0591,4.0613,4.0657,4.0683,4.1145,4.9788,5.0947,6.0079,6.1329,6.1346,6.1366,6.1397,6.1416,6.1457,6.1483,6.1626,6.1645,6.1673,6.1691,6.1709,6.1752,6.1904,6.1956,6.1973,6.2205,6.2935,6.389,7.6367
-1.7452,-1.515,-1.419,-1.3931,-1.3658,-1.1884,-1.1477,-1.115,-0.891,0.0164,0.0214,0.023,0.0252,0.0291,0.0308,0.0344,0.0367,0.0435,0.0469,0.0488,0.0521,0.065,0.0667,0.0685,0.08,0.0839,0.2566,0.2583,0.2615,0.2679,0.2733,0.279,0.2813,0.289,0.3069,0.3189,0.369,0.382,0.4474,0.4535,0.5026,0.5048,0.5088,0.5105,0.5147,0.517,0.5211,0.5232,0.5276,0.59,0.5997,0.6333,0.7407,0.7569,0.7657,0.7675,0.7702,0.7719,0.7764,0.7812,0.7834,0.8758,0.9977,0.9995,1.0012,1.0051,1.0083,1.0148,1.0176,1.0272,1.1456,1.2522,2.3158,2.3234,2.4863,2.5564,2.5996,2.9557,3.0746,3.0767,3.0783,3.0819,3.0915,3.0956,3.1038,3.1172,3.1341,3.3113,3.3133,3.3176,3.3239,3.3257,3.3292,3.332,3.3388,3.3654,3.5196,3.5473,3.5512,3.5563,3.5587,3.5634,3.5717,3.5737,3.6425,3.811,3.8128,3.8147,3.8166,3.8191,3.8252,3.835,3.8393,3.8671,4.0509,4.0542,4.0562,4.0581,4.0598,4.0615,4.0649,4.0699,4.1079,4.2318,4.2801,4.7159,4.8652,5.6704,5.8969,5.9006,5.9139,5.922,5.9239,5.9324,5.9355,6.0909,6.138,6.1452,6.1505,6.1559,6.1601,6.1663,6.1717,6.1733,6.1936,6.1966,6.6782,7.1111,7.3609,7.3676,7.487,7.5612,7.5696,7.5808,7.5882,7.5899,7.5935,7.6129
-1.0948,-0.9858,-0.9778,-0.9621,-0.8294,-0.7757,-0.7699,-0.372,-0.2684,-0.0624,0.0148,0.0169,0.025,0.0285,0.0321,0.0348,0.0368,0.0402,0.0421,0.1119,0.257,0.2591,0.2617,0.2634,0.2664,0.2681,0.2702,0.2724,0.2743,0.2771,0.2798,0.2817,0.2916,0.3039,0.3085,0.3891,0.4977,0.5003,0.5019,0.5043,0.5079,0.5111,0.5174,0.5191,0.5231,0.5311,0.5384,0.76,0.7619,0.7637,0.7681,0.7698,0.7716,0.7781,0.7881,0.8463,0.9961,1.0009,1.0026,1.0042,1.0079,1.0107,1.0126,1.0169,1.0186,1.0242,1.079,1.5726,1.7223,1.8191,1.9354,2.5201,2.7688,2.7706,2.7914,2.8098,3.0712,3.0728,3.0749,3.0766,3.0803,3.0829,3.0866,3.0902,3.0955,3.1264,3.1385,3.1405,3.3107,3.3154,3.3172,3.3194,3.321,3.323,3.3247,3.3266,3.3326,3.335,3.3422,3.3548,3.5571,3.5593,3.5648,3.5667,3.5702,3.573,3.5752,3.8108,3.8126,3.815,3.818,3.8222,3.8271,3.8308,3.8332,3.842,3.8513,4.0227,4.0278,4.0456,4.0535,4.0553,4.0573,4.061,4.0632,4.0653,4.0745,4.0795,4.0823,4.0865,4.0915,4.0944,4.1002,4.1203,4.1237,4.1416,4.9382,4.9482,5.1129,5.6,5.8713,6.0804,6.1205,6.1224,6.1286,6.131,6.1333,6.1422,6.1442,6.1577,6.1762,6.1783,6.19,6.2372,6.625,6.8527,6.877,7.231,7.3858,7.3953,7.4054,7.4754,7.4804,7.4906
-1.9743,-1.9688,-1.8974,-1.8838,-1.7478,-1.7186,-1.1811,-1.1721,-1.1701,-1.1052,-0.5701,-0.5632,-0.4207,-0.4175,-0.4152,0.0173,0.0193,0.0226,0.0243,0.0277,0.0314,0.0341,0.0482,0.055,0.0634,0.0675,0.0757,0.1044,0.2117,0.2589,0.2607,0.2644,0.2707,0.2725,0.2757,0.2783,0.2827,0.2894,0.2913,0.2971,0.299,0.3061,0.3816,0.4305,0.4375,0.4396,0.4954,0.4974,0.4993,0.5012,0.5042,0.5059,0.5086,0.5149,0.5177,0.521,0.5226,0.5462,0.7011,0.7112,0.7572,0.7602,0.7625,0.7661,0.7717,0.7739,0.7762,0.78,0.7859,0.7986,0.8002,0.8021,0.8053,0.8135,0.8991,0.9139,0.9259,0.9973,0.999,1.0007,1.0052,1.0073,1.0092,1.0157,1.0229,1.0256,1.0276,1.0313,1.0332,1.0381,1.0398,1.0469,1.1149,1.367,1.788,1.8145,1.9414,2.1313,2.7793,3.071,3.0747,3.0769,3.0809,3.083,3.0849,3.0885,3.0926,3.0951,3.0973,3.1016,3.1075,3.1096,3.1258,3.1679,3.2632,3.3121,3.3141,3.3175,3.3194,3.3228,3.3249,3.3333,3.336,3.3455,3.3545,3.3601,3.4634,3.4815,3.5521,3.554,3.5562,3.5585,3.563,3.566,3.5713,3.5748,3.5805,3.5825,3.5909,3.6036,3.6506,3.8124,3.8167,3.8187,3.8205,3.8258,3.8331,3.8357,3.8375,3.8393,3.841,3.8442,3.8506,3.8539,3.8795,3.9634,3.9885,4.0085,4.0521,4.0538,4.0561,4.058,4.06,4.0625,4.0688,4.0731,4.0755,4.0779,4.0865,4.0892,4.1036,4.1095,4.1696,4.3222,4.8069,4.8095,5.0116,5.2918,5.3149,5.4176,6.0279,6.1313,6.1342,6.1363,6.1419,6.1467,6.1489,6.154,6.1572,6.163,6.1668,6.1688,6.1748,6.181,6.1859,6.2128,6.2907,6.2993,6.3201,6.3337,6.3391,6.9919,7.3235,7.326,7.3321,7.3396,7.3496,7.3941,7.7013
-1.9209,-1.6068,-1.5586,-1.3602,-1.2107,-1.0327,-1.0008,-0.6553,-0.6521,-0.6416,-0.6395,-0.6291,-0.6108,-0.5994,-0.5357,-0.4581,-0.4539,-0.3089,0.0193,0.0256,0.0274,0.0292,0.0308,0.0345,0.0373,0.0391,0.0409,0.045,0.0494,0.0511,0.0531,0.0572,0.2598,0.2625,0.2646,0.2663,0.268,0.2701,0.2727,0.2778,0.2809,0.283,0.2871,0.2888,0.2905,0.3107,0.3576,0.4186,0.4413,0.4514,0.5015,0.506,0.508,0.5101,0.5134,0.5162,0.5203,0.5257,0.5376,0.5417,0.7592,0.7612,0.7641,0.767,0.769,0.7721,0.7754,0.7789,0.7806,0.7911,0.7928,0.796,0.7978,0.8019,0.8357,0.8435,0.9891,0.9974,1.0002,1.0018,1.0044,1.006,1.0085,1.0101,1.0145,1.0163,1.0204,1.0225,1.0343,1.1062,1.1823,1.6711,2.0331,2.0382,2.0467,2.0577,2.0635,2.071,2.0763,2.92,3.0748,3.0779,3.08,3.0819,3.0852,3.0899,3.0917,3.0953,3.0972,3.1002,3.1027,3.1046,3.1202,3.3135,3.3159,3.3196,3.3254,3.3274,3.3307,3.3329,3.3357,3.3426,3.3473,3.3492,3.3538,3.3691,3.5334,3.555,3.5569,3.5587,3.5604,3.5632,3.5692,3.5732,3.5752,3.577,3.5795,3.5828,3.5851,3.5965,3.5983,3.6104,3.6124,3.6142,3.6369,3.8126,3.8148,3.8168,3.8197,3.8224,3.8277,3.8313,3.8332,3.8365,3.8382,3.8456,3.8551,3.9376,3.9562,4.0524,4.0576,4.0602,4.0646,4.0668,4.0688,4.0715,4.0736,4.0755,4.0779,4.0909,4.0932,4.1089,4.1155,4.371,4.3932,4.4645,4.7249,4.7295,4.7423,5.1684,5.1798,5.2164,5.5557,5.5722,5.6306,5.6329,5.7252,6.0165,6.0181,6.0355,6.0443,6.046,6.075,6.0771,6.1324,6.1349,6.1367,6.1386,6.1407,6.1484,6.1502,6.156,6.1594,6.1633,6.1651,6.167,6.1693,6.1754,6.1796,6.1816,6.1896,6.1989,6.2065,6.3249,6.7681,6.8656,7.2296,7.2317,7.2825,7.2852,7.2985,7.308,7.3219,7.4901,7.5006
-1.8168,-1.469,-1.4516,-1.1083,-0.8413,-0.5809,-0.5792,-0.5403,-0.5361,-0.5058,-0.4948,-0.3954,0.0192,0.0228,0.0245,0.0266,0.0296,0.0333,0.0352,0.039,0.0409,0.0438,0.0455,0.0473,0.0658,0.0743,0.0933,0.2576,0.26,0.2629,0.2652,0.2709,0.2749,0.2793,0.2837,0.2868,0.3197,0.3219,0.3313,0.3549,0.357,0.4077,0.4216,0.4302,0.4964,0.4982,0.5003,0.502,0.5048,0.5094,0.5111,0.5157,0.5215,0.5255,0.5319,0.5421,0.5781,0.7381,0.757,0.7626,0.7661,0.7696,0.7743,0.7779,0.7804,0.7836,0.7942,0.9995,1.0012,1.0029,1.0056,1.008,1.0105,1.0124,1.0158,1.023,1.0281,1.0375,1.0629,1.0675,1.4348,1.469,1.481,1.4841,1.4875,1.5117,1.6253,2.1172,2.119,2.1211,2.1228,2.1245,2.1874,2.1947,2.3963,2.4004,2.4054,3.0734,3.075,3.0774,3.0797,3.0815,3.0832,3.0889,3.0942,3.096,3.1025,3.1045,3.1088,3.118,3.1354,3.3112,3.3167,3.3213,3.3234,3.3276,3.3338,3.3368,3.3443,3.3505,3.3581,3.4162,3.4182,3.4201,3.4254,3.5345,3.5553,3.5571,3.5592,3.5609,3.5637,3.567,3.5706,3.5731,3.5767,3.5784,3.6322,3.8052,3.8124,3.8142,3.8161,3.8183,3.821,3.8235,3.831,3.8359,3.8439,3.8546,3.918,3.9589,4.0536,4.0557,4.0576,4.0601,4.0626,4.0654,4.0709,4.0768,4.08,4.0825,4.0858,4.0887,4.1082,4.6615,5.2698,5.777,5.9807,6.1302,6.132,6.1355,6.1372,6.1392,6.1412,6.1439,6.1481,6.1498,6.153,6.1566,6.1691,6.1748,6.1786,6.3585,6.9274,7.1019,7.2312,7.2693,7.4709,7.6236,7.6299,7.6355
-1.9287,-1.763,-1.6562,-1.5381,-1.0741,-1.0653,-1.0604,-1.0414,-1.006,-0.9463,-0.8127,-0.7426,-0.1923,0.0186,0.0207,0.0226,0.0243,0.026,0.0285,0.0392,0.0434,0.0452,0.0589,0.0654,0.0823,0.1099,0.1545,0.1572,0.2047,0.2561,0.2591,0.2614,0.2671,0.2689,0.2772,0.279,0.2886,0.2905,0.2956,0.3184,0.324,0.352,0.4351,0.4612,0.4994,0.5028,0.5048,0.5106,0.5172,0.5222,0.524,0.5288,0.6026,0.7576,0.7596,0.7622,0.764,0.7663,0.7705,0.779,0.7806,0.7831,0.7848,0.7868,0.7928,0.7999,0.8524,0.9986,1.0003,1.0043,1.0059,1.0075,1.0098,1.014,1.0196,1.0217,1.0377,1.0555,1.5481,2.2502,2.2659,2.7488,3.0715,3.0737,3.0757,3.0789,3.0817,3.0847,3.0892,3.0911,3.0935,3.0956,3.0975,3.1009,3.1028,3.1048,3.1262,3.3132,3.3158,3.3179,3.32,3.322,3.3247,3.3289,3.332,3.3355,3.3437,3.3565,3.4642,3.5226,3.5523,3.5554,3.5615,3.5664,3.5715,3.576,3.5784,3.5886,3.672,3.6903,3.8012,3.8113,3.8132,3.8154,3.8183,3.8203,3.822,3.8244,3.8319,3.8355,3.856,4.0337,4.0509,4.0529,4.0549,4.0568,4.0629,4.0675,4.0696,4.0726,4.0754,4.0782,4.0883,4.2568,4.4946,4.505,4.5168,4.52,4.5252,4.5324,4.5416,4.9193,5.2718,5.3659,6.1176,6.1327,6.136,6.1378,6.1397,6.1439,6.1456,6.1484,6.1562,6.1585,6.1638,6.1677,6.1694,6.1743,6.1762,6.178,6.181,6.1898,6.2873,6.5889,6.8335,6.842,6.86,7.4892,7.6135
-0.6872,-0.6638,-0.6365,-0.5997,-0.5737,-0.564,-0.3657,-0.3568,-0.3242,-0.3172,-0.0918,0.0184,0.0206,0.0232,0.0251,0.0269,0.0289,0.0319,0.0338,0.0354,0.0375,0.0429,0.0501,0.0557,0.0574,0.0601,0.2592,0.2609,0.2628,0.2656,0.2696,0.2716,0.2745,0.2766,0.2784,0.2803,0.2835,0.2859,0.3823,0.5002,0.5024,0.5046,0.5093,0.5154,0.5203,0.5241,0.5332,0.5364,0.538,0.7584,0.7601,0.7618,0.7634,0.7651,0.7699,0.7744,0.7874,0.7905,0.9373,0.999,1.0032,1.0049,1.0074,1.0091,1.0108,1.0139,1.0194,1.0214,1.029,1.0332,1.0476,1.0499,1.0844,1.1012,1.1042,1.3967,1.4038,1.482,1.6301,1.7829,1.8034,3.0742,3.0773,3.0795,3.0817,3.0882,3.0964,3.0981,3.1051,3.1069,3.1136,3.1396,3.1981,3.3113,3.3144,3.3161,3.3182,3.3222,3.3238,3.3274,3.3291,3.3324,3.3343,3.3362,3.338,3.3398,3.3495,3.5512,3.5528,3.5547,3.5563,3.5584,3.5602,3.5633,3.5682,3.5727,3.5854,3.5893,3.5952,3.5985,3.6128,3.7529,3.7716,3.8057,3.8155,3.818,3.8231,3.8249,3.8305,3.8337,3.8355,3.84,3.8446,3.8496,3.8567,3.8635,3.8728,3.8863,3.9178,3.9626,4.0532,4.0549,4.0569,4.0645,4.0663,4.0744,4.0783,4.0802,4.0873,4.093,4.1092,4.1211,4.2505,4.2553,4.3238,4.4783,4.4902,4.5066,4.678,5.0475,5.06,5.2656,5.2743,5.2816,5.758,5.7875,5.7894,5.7947,5.7969,5.8516,6.129,6.1324,6.1341,6.1383,6.1432,6.1459,6.1478,6.1561,6.1589,6.1628,6.1647,6.1664,6.1691,6.1722,6.1742,6.1805,6.192,6.1937,6.1957,6.3687,6.4976,6.6346,6.6802,6.8453,6.8491,7.3474,7.4034,7.7017
