-1.7537,-1.6874,-1.6847,-1.6785,-1.6729,-1.6681,-1.6616,-1.5924,-1.5904,-1.5442,-1.4966,-1.4899,-1.4562,-1.4541,-1.4521,-1.4495,-1.1397,-1.0583,-0.9664,-0.8119,-0.8092,-0.6983,-0.6939,-0.6081,-0.5907,-0.5383,-0.4539,-0.427,-0.2898,-0.1656,-0.0829,-0.0787,0.0192,0.021,0.0226,0.0274,0.0325,0.0381,0.0398,0.0422,0.0477,0.1503,0.2294,0.3261,0.3988,0.4015,0.4545,0.4716,0.4993,0.523,0.5296,0.6036,0.6183,0.7812,0.8456,0.8576,1.0013,1.003,1.0047,1.0072,1.0113,1.0686,1.0704,1.0728,1.0776,1.0999,1.1061,1.1819,1.2407,1.2993,1.3019,1.5495,1.5574,1.7231,1.735,2.4102,2.6274,2.8653,3.0726,3.0744,3.0778,3.0829,3.0903,3.0961,3.1016,3.1034,3.1089,3.2725,3.4594,3.4612,3.47,3.4748,3.5033,3.5561,3.5594,3.563,3.5672,3.5961,3.6577,3.6597,3.6624,3.8833,3.9213,3.9231,4.0543,4.0561,4.0592,4.0614,4.0631,4.0647,4.0671,4.0706,4.0836,4.2316,4.2352,4.4237,4.4324,4.4344,4.4941,4.6299,4.8824,4.8844,5.0076,5.013,5.2833,5.4115,5.6846,6.1318,6.1336,6.1361,6.1388,6.1425,6.1441,6.1462,6.1479,6.1515,6.1547,6.1671,6.1696,6.1732,6.1788,6.1824,6.1852,6.39,6.5739,7.2041,7.2122,7.2425,7.2476,7.3192,7.6562
-1.9121,-1.8898,-1.757,-1.6894,-1.5993,-1.1038,-1.0842,-1.0824,-1.0771,-1.0452,-1.0433,-0.9804,-0.9562,-0.9217,-0.7852,-0.7702,-0.7568,-0.6053,-0.6018,-0.1137,-0.1065,-0.0763,0.0168,0.0185,0.021,0.0234,0.0252,0.0283,0.0325,0.0375,0.04,0.0491,0.0562,0.0624,0.0831,0.0997,0.2073,0.3213,0.3987,0.4048,0.4155,0.4182,0.424,0.4582,0.4887,0.5048,0.5231,0.5377,0.6012,0.6039,0.6073,0.6129,0.6485,0.6965,0.8384,0.8926,0.8954,0.8974,0.9979,0.9998,1.0054,1.3144,1.4143,1.4696,1.4715,2.0446,2.0471,2.0516,2.3866,2.3883,2.7723,2.7854,3.071,3.0753,3.0781,3.0798,3.0868,3.0933,3.1,3.1142,3.4561,3.459,3.4721,3.5017,3.5566,3.5583,3.6438,3.657,3.6587,3.6618,3.7004,4.0367,4.0525,4.0556,4.0575,4.0606,4.0638,4.0824,4.2296,4.3871,4.4838,4.564,4.633,4.8133,4.8462,4.9965,5.0092,5.457,5.7523,5.8093,5.9854,5.9872,5.9932,6.0607,6.0624,6.0982,6.1313,6.1337,6.1355,6.1376,6.1443,6.146,6.435,6.4532,6.4607,6.4735,6.4904,6.6238,6.6316,6.6724,6.7345,6.8331,6.8611,6.8637,7.2315,7.2334,7.2379,7.3517,7.4923
-1.8732,-1.7893,-1.7789,-1.7773,-1.7708,-1.6681,-1.641,-1.6375,-1.3868,-1.3282,-1.2589,-1.248,-1.1969,-1.1824,-1.13,-1.1283,-1.1256,-1.1183,-0.9423,-0.9354,-0.9289,-0.9271,-0.9252,-0.8941,-0.891,-0.8618,-0.8588,-0.8456,-0.8414,-0.7435,-0.6648,-0.6346,-0.6307,-0.5346,-0.5288,-0.5248,-0.5231,-0.5183,-0.4492,-0.3901,-0.3662,-0.3639,-0.3339,-0.3318,-0.2828,-0.2804,-0.2583,-0.2567,-0.2513,-0.2475,-0.2374,-0.2179,-0.1518,0.0194,0.0211,0.0228,0.0288,0.0308,0.034,0.0369,0.0426,0.0492,0.065,0.1115,0.1902,0.2141,0.329,0.3988,0.4018,0.407,0.4111,0.4697,0.5017,0.5037,0.5162,0.5181,0.5664,0.6024,0.6113,0.7007,0.9993,1.0038,1.0058,1.0145,1.0856,1.1218,1.17,1.1737,1.2447,1.3946,1.4125,2.4909,3.06,3.0707,3.0741,3.0776,3.0804,3.0849,3.0881,3.1065,3.1489,3.3213,3.4645,3.4714,3.4738,3.5564,3.5593,3.561,3.6008,3.6025,3.6585,3.6684,3.6703,3.9489,4.0318,4.0522,4.0547,4.0576,4.0627,4.0647,4.0664,4.0727,4.0747,4.0806,4.2195,4.3551,4.3571,4.9486,5.256,5.2653,5.3944,6.0314,6.0854,6.0875,6.0903,6.0954,6.1024,6.1315,6.1348,6.1374,6.1406,6.1437,6.1457,6.1503,6.1579,6.1642,6.1668,6.1863,6.188,6.1907,6.4193,6.424,6.494,6.5574,6.8014,6.8226,6.9047,7.1077,7.1844,7.3858,7.3884,7.5313
-1.5606,-1.5531,-1.5216,-1.4795,-1.3872,-1.3815,-1.3423,-1.3403,-1.3313,-1.251,-1.2425,-1.141,-1.1337,-1.1072,-1.0991,-1.0944,-1.0821,-1.013,-0.8798,-0.862,-0.8533,-0.851,-0.8079,-0.8017,-0.7994,-0.7974,-0.7636,-0.7619,-0.628,-0.6261,-0.5915,-0.3904,-0.3471,-0.2886,-0.2416,-0.1245,-0.0884,-0.0323,-0.0296,-0.0265,0.0167,0.0187,0.0218,0.0235,0.0306,0.0513,0.0532,0.1169,0.1197,0.2542,0.3603,0.3973,0.4009,0.4102,0.4136,0.4173,0.4232,0.4391,0.4692,0.4811,0.5016,0.5097,0.5178,0.5195,0.5331,0.6009,0.6026,0.6042,0.6535,0.661,0.9965,0.999,1.0007,1.0027,1.1207,1.1768,1.864,2.5221,3.0708,3.0737,3.076,3.0825,3.0903,3.0974,3.173,3.4524,3.4547,3.4569,3.4598,3.4665,3.4713,3.4742,3.478,3.555,3.5596,3.5753,3.5807,3.5847,3.6457,3.6552,3.6574,3.6591,3.7531,3.7562,3.8086,3.8984,3.9463,4.0524,4.055,4.0571,4.0655,4.2859,4.3683,4.5018,4.85,4.9725,5.0205,5.3562,5.3593,5.3632,5.3652,5.3755,5.6369,6.1312,6.1364,6.1415,6.17,6.1982,6.2045,6.3595,6.3614,6.3648,6.7882,6.7967,6.8082,6.8268,6.8293,6.8603,6.8662,6.8955,6.8981,7.0803,7.1427,7.182,7.2125,7.241,7.3299,7.3331,7.4297,7.4952,7.5258
-1.9946,-1.9832,-1.9649,-1.8645,-1.8601,-1.7624,-1.5072,-1.5053,-1.5025,-1.4801,-1.4616,-1.4295,-1.4236,-1.3354,-1.0439,-1.009,-1.0038,-0.1929,-0.0457,0.0162,0.018,0.0209,0.0247,0.0284,0.0304,0.0355,0.2181,0.398,0.401,0.4067,0.4107,0.4128,0.4541,0.4764,0.4896,0.4979,0.5013,0.5032,0.5062,0.5252,0.5491,0.6005,0.6034,0.9187,0.9985,1.0009,1.0027,1.0063,1.0101,1.0129,1.0153,1.0234,1.0321,1.3764,1.7078,1.7202,2.1397,2.3215,2.4843,2.6401,2.7661,2.9828,3.0708,3.0731,3.0757,3.0786,3.0816,3.0835,3.0852,3.0871,3.0888,3.0926,3.3168,3.3549,3.3685,3.4533,3.4553,3.457,3.477,3.5545,3.5566,3.5585,3.5753,3.5777,3.5807,3.5825,3.656,3.6591,3.6769,3.7675,4.0515,4.0545,4.059,4.0621,4.0764,4.5042,5.3553,5.3842,5.4694,5.8334,5.8445,6.0358,6.132,6.1347,6.1366,6.1386,6.142,6.1453,6.1471,6.151,6.1587,6.1607,6.1636,6.196,6.789,6.8028,7.1552,7.3301,7.332,7.3373,7.3402,7.4858,7.4879,7.4946
-1.9289,-1.8013,-1.7988,-1.7951,-1.7884,-1.75,-1.7252,-1.5531,-1.3832,-1.3813,-1.3787,-1.3002,-1.2387,-1.2345,-0.7615,-0.4011,-0.2113,-0.1512,-0.1409,0.017,0.0193,0.0222,0.025,0.0318,0.0389,0.0615,0.0808,0.0951,0.1301,0.1345,0.3967,0.3986,0.4005,0.4027,0.4045,0.4062,0.4188,0.4815,0.4984,0.5018,0.5093,0.5182,0.5216,0.5994,0.6011,0.61,0.6176,0.6826,0.7352,0.7743,0.7812,0.9961,0.9988,1.0032,1.0075,1.0097,1.0163,1.0222,1.0287,1.0428,1.1749,1.2521,1.3276,1.3311,1.3836,1.5294,1.7202,1.977,1.9791,1.9828,2.0945,2.0985,2.2237,2.2267,2.3421,2.8038,3.0737,3.0769,3.0836,3.0854,3.087,3.0922,3.128,3.4521,3.454,3.4561,3.4609,3.4628,3.4646,3.5309,3.5562,3.5632,3.5758,3.5804,3.6303,3.6554,3.6583,3.6871,3.7179,3.7653,3.7967,4.0517,4.0533,4.0582,4.0633,4.065,4.0844,4.1125,4.2329,4.2404,4.2433,4.252,4.2708,4.567,4.6135,4.6152,4.6247,4.6508,4.6571,4.6818,4.6838,5.1674,5.3751,5.5273,5.5317,5.8894,5.9025,5.98,6.1312,6.1345,6.1377,6.1475,6.1679,6.3493,6.4958,6.4979,6.5089,6.5135,6.5516,6.5544,6.5568,6.5605,6.568,6.7777,6.7803,6.7932,6.8341,6.9296,6.9335,6.9379,6.9438,6.9711,7.0347,7.0365,7.0404,7.0446,7.0467,7.1164,7.1192,7.128,7.2176,7.2271,7.291,7.3382,7.4125,7.5955,7.6405,7.7781
-1.972,-1.9697,-1.93,-1.8924,-1.8622,-1.8408,-1.7645,-1.7583,-1.6622,-1.6504,-1.6076,-1.5578,-1.5559,-1.5161,-1.5144,-1.3586,-1.3415,-1.3396,-1.3349,-1.2943,-1.2772,-1.2755,-1.2728,-1.2387,-1.2161,-1.2042,-1.2026,-1.1944,-1.1924,-1.155,-1.135,-1.13,-1.092,-0.9957,-0.9939,-0.9919,-0.8574,-0.8364,-0.7789,-0.7751,-0.7583,0.0152,0.0205,0.0286,0.0304,0.0322,0.0363,0.0412,0.0481,0.2055,0.2071,0.3373,0.3963,0.3982,0.4001,0.4087,0.4187,0.4703,0.5019,0.5036,0.5062,0.5971,0.5997,0.6059,0.6193,0.6348,0.67,0.7735,0.7753,0.777,0.9962,0.9979,1.0066,1.0195,1.1609,1.1669,1.625,1.6408,1.9739,1.9889,1.9929,1.9954,2.3136,2.7478,2.7524,2.7541,2.8816,2.9491,2.9578,3.054,3.0559,3.0578,3.0602,3.0622,3.0638,3.0669,3.0686,3.0704,3.0742,3.0817,3.0841,3.2109,3.4393,3.4426,3.4483,3.5376,3.5398,3.5419,3.5439,3.5566,3.5927,3.6259,3.6426,3.6542,3.6575,3.8024,3.8042,3.8068,3.8152,3.8227,3.8362,3.8384,3.8488,3.8508,3.8687,3.9838,4.035,4.0368,4.0385,4.0405,4.0427,4.0445,4.049,4.0608,4.0625,4.4295,4.4684,4.557,4.6796,4.6907,4.9883,5.1351,5.5958,5.6046,5.6926,5.6969,5.6993,5.7067,5.7092,5.7177,6.1151,6.1168,6.119,6.1222,6.1279,6.1299,6.1319,6.1356,6.1379,6.1425,6.1445,6.1481,6.1651,6.1669,6.6257,6.6283,6.6335,6.7772,6.7934,7.1588,7.1842,7.191,7.1975,7.6
-1.8175,-1.7067,-1.7013,-1.6414,-1.6218,-1.6189,-1.5759,-1.5261,-1.5069,-1.5046,-1.4404,-1.4,-1.3372,-1.2449,-1.1627,-1.0028,-0.9149,-0.3989,-0.1248,0.0153,0.0172,0.0216,0.0239,0.0299,0.0346,0.2399,0.369,0.3726,0.3832,0.3927,0.3994,0.4028,0.4045,0.4175,0.42,0.4451,0.4971,0.4989,0.502,0.5038,0.5155,0.5175,0.5229,0.5246,0.549,0.5959,0.5982,0.6013,0.6061,0.6141,0.6199,0.8604,0.8632,0.9289,0.9957,0.9975,1.001,1.0043,1.0083,1.0101,1.0169,1.1414,1.1435,1.1515,1.1882,2.2618,2.2643,2.2707,2.3062,2.308,2.3106,2.313,2.3156,2.3185,2.3274,2.3839,2.4673,2.4692,2.818,3.0704,3.0726,3.0763,3.0796,3.0839,3.0865,3.09,3.092,3.0979,3.1047,3.4514,3.4573,3.4622,3.4667,3.4687,3.471,3.553,3.5559,3.5582,3.5996,3.6036,3.6528,3.6582,3.6699,3.6734,3.6797,3.7379,3.9661,3.9837,4.051,4.0527,4.0546,4.058,4.0668,4.1492,4.5962,4.6631,4.8136,4.8154,5.2465,5.5106,6.1326,6.1344,6.143,6.1447,6.1478,6.1535,6.1647,6.1745,6.4218,6.4448,6.4676,6.507,6.5321,6.6895,6.9221,6.9246,6.927,7.0605,7.1027,7.1399,7.2193,7.5851,7.6115
-1.8649,-1.8414,-1.8192,-1.8174,-1.8127,-1.8073,-1.7701,-1.768,-1.7451,-1.7314,-1.7286,-1.7259,-1.7043,-1.6979,-1.6917,-1.6582,-1.6037,-1.5825,-1.5561,-1.5543,-1.5466,-1.4948,-1.4878,-1.247,-1.245,-1.2408,-1.2377,-1.2154,-1.2084,-1.192,-1.1886,-1.1838,-1.1818,-1.176,-1.14,-1.1304,-1.1083,-1.054,-0.933,-0.8868,-0.8564,-0.7802,-0.6574,-0.4239,-0.3731,-0.3688,-0.269,-0.0937,-0.082,0.0152,0.0171,0.0193,0.0211,0.0231,0.0265,0.0311,0.0328,0.039,0.0456,0.0513,0.058,0.3885,0.395,0.3969,0.4018,0.4115,0.4166,0.4535,0.4958,0.4981,0.523,0.5281,0.53,0.5977,0.6005,0.6032,0.6116,0.6134,0.6723,0.7181,0.7221,0.761,0.7654,0.7916,0.7934,0.795,0.7968,0.9966,0.9984,1.0005,1.0105,1.0122,1.0147,1.0284,1.7264,1.9644,1.9662,1.9681,1.9704,2.1628,2.1682,2.1724,2.1773,2.2496,2.391,2.3929,2.6391,2.6477,2.6822,2.6839,2.6958,2.6994,2.7625,2.7657,2.7743,3.0271,3.0404,3.0702,3.072,3.0748,3.0786,3.0816,3.086,3.0881,3.1052,3.1103,3.113,3.4563,3.4629,3.4647,3.4726,3.5516,3.5568,3.5601,3.5665,3.5683,3.5764,3.6182,3.6536,3.6567,3.6592,3.6661,3.6692,3.939,3.9421,3.9747,4.0512,4.0537,4.0555,4.0572,4.0621,4.0651,4.0677,4.0724,4.1166,4.121,4.1916,4.4479,4.4555,4.589,5.6866,5.6888,5.8904,5.8956,5.8996,6.1314,6.1334,6.1353,6.1374,6.1413,6.1458,6.1479,6.15,6.1631,6.1673,6.1713,6.4347,6.4376,6.4475,6.7961,6.8003,6.8042,6.81,6.8117,6.9834,6.9913,6.993,6.9955,7.0005,7.0034,7.0249,7.1757,7.297,7.3108,7.3133,7.3153,7.3275,7.3307,7.4614,7.4648,7.4751,7.6841,7.691,7.7061,7.7206
-1.7196,-1.6919,-1.6879,-1.5838,-1.4839,-1.4287,-1.3756,-1.3602,-1.3529,-1.2842,-1.2223,-1.1715,-1.1689,-1.1649,-1.1632,-0.996,-0.992,-0.8774,-0.7579,-0.7557,-0.7512,-0.7159,-0.672,-0.6583,-0.6527,-0.6442,-0.5349,-0.533,-0.5306,-0.503,-0.4964,-0.431,-0.4292,-0.4266,-0.4233,-0.4186,-0.3497,-0.3457,-0.3404,-0.3367,-0.32,-0.3184,-0.3111,-0.307,-0.2726,-0.2705,-0.265,0.0036,0.0166,0.0186,0.0243,0.0267,0.0285,0.0421,0.0509,0.0594,0.0614,0.3872,0.3996,0.4013,0.4077,0.4099,0.4116,0.4174,0.4206,0.4551,0.4576,0.4966,0.5013,0.5042,0.5072,0.5974,0.6003,0.6029,0.6081,0.6097,0.8328,0.8529,0.9969,0.999,1.0009,1.0026,1.0044,1.0091,1.0111,1.026,1.0278,1.2047,1.2068,1.2087,1.2575,1.2785,1.2822,1.2908,1.4795,2.2081,2.2436,2.2462,2.3325,2.3804,2.3834,2.4403,3.0173,3.0339,3.0705,3.0745,3.0776,3.0794,3.0825,3.0856,3.0938,3.1064,3.4572,3.463,3.4707,3.4741,3.4844,3.5545,3.5569,3.6066,3.6557,3.6584,3.6634,3.7536,3.8069,3.8191,3.8458,3.849,3.8853,3.8874,3.9167,3.9184,3.9201,3.9217,4.0388,4.0414,4.0517,4.0535,4.0588,4.0606,4.0631,4.0729,4.0807,4.6201,5.0686,5.0728,5.6118,5.9183,6.1291,6.1317,6.1334,6.1354,6.1391,6.1417,6.1436,6.1477,6.1494,6.1513,6.1573,6.1616,6.1674,6.1716,6.365,6.7433,6.7451,6.799,6.8425,6.8458,6.8665,6.8686,6.8722,6.8739,6.9488,7.0371,7.0448,7.0486,7.0608,7.0627,7.1422,7.3356,7.408
-1.8756,-1.8696,-1.8672,-1.8656,-1.8263,-1.7669,-1.7586,-1.7566,-1.755,-1.7522,-1.7506,-1.6863,-1.4299,-1.4282,-1.4262,-1.2338,-1.2322,-1.2011,-1.1381,-1.1357,-1.1055,-1.1004,-1.0215,-1.0163,-1.0107,-0.9858,-0.8066,-0.7938,-0.7888,-0.6981,-0.629,-0.6182,-0.57,-0.2919,-0.1257,-0.1219,-0.11,-0.082,-0.0512,-0.0495,-0.0443,0.0182,0.0199,0.0217,0.025,0.0269,0.0304,0.0367,0.0385,0.0411,0.0481,0.0537,0.099,0.3996,0.4013,0.4052,0.4078,0.4095,0.4222,0.431,0.5013,0.5053,0.5072,0.5976,0.6022,0.6041,0.6058,0.61,0.6155,0.6537,0.6765,0.6798,0.6825,0.6858,0.8142,0.8161,0.8197,0.8261,0.8281,0.9974,0.9997,1.0024,1.0055,1.0072,1.009,1.0135,1.0168,1.0185,1.3747,1.7806,1.7849,1.8639,1.9566,2.2825,2.6134,2.6152,2.6177,2.6211,2.6877,2.7467,2.7851,2.7905,2.8127,3.0752,3.0771,3.0788,3.0806,3.0861,3.0899,3.0933,3.1002,3.1144,3.1452,3.2044,3.2131,3.2267,3.4538,3.4559,3.4583,3.4653,3.4695,3.4743,3.4858,3.5003,3.5272,3.5551,3.5603,3.5622,3.6306,3.6556,3.6575,3.6598,3.6651,4.0531,4.0552,4.0573,4.0592,4.0611,4.0641,4.0689,4.0752,4.079,4.0809,4.156,4.2384,4.3146,4.3184,4.5651,5.0642,5.491,5.6234,6.044,6.0459,6.08,6.082,6.1319,6.1341,6.1442,6.1494,6.1529,6.1548,6.158,6.1599,6.1616,6.1732,6.1751,6.179,6.3563,6.4372,6.4392,6.4432,6.4472,6.4488,6.4523,6.4553,6.458,6.4597,6.491,6.5078,6.5095,6.5119,6.6835,6.6888,6.6978,6.7415,6.745,6.7635,7.0297,7.3258,7.4606,7.4726,7.5998
-1.9196,-1.9156,-1.841,-1.783,-1.7805,-1.7272,-1.7247,-1.6615,-1.6573,-1.6168,-1.5997,-1.555,-1.5531,-1.546,-1.4114,-1.4009,-1.1849,-1.1831,-0.6637,-0.4426,-0.2811,-0.2579,-0.1612,0.0165,0.0182,0.0219,0.0248,0.0278,0.0304,0.0346,0.0416,0.0725,0.1063,0.1175,0.1509,0.1847,0.2244,0.396,0.3978,0.3996,0.4039,0.4087,0.4115,0.4179,0.42,0.4262,0.4949,0.499,0.5011,0.5027,0.5084,0.5129,0.5416,0.6003,0.6019,0.6039,0.6055,0.6075,0.6226,0.6365,0.6404,0.6461,0.6723,0.6777,0.7739,0.8037,0.8054,0.8073,0.812,0.8364,0.8384,0.9002,0.9966,0.9985,1.0009,1.0029,1.0085,1.0101,1.0174,1.3003,1.4015,1.4031,1.4059,1.4135,1.4817,1.4836,1.539,1.5451,1.8427,1.8889,1.9969,2.1736,2.1759,2.1806,2.2144,2.6887,2.7358,2.883,3.0705,3.0722,3.0746,3.0768,3.0817,3.0836,3.0864,3.0941,3.157,3.1715,3.4538,3.4611,3.4677,3.4704,3.482,3.4958,3.4988,3.5559,3.5589,3.561,3.5719,3.6259,3.6291,3.643,3.6552,3.657,3.6635,3.6653,3.6911,3.719,3.7208,3.727,3.7444,3.7481,3.8106,3.9706,4.052,4.0539,4.0559,4.0586,4.0622,4.0657,4.0683,4.0735,4.0815,4.0837,4.4081,4.9442,4.9501,4.9601,5.1552,5.4736,6.1221,6.1302,6.1331,6.1352,6.1381,6.1406,6.1425,6.1446,6.1469,6.1487,6.1526,6.172,6.177,6.1827,6.2267,6.3126,6.3535,6.3566,6.4179,6.4224,6.4832,6.524,6.5585,6.5646,6.5696,6.5718,6.6338,6.6363,6.6403,6.6482,6.6502,6.7649,6.7676,6.8666,6.9744,6.9785,6.9805,6.9974,7.0966,7.0985,7.1783,7.3484,7.3576,7.3594,7.3877,7.5419,7.5874,7.5896
-1.9767,-1.9042,-1.9023,-1.9004,-1.8955,-1.827,-1.6124,-1.6067,-1.5994,-1.5971,-1.5938,-1.592,-1.5836,-1.5672,-1.5042,-1.4906,-1.4721,-1.4457,-1.4396,-1.438,-1.3456,-1.3422,-1.3328,-1.3312,-1.329,-1.3272,-1.2603,-1.2206,-1.2185,-1.1945,-1.1852,-1.161,-0.9198,-0.7552,-0.7502,-0.721,-0.7141,-0.7111,-0.7094,-0.618,-0.6035,-0.5723,-0.5703,-0.2758,-0.2663,-0.1986,-0.1965,-0.1946,-0.0524,0.0159,0.0187,0.0283,0.0306,0.0332,0.0389,0.0715,0.1441,0.1788,0.3997,0.404,0.4109,0.414,0.4156,0.4436,0.4981,0.4998,0.5128,0.518,0.5498,0.5529,0.5693,0.5868,0.5973,0.6003,0.6024,0.6148,0.6164,0.9982,1.0016,1.0096,1.017,1.096,1.0985,1.1006,1.1821,1.4048,1.5126,1.5142,1.5992,1.6304,1.6357,1.671,1.7349,1.8293,1.9571,1.9981,2.2896,2.3264,2.3284,2.4902,2.547,2.7699,2.884,3.0556,3.0582,3.06,3.0639,3.0685,3.0733,3.0798,3.0822,3.1025,3.1142,3.4075,3.4353,3.4378,3.4399,3.4443,3.4483,3.4501,3.4595,3.4921,3.5385,3.5405,3.5442,3.5491,3.5551,3.5568,3.6394,3.6427,3.6465,3.6634,3.6655,3.7418,3.776,3.8059,3.8099,3.8542,4.0364,4.039,4.0407,4.0454,4.0488,4.0562,4.0609,4.0653,5.0237,5.0959,5.2757,5.2815,5.406,5.498,5.5237,5.7915,5.9299,5.9393,5.995,6.1007,6.1028,6.1051,6.1072,6.1114,6.1155,6.1193,6.1392,6.1483,6.2365,6.2693,6.3773,6.7493,6.7539,6.7558,6.7585,6.8562,6.8602,7.0511,7.1208,7.1445,7.2399,7.2557,7.4802
-1.9596,-1.8726,-1.8518,-1.8272,-1.8003,-1.7883,-1.7629,-1.7504,-1.6834,-1.4559,-1.3437,-1.2008,-1.1202,-1.0401,-1.0376,-0.9421,-0.931,-0.9252,-0.8355,-0.733,-0.7289,-0.6745,-0.2704,-0.2545,-0.1889,-0.0579,0.0174,0.0203,0.0248,0.0284,0.0331,0.0364,0.0663,0.0903,0.2527,0.3194,0.3659,0.3962,0.3979,0.3997,0.4016,0.4099,0.4117,0.4197,0.4931,0.4984,0.5001,0.507,0.5114,0.5146,0.5642,0.5983,0.6001,0.6018,0.8216,0.8232,0.8267,0.8414,0.8449,0.8511,0.8669,0.9961,0.9994,1.002,1.0088,1.0149,1.2034,1.3169,1.3249,1.4151,1.417,1.4503,1.4698,1.4717,1.4768,1.6017,1.681,1.6828,1.7907,1.8871,1.9209,1.9702,1.9832,1.9865,2.1461,2.2441,2.4928,2.4984,2.6199,2.6259,2.6283,2.958,3.0726,3.0747,3.0764,3.0783,3.0813,3.0832,3.088,3.0898,3.0922,3.0988,3.1007,3.1321,3.4523,3.4557,3.4652,3.4977,3.5186,3.5538,3.5558,3.5577,3.5602,3.5622,3.5667,3.651,3.6534,3.6551,3.658,3.6824,3.7346,3.7467,3.7484,3.7515,3.7544,3.7565,3.7889,3.8388,3.8405,3.9579,3.9607,3.9634,3.9694,4.0096,4.0314,4.0386,4.0507,4.0534,4.056,4.0581,4.0617,4.1329,4.4256,4.4317,4.828,5.0688,5.2361,5.2396,5.6089,5.7713,5.7771,5.7799,5.7825,5.7842,5.8842,5.9309,5.9564,5.958,6.0199,6.0258,6.1326,6.1347,6.1364,6.1387,6.1408,6.1429,6.146,6.1476,6.1831,6.1854,6.2914,6.3481,6.4375,6.4399,6.4465,6.5507,6.5961,6.5986,6.6028,6.6058,6.6083,6.7161,6.9025,7.0436,7.0811,7.0856,7.1123,7.1142,7.117,7.1211,7.1752,7.1851,7.1871,7.1943,7.2967,7.3011,7.3043,7.3104,7.4604
-1.9475,-1.9454,-1.9284,-1.7643,-1.7624,-1.7535,-1.7117,-1.7057,-1.6689,-1.6236,-1.6139,-1.6033,-1.5824,-1.5808,-1.579,-1.467,-1.4653,-1.2049,-1.114,-1.099,-1.0668,-1.054,-1.0384,-1.0343,-0.9285,-0.9261,-0.9233,-0.9191,-0.9116,-0.7218,-0.4044,-0.3962,-0.3941,-0.3798,-0.3697,-0.3606,-0.3573,-0.3551,-0.2724,-0.2685,-0.2645,-0.209,-0.1962,-0.1054,-0.0917,0.0147,0.0171,0.0219,0.0272,0.0336,0.0356,0.0394,0.0444,0.0839,0.132,0.1377,0.1631,0.1991,0.2346,0.3042,0.3956,0.3974,0.4027,0.4058,0.4076,0.4132,0.4177,0.4229,0.4965,0.4985,0.5019,0.5037,0.5139,0.5156,0.5219,0.525,0.5735,0.599,0.6009,0.6027,0.6044,0.9964,0.9997,1.0023,1.0073,1.0126,1.0143,1.0176,1.0893,1.0986,1.1518,1.1814,1.1868,1.2038,1.2523,1.2998,1.3475,1.4174,1.5457,1.558,1.5685,1.5711,1.5756,1.5773,1.6174,1.6266,1.6284,1.6429,1.7119,1.757,1.8727,2.2082,2.2202,2.2846,2.2865,2.289,2.2911,2.2946,2.3177,2.3486,2.3505,2.3524,2.4694,2.4805,2.4826,2.5006,2.5189,2.5217,2.6544,2.7196,2.7241,2.7295,2.7311,2.8984,3.0703,3.072,3.0745,3.0821,3.0838,3.0859,3.0896,3.0975,3.1902,3.3445,3.4508,3.4535,3.4552,3.4572,3.459,3.4622,3.464,3.4677,3.4696,3.4901,3.4918,3.5309,3.5537,3.5576,3.5595,3.5736,3.6188,3.6281,3.6518,3.654,3.6565,3.6583,3.7699,3.8357,3.8584,3.8805,3.9033,3.9525,3.9543,4.0495,4.0513,4.0533,4.0557,4.0607,4.0635,4.0742,4.0778,4.1913,4.195,4.2587,4.2657,4.5845,4.6256,4.6273,4.6559,4.6882,4.8298,5.0078,5.0531,5.1657,5.2142,5.2345,5.2628,5.2894,5.4113,5.5553,5.5576,5.6131,5.7656,5.7767,5.788,5.8274,5.9616,6.1155,6.1172,6.1199,6.129,6.1334,6.1355,6.1373,6.1519,6.1538,6.3734,6.4217,6.494,6.5853,6.7073,6.8098,7.0621,7.0643,7.3663

-1.8406,-1.8193,-1.7364,-1.7019,-1.6549,-1.6447,-1.6317,-1.6236,-1.5373,-1.5346,-1.486,-1.4252,-1.2018,-1.0721,-0.5667,-0.5491,-0.5473,-0.5232,-0.5188,-0.1846,-0.1819,-0.156,-0.1543,-0.1511,-0.144,0.0096,0.0118,0.0186,0.0209,0.0261,0.0361,0.0398,0.0414,0.0443,0.0593,0.2849,0.2875,0.2917,0.296,0.2976,0.3016,0.3034,0.3059,0.3075,0.3115,0.3242,0.3387,0.3427,0.4015,0.4056,0.4126,0.4181,0.4202,0.4641,0.4658,0.5017,0.5048,0.5072,0.6014,0.6031,0.621,0.7047,0.8529,0.8556,0.8862,0.8881,0.9206,1.0029,1.0105,1.0255,1.0635,1.1012,1.1476,1.1676,1.1798,1.3042,1.3895,1.615,1.6217,1.8324,1.9187,1.9253,2.0259,2.8125,2.9096,2.9196,2.9514,2.9732,2.9756,3.0744,3.0769,3.0811,3.1028,3.1327,3.1947,3.1964,3.2213,3.2261,3.3145,3.3164,3.3196,3.3223,3.3364,3.3674,3.4311,3.5557,3.5598,3.5618,3.5681,3.7532,3.7635,3.7707,3.812,3.8139,3.8209,3.8271,3.8589,4.0371,4.0395,4.0527,4.0547,4.0599,4.0655,4.5112,4.5158,4.7004,4.7064,4.7685,5.6637,5.7389,5.7636,6.0708,6.1315,6.1346,6.1365,6.1409,6.1427,6.1512,6.258,6.8574,6.8862,6.8879,7.1002,7.1468,7.1485,7.1506,7.1543,7.2849,7.4412,7.5317,7.5544,7.5613
-1.892,-1.7028,-1.5267,-0.8892,-0.8199,-0.8155,-0.8067,-0.4523,-0.4499,-0.447,0.0174,0.0194,0.0215,0.0231,0.0249,0.0266,0.0347,0.038,0.0435,0.0852,0.0954,0.1452,0.4007,0.4026,0.4047,0.4205,0.4497,0.4577,0.5064,0.5716,0.6019,0.6048,0.6066,0.6111,0.6204,0.9518,0.9687,0.9971,1.0009,1.0049,1.7106,1.9124,2.0554,2.4694,2.48,3.0735,3.0756,3.0788,3.0806,3.0865,3.0901,3.0944,3.1014,3.1033,3.3143,3.3161,3.3184,3.3207,3.3234,3.3252,3.3289,3.3384,3.3993,3.5401,3.555,3.5597,3.5636,3.8151,3.8171,3.8231,3.8417,4.0517,4.0535,4.0557,4.059,4.0677,4.0827,4.4507,4.4786,4.8432,5.013,5.1598,5.7335,5.9123,5.9171,6.132,6.1351,6.139,6.1432,6.145,6.1479,6.1499,6.1566,6.1589,6.5642,6.5771,6.6555,6.7829,6.828,6.8303,6.8384,6.8418,7.1032,7.108,7.1206,7.3006,7.463
-1.875,-1.7154,-1.7138,-1.7086,-1.7066,-1.7026,-1.6603,-1.6119,-1.6096,-1.5971,-1.5932,-1.5791,-1.4856,-1.4461,-1.4305,-1.178,-1.1399,-1.0957,-1.0611,-1.0366,-0.938,-0.9239,-0.8579,-0.8476,0.0164,0.0183,0.0202,0.0218,0.0242,0.0288,0.0342,0.0443,0.0543,0.391,0.3992,0.4019,0.4049,0.4086,0.4145,0.4161,0.4253,0.501,0.5041,0.5143,0.5251,0.567,0.6004,0.6036,0.7056,0.7532,0.997,0.9994,1.0013,1.0033,1.0082,1.0127,1.0145,1.0269,1.0313,1.0358,1.2296,1.2885,1.2941,1.6076,1.7687,1.7761,1.7794,1.7838,2.014,2.0186,2.5414,2.6804,3.0651,3.067,3.0699,3.083,3.0913,3.1122,3.3077,3.3094,3.3113,3.3131,3.3151,3.3234,3.331,3.5466,3.5487,3.5508,3.5549,3.5569,3.5645,3.5697,3.6119,3.8063,3.8082,3.8102,3.814,3.8179,3.8198,3.8262,4.0454,4.0475,4.0562,4.058,4.2564,4.3343,4.6891,4.6918,5.6336,5.869,5.8726,6.1244,6.1263,6.1284,6.13,6.136,6.1381,6.1402,6.1422,6.1504,6.1641,6.1805,6.7957,6.8007,6.8163,6.8895,6.9625,7.1357,7.1714,7.173,7.217,7.2189,7.3727,7.3914,7.6651,7.667
-1.759,-1.4901,-1.4385,-1.4346,-1.4036,-1.2466,-1.2101,-0.7699,-0.7655,-0.7575,-0.7313,-0.7293,-0.7267,-0.7216,-0.7196,-0.711,-0.7051,-0.6643,-0.6624,-0.6593,-0.6537,-0.6448,-0.6429,-0.6001,-0.5979,-0.5412,-0.4777,-0.258,-0.2341,-0.1153,0.0162,0.0188,0.0206,0.0223,0.0247,0.0285,0.036,0.0438,0.0575,0.2039,0.2084,0.3994,0.402,0.405,0.4211,0.5001,0.5079,0.5097,0.5986,0.6008,0.6041,0.6149,0.6243,0.664,0.7011,0.9957,0.9974,0.9996,1.0018,1.0053,1.0129,1.0199,1.0215,1.0316,1.0356,1.1391,1.1409,1.1425,1.3111,1.5537,1.5633,1.5651,2.4247,2.4862,2.8962,2.8982,3.0708,3.0725,3.0803,3.0842,3.0924,3.1508,3.3138,3.3157,3.3195,3.3281,3.3308,3.5522,3.554,3.5563,3.5593,3.5614,3.566,3.5755,3.6867,3.7767,3.8109,3.8144,3.8161,3.8188,3.824,3.8272,3.831,3.8413,3.9346,3.9862,4.0551,4.0567,4.0586,4.0656,4.0676,4.2106,4.3656,4.5174,4.6472,4.8628,5.2174,5.4076,5.4117,5.4176,5.5795,5.7089,5.7818,5.7872,6.098,6.1326,6.1344,6.1364,6.1466,6.1516,6.1634,6.1668,6.1747,6.616,6.7259,6.729,6.9957,7.0013,7.2174,7.236,7.2398,7.2718,7.2757,7.3638,7.3676,7.5473,7.5548,7.5583,7.5704
-1.7678,-1.7513,-1.7121,-1.646,-1.5941,-1.5872,-1.5849,-1.5783,-1.5766,-1.425,-1.2953,-1.0827,-1.0557,-1.053,-1.051,-0.8727,-0.8411,-0.7397,-0.7379,-0.733,-0.7052,-0.701,-0.6507,-0.645,-0.6408,-0.6112,-0.6093,-0.4987,-0.204,-0.1999,-0.0841,-0.0701,-0.0585,-0.0088,0.0203,0.0228,0.0256,0.0282,0.0327,0.0361,0.0414,0.0571,0.1247,0.1268,0.1464,0.1499,0.1541,0.2626,0.3227,0.3997,0.4015,0.4062,0.411,0.4135,0.4197,0.4984,0.5004,0.5156,0.5985,0.6017,0.6053,0.6158,0.6347,0.6377,0.747,0.7489,0.9427,0.9788,0.9979,0.9996,1.0035,1.0051,1.0178,1.0207,1.0328,1.6813,1.8519,2.2129,2.2688,2.6069,3.0555,3.0574,3.0594,3.0611,3.0649,3.0689,3.0727,3.097,3.1746,3.2975,3.2993,3.302,3.3078,3.3116,3.3185,3.321,3.3499,3.5359,3.5381,3.5398,3.5447,3.5477,3.7862,3.7951,3.7969,3.8006,3.8057,3.8147,3.8279,3.9668,4.0011,4.0352,4.0381,4.0402,4.0438,4.0487,4.0513,4.0585,4.2691,4.2784,4.28,4.3111,4.3602,4.7166,4.7624,4.9104,5.1808,5.4789,5.4941,5.5043,5.6947,5.6968,5.7029,5.7543,5.7598,5.77,6.0143,6.1163,6.119,6.1218,6.1343,6.8056,6.842,6.844,7.1948,7.2086,7.2178,7.2344,7.2576,7.3419,7.3851,7.3999,7.4173,7.5518,7.5568,7.5585
-1.8945,-1.8667,-1.8485,-1.7337,-1.6228,-1.6169,-1.5981,-1.3177,-1.2309,-1.2181,-1.1636,-1.1025,-1.0815,-1.0433,-0.9782,-0.7489,-0.7471,-0.7434,-0.5717,-0.5349,-0.5245,-0.4963,-0.3821,-0.3802,-0.3781,-0.3681,-0.213,-0.0798,0.0159,0.0196,0.0214,0.0246,0.0264,0.0294,0.0311,0.035,0.0438,0.059,0.0879,0.1648,0.2176,0.2945,0.3976,0.3997,0.4037,0.4103,0.4177,0.4325,0.4977,0.4996,0.5015,0.5031,0.5988,0.6012,0.603,0.9601,0.9622,0.9973,1.001,1.2914,1.6678,1.6695,1.6714,1.9712,2.0991,2.1015,2.2312,2.7978,2.8445,2.8768,3.0704,3.0757,3.0784,3.0802,3.0822,3.0853,3.0939,3.0986,3.1078,3.1101,3.191,3.3137,3.3153,3.3172,3.3209,3.324,3.3523,3.5516,3.5536,3.5553,3.5571,3.5606,3.5637,3.8112,3.813,3.816,3.8189,3.821,3.8229,3.8256,3.8507,3.8525,3.8562,4.0512,4.0538,4.0562,4.0602,4.0679,4.4924,5.1354,5.1441,5.2401,5.2786,5.6037,5.9424,5.9453,5.9539,5.9567,5.9628,6.1305,6.1323,6.1342,6.1361,6.1457,6.1698,6.7247,6.7469,6.7625,6.9112,7.155,7.221,7.2279,7.2882,7.6304,7.6345
-1.971,-1.91,-1.5769,-1.4819,-1.456,-1.3381,-1.3167,-1.3128,-1.3093,-1.1702,-1.1467,-1.0176,-0.9517,-0.9165,-0.8896,-0.8761,-0.78,-0.7783,-0.7733,-0.7274,-0.5288,-0.5239,-0.5027,-0.4862,-0.4844,-0.4466,-0.0164,0.0128,0.0158,0.0175,0.0192,0.0246,0.0276,0.0296,0.0327,0.036,0.0406,0.0438,0.0555,0.0745,0.0768,0.079,0.0808,0.0838,0.087,0.089,0.0919,0.0961,0.1025,0.1226,0.2059,0.4046,0.4087,0.4114,0.4186,0.4258,0.4988,0.5006,0.5074,0.5251,0.5511,0.5537,0.5699,0.5781,0.5998,0.603,0.6074,0.6136,0.6257,0.8429,0.8448,0.8485,0.8521,0.8553,0.8577,0.9112,0.9132,0.9149,0.9214,0.9974,1,1.0019,1.0087,1.0195,1.0239,1.0917,1.6963,1.7019,1.7921,1.9719,2.2838,2.2856,2.2907,2.2923,2.3536,2.4815,2.7246,2.7325,3.0713,3.0739,3.0784,3.0801,3.0824,3.1002,3.1114,3.294,3.3116,3.3136,3.3166,3.3186,3.323,3.328,3.5021,3.5514,3.5531,3.5575,3.5626,3.573,3.5822,3.6072,3.8124,3.8147,3.817,3.8224,3.8255,3.8304,3.8571,4.0524,4.0563,4.0596,4.068,4.0718,4.0787,4.3843,4.5711,4.5729,4.9591,4.9768,4.9923,5.891,6.0058,6.0128,6.1285,6.1316,6.1354,6.1385,6.1409,6.1438,6.148,6.1544,6.2142,6.5292,6.5879,6.5923,6.7541,6.9407,6.9429,6.9454,6.9508,6.9534,6.955,6.9778,6.9831,6.9852,7.0018,7.0348,7.0368,7.0431,7.0893,7.0938,7.0974,7.1232,7.1423,7.1752,7.4892,7.6349
-1.9927,-1.9882,-1.9863,-1.9453,-1.8394,-1.8366,-1.7636,-1.7578,-1.6787,-1.5799,-1.5778,-1.5309,-1.4069,-1.3398,-1.2642,-1.2176,-1.1331,-1.1084,-1.0965,-0.9914,-0.9574,-0.9523,-0.9502,-0.9472,-0.9012,-0.8793,-0.8208,-0.792,-0.79,-0.7363,-0.7126,-0.7108,-0.7087,-0.7067,-0.7012,-0.6413,-0.4875,-0.4793,-0.3675,-0.3313,-0.3227,-0.3209,-0.3176,-0.3157,-0.2796,-0.0973,-0.0082,0.0159,0.018,0.0202,0.0221,0.0241,0.0261,0.0308,0.0337,0.0372,0.0408,0.0474,0.0558,0.0628,0.0762,0.0805,0.3692,0.396,0.417,0.4514,0.4533,0.474,0.4757,0.4971,0.5011,0.5029,0.5157,0.5234,0.5806,0.596,0.5992,0.6016,0.6045,0.6136,0.6208,0.6806,0.7057,0.8618,0.9499,0.9532,0.9968,0.9985,1.0011,1.0043,1.0095,1.0111,1.0138,1.0157,1.2299,1.4309,1.6215,1.774,2.2284,2.5321,2.7167,3.0691,3.0728,3.0754,3.0788,3.0813,3.0869,3.1437,3.3095,3.3113,3.3141,3.3188,3.3279,3.3297,3.3349,3.3503,3.3938,3.5503,3.5523,3.5544,3.5562,3.5704,3.5725,3.653,3.6606,3.6739,3.6756,3.8108,3.8149,3.8173,3.8283,3.8353,4.05,4.0522,4.0555,4.0604,4.0647,4.0686,4.0718,4.0744,4.0957,4.3063,4.3504,4.8677,5.0074,5.0857,5.0979,5.4012,5.4079,5.423,5.4633,5.4852,5.5103,5.9422,5.99,6.1102,6.1316,6.1335,6.1353,6.1373,6.1413,6.1443,6.1464,6.1498,6.1516,6.1537,6.1622,6.1638,6.1659,6.1689,6.1711,6.1794,6.1959,6.4379,6.5307,6.5352,6.5396,6.544,6.8494,6.8564,6.9343,6.9382,6.9428,7.0171
-1.8206,-1.4799,-1.1362,-1.127,-1.0719,-1.0702,-1.0475,-1.0181,-1.0048,-0.9038,-0.9019,-0.8919,-0.8544,-0.7463,-0.7438,-0.7418,-0.7366,-0.7309,-0.6742,-0.6403,-0.6146,-0.6121,-0.6051,-0.596,-0.5792,-0.5642,-0.5402,-0.5125,-0.4748,-0.4104,-0.3933,-0.3916,-0.2945,-0.2924,-0.2903,-0.2879,-0.2641,-0.0586,0.016,0.0181,0.0216,0.0235,0.0255,0.028,0.0298,0.0316,0.0356,0.0387,0.0405,0.0536,0.057,0.0875,0.3728,0.3953,0.3972,0.4006,0.4045,0.4088,0.4174,0.451,0.4527,0.4969,0.4985,0.5017,0.5186,0.596,0.5985,0.6006,0.6025,0.6111,0.6319,0.7746,0.9954,0.9997,1.0024,1.0095,1.0125,1.1226,1.1934,1.1953,1.4936,1.5285,1.9268,2.3355,2.3408,2.5155,2.5465,3.0261,3.0278,3.0703,3.072,3.0737,3.0768,3.0838,3.0861,3.0881,3.0954,3.0976,3.1217,3.1249,3.2611,3.2698,3.3106,3.3125,3.3153,3.3173,3.3231,3.3255,3.345,3.5493,3.5521,3.5548,3.5568,3.5644,3.5701,3.588,3.7749,3.8101,3.812,3.8148,3.8164,3.8187,3.8244,3.8279,3.8341,3.9899,3.9979,4.0012,4.0046,4.045,4.051,4.0527,4.0574,4.0634,4.0655,4.0851,4.1885,4.437,4.776,4.7806,4.8374,4.8746,4.991,5.0305,5.0333,5.0575,5.4105,5.4286,5.4303,5.4327,5.4422,5.4491,5.472,5.4737,5.7344,5.7361,5.9393,6.131,6.1337,6.1354,6.1399,6.1452,6.1713,6.1793,6.1823,6.4862,6.4916,6.5426,6.5446,6.5466,6.5539,6.7245,6.8945,7.0791,7.0913,7.1741,7.1792,7.1856,7.3317,7.3338,7.4156,7.4229,7.4766,7.4843,7.5186,7.523,7.5359
-1.8834,-1.6939,-1.6908,-1.6722,-1.6445,-1.6429,-1.6413,-1.639,-1.6371,-1.6354,-1.6335,-1.6246,-1.5726,-1.5688,-1.5584,-1.4695,-1.4662,-1.4595,-1.4576,-1.4521,-1.2933,-1.2205,-1.2186,-1.2151,-1.2134,-0.9,-0.7465,-0.7445,-0.7329,-0.5723,-0.5644,-0.5182,-0.5154,-0.4972,-0.4951,-0.4721,-0.355,-0.1928,0.0146,0.0163,0.0206,0.023,0.0262,0.0292,0.0325,0.0717,0.2991,0.3149,0.3964,0.3993,0.4013,0.412,0.4478,0.4643,0.4679,0.4926,0.4999,0.5019,0.5087,0.5128,0.5957,0.5976,0.6017,0.6044,0.6124,0.6175,0.6257,0.7076,0.7331,0.7525,0.7907,0.7926,0.7954,0.7993,0.8168,0.8501,0.9964,0.9982,1.0027,1.0114,1.0131,1.021,1.0287,1.2812,1.2838,1.2855,1.3291,1.4916,1.6165,1.9106,1.9205,2.0465,2.4149,2.5127,2.5736,2.6424,2.9771,3.0266,3.0283,3.0708,3.0725,3.0753,3.0772,3.083,3.0858,3.0904,3.3108,3.3125,3.3166,3.3213,3.3584,3.5508,3.5527,3.5556,3.5587,3.562,3.5651,3.5673,3.5692,3.6366,3.8105,3.8123,3.8139,3.817,3.822,3.825,4.0502,4.0522,4.0549,4.0568,4.0641,4.0679,4.0709,4.0751,4.3663,4.9143,4.9213,4.9254,5.0878,5.0901,5.0928,5.0995,5.1579,5.2702,5.8762,5.9098,6.1143,6.116,6.1176,6.1194,6.1254,6.1283,6.1309,6.1394,6.1463,6.7891,6.796,6.8,7.1323,7.259,7.3117,7.3156,7.3176,7.3267,7.4919
-1.9784,-1.9452,-1.7359,-1.5134,-1.4541,-1.4448,-1.3849,-1.3588,-1.3566,-1.3438,-1.3386,-1.3337,-1.3027,-1.295,-1.2931,-1.2441,-1.2379,-1.1991,-1.1967,-1.1362,-1.1206,-1.033,-0.9946,-0.9618,-0.8439,-0.8298,-0.6797,-0.5358,-0.5326,-0.5289,-0.5265,-0.4995,-0.4961,-0.4818,-0.4797,-0.4775,-0.4756,-0.446,-0.4444,-0.4423,-0.4397,-0.4368,-0.4351,-0.4295,-0.4274,-0.4207,-0.4188,-0.4076,-0.4038,-0.3928,-0.3846,-0.3725,-0.3705,-0.3633,-0.3064,-0.3041,-0.1124,0.0208,0.0246,0.0268,0.0285,0.034,0.0388,0.0433,0.0741,0.1198,0.1229,0.4015,0.4258,0.4418,0.4727,0.5015,0.5049,0.5071,0.5999,0.6018,0.6044,0.6062,0.6105,0.6236,0.6521,0.6996,0.7901,0.9437,0.9969,0.9995,1.0028,1.0045,1.0076,1.1388,1.4274,1.4947,1.6107,1.6375,1.6439,1.7021,1.7045,1.7156,1.7198,1.8146,1.9281,1.9332,2.2208,2.4738,2.9264,2.9283,2.93,2.9317,2.9339,2.9367,2.9869,3.0143,3.0732,3.0749,3.0766,3.0786,3.0829,3.087,3.0927,3.0951,3.097,3.1352,3.2645,3.3117,3.3134,3.3154,3.318,3.3342,3.3375,3.3396,3.5519,3.5539,3.5581,3.5612,3.6104,3.7923,3.8119,3.8151,3.8169,3.82,3.8246,3.8288,3.8387,3.8411,3.9847,4.0526,4.055,4.057,4.0588,4.0604,4.0629,4.0669,4.0721,4.0769,4.2659,4.376,4.731,4.9339,4.9383,5.719,5.8836,5.9023,6.1312,6.1329,6.1358,6.1433,6.1454,6.1481,6.1656,6.1748,6.3159,6.553,6.6498,6.7794,6.8922,6.9586,6.9607,7.1003,7.121,7.1228,7.2149,7.2355,7.2734,7.3724,7.3833,7.3876,7.4854,7.4902,7.4939
-1.643,-1.637,-1.634,-1.632,-1.6301,-1.6237,-1.4147,-1.3844,-1.2763,-1.2368,-1.1902,-1.1243,-1.1223,-1.1185,-1.1165,-1.1096,-1.1051,-1.0716,-1.0698,-0.9747,-0.9228,-0.9209,-0.8061,-0.7723,-0.7682,-0.7351,-0.7007,-0.5198,-0.5134,-0.4491,-0.4295,-0.3779,-0.3372,-0.209,-0.0487,-0.0427,0.0169,0.0194,0.0214,0.0231,0.0278,0.0299,0.0319,0.0384,0.0425,0.0787,0.3985,0.4006,0.4027,0.4062,0.4193,0.4272,0.4984,0.5008,0.5076,0.5282,0.5456,0.5993,0.6015,0.6058,0.6104,0.617,0.7036,0.8667,0.8728,0.8759,0.8792,0.9973,1,1.0024,1.0043,1.0063,1.0107,1.0143,1.0159,1.0209,1.0299,1.4449,1.801,2.7447,3.0133,3.0252,3.028,3.0723,3.0748,3.0766,3.0803,3.0844,3.0887,3.0926,3.097,3.1001,3.1049,3.1176,3.1342,3.1603,3.1837,3.2957,3.3123,3.3143,3.3162,3.3208,3.399,3.5532,3.555,3.5601,3.5819,3.5937,3.6391,3.6439,3.6456,3.6476,3.6494,3.6531,3.6589,3.6888,3.6923,3.8138,3.8159,3.8177,3.8196,3.8213,3.823,3.8329,3.8448,3.8578,3.9773,4.0528,4.0546,4.0609,4.064,4.0691,4.0714,4.0821,4.3074,4.3279,4.3339,4.3999,4.6241,4.6682,5.2746,5.3312,5.3477,5.4241,5.727,5.7347,5.9347,6.0712,6.1315,6.1332,6.1348,6.1367,6.1386,6.1422,6.1443,6.1487,6.4671,6.4736,6.7423,6.7524,6.7551,7.0568,7.0677,7.2123,7.4607,7.6253
-1.9524,-1.9372,-1.8892,-1.7776,-1.7512,-1.7494,-1.7405,-1.7327,-1.6835,-1.6559,-1.6496,-1.6382,-1.6355,-1.6304,-1.6174,-1.6028,-1.5542,-1.5274,-1.5068,-1.5029,-1.5012,-1.4776,-1.4757,-1.4641,-1.461,-1.4433,-1.4395,-1.4373,-1.3365,-1.3339,-1.3305,-1.3284,-1.2534,-1.2504,-1.1368,-1.1235,-1.1078,-1.0949,-1.0806,-1.0417,-1.017,-0.9458,-0.6229,-0.3616,-0.2896,-0.012,0.0158,0.0176,0.02,0.0225,0.0248,0.0285,0.0303,0.0338,0.0381,0.0552,0.1114,0.4027,0.4078,0.4095,0.4506,0.4625,0.4668,0.5005,0.5045,0.5065,0.5085,0.5214,0.5275,0.6015,0.6034,0.6053,0.6069,0.614,0.7169,0.7189,0.7298,0.8049,0.967,0.9889,0.997,0.9999,1.0018,1.0035,1.0072,1.0091,1.0109,1.1541,1.2934,1.3267,1.5719,1.5744,1.5778,1.6309,1.733,1.7368,1.8013,1.8032,1.8457,1.8474,1.8491,1.9407,1.9673,2.0596,2.0615,2.0665,2.0686,2.0765,2.1565,2.1959,2.4256,2.4283,2.6041,2.6104,2.683,2.6846,2.6863,2.6882,2.6912,2.7048,2.7074,2.7148,2.7201,2.7225,2.7422,2.7484,2.7831,2.7857,2.7881,2.8052,2.9958,3.0561,3.0588,3.0617,3.0633,3.0654,3.0687,3.072,3.0781,3.0947,3.0971,3.255,3.2965,3.299,3.3009,3.3027,3.3084,3.3792,3.3811,3.3839,3.3982,3.5365,3.5383,3.5399,3.5437,3.546,3.5476,3.5619,3.6179,3.795,3.798,3.7999,3.8082,3.8101,3.9148,3.9331,3.9351,3.9766,4.0365,4.0382,4.0402,4.0447,4.0497,4.0522,4.0553,4.2075,4.4208,4.4232,4.4423,4.4464,4.4815,4.8122,4.8142,4.8204,4.8224,4.835,4.8488,4.9182,4.9214,5.7244,5.7271,5.8002,6.0857,6.0949,6.0996,6.1021,6.109,6.1116,6.1137,6.1187,6.1223,6.139,6.2524,6.3313,6.5791,6.5885,6.7694,6.7719,6.8396,6.8414,6.9313,7.1159,7.5649
-1.9429,-1.8874,-1.7189,-1.7124,-1.6968,-1.6945,-1.6897,-1.6489,-1.6336,-1.6215,-1.5318,-1.4802,-1.477,-1.4743,-1.2254,-1.1484,-1.0676,-1.0655,-1.0632,-1.0593,-1.0507,-0.9731,-0.8923,-0.8848,-0.7486,-0.2438,-0.0534,-0.0436,0.0159,0.0177,0.0194,0.0256,0.0276,0.0318,0.0353,0.0448,0.0497,0.0587,0.1835,0.2871,0.3958,0.3981,0.3999,0.4038,0.4076,0.4209,0.4982,0.5002,0.5147,0.5729,0.5994,0.6014,0.6099,0.6115,0.667,0.6791,0.7078,0.9967,0.9999,1.0017,1.0048,1.0065,1.0168,1.0384,1.2063,1.2703,1.339,1.4235,1.4651,1.468,1.4706,1.4724,1.4756,1.4776,1.4865,1.4922,1.4949,1.5045,1.5098,1.5416,1.752,1.7539,1.8764,2.0648,2.0713,2.0785,2.0912,2.101,2.114,2.1178,2.1211,2.164,2.468,2.472,2.6911,2.7222,3.0302,3.0381,3.0411,3.058,3.068,3.0723,3.0741,3.076,3.078,3.0797,3.0824,3.0851,3.0878,3.0919,3.0937,3.0968,3.0986,3.1645,3.2173,3.2191,3.2229,3.2269,3.2305,3.3115,3.3132,3.3151,3.318,3.3262,3.3298,3.5522,3.5554,3.5571,3.5608,3.5647,3.5687,3.5733,3.5757,3.5795,3.6976,3.7114,3.7492,3.8106,3.8167,3.8185,3.8218,3.824,3.8258,3.9385,3.9497,3.9674,3.9868,4.0523,4.0539,4.0561,4.0608,4.0627,4.0654,4.0675,4.0709,4.0782,4.2974,4.3011,4.3886,4.3904,4.3939,4.3957,4.4014,4.4052,4.4089,4.4119,4.4171,4.4192,4.4255,4.4439,4.4825,4.604,4.6101,4.6243,4.6654,4.6803,5.4727,5.4748,5.7932,5.8516,5.8566,5.8614,5.8657,6.1312,6.1329,6.1348,6.1365,6.1449,6.1469,6.1565,6.1605,6.1641,6.1789,6.1861,6.1888,6.1956,6.5143,6.5593,6.5628,6.7207,6.7661,6.8458,6.8716,6.8741,6.9387,6.9404,6.9501,6.9624,6.9643,6.9665,6.9769,7.1543,7.2457,7.2725,7.2784,7.4511,7.4776,7.4857,7.5987,7.6221
-1.8969,-1.7517,-1.6471,-1.6154,-1.5911,-1.5231,-1.5169,-1.5075,-1.386,-1.3833,-1.1251,-1.1217,-1.0825,-1.0578,-1.0454,-1.0182,-1.0162,-0.8839,-0.8443,-0.8359,-0.7102,-0.6873,-0.6596,-0.6563,-0.6533,-0.6449,-0.6188,-0.5857,-0.5642,-0.558,-0.4701,-0.4168,-0.4017,-0.3672,-0.3629,-0.3607,-0.3549,-0.3525,-0.3307,-0.3286,-0.241,-0.2238,-0.189,0.0159,0.0187,0.0207,0.0224,0.0255,0.0281,0.0315,0.0333,0.0366,0.0413,0.0459,0.0934,0.1229,0.1843,0.3809,0.3855,0.3896,0.3948,0.3969,0.3996,0.4053,0.4108,0.4127,0.4184,0.4376,0.4397,0.4973,0.5004,0.5029,0.5067,0.5085,0.524,0.5256,0.5276,0.5554,0.598,0.6,0.6016,0.6034,0.6054,0.6216,0.629,0.7264,0.7678,0.8833,0.9956,0.9995,1.0019,1.0035,1.0058,1.0078,1.0175,1.0442,1.0461,1.0531,1.057,1.1402,1.1422,1.4437,1.5066,1.5086,1.5195,1.6503,1.6522,1.6554,1.696,1.7486,1.7516,1.7532,1.7573,1.759,1.7607,1.7645,1.7965,1.8188,1.8335,1.8352,1.8536,1.9238,1.9257,1.9286,1.9305,1.9534,2.0508,2.0531,2.055,2.0584,2.061,2.071,2.0733,2.1703,2.1729,2.2002,2.4643,2.5785,2.5914,2.7489,2.7988,2.8012,2.8031,2.8052,2.8354,2.8955,3.0714,3.0735,3.0758,3.0775,3.0856,3.0951,3.1611,3.1808,3.185,3.1899,3.1922,3.2009,3.2828,3.3106,3.3153,3.3181,3.3228,3.3254,3.3271,3.3405,3.3496,3.4042,3.4097,3.5417,3.5531,3.5548,3.5574,3.559,3.5666,3.7421,3.7449,3.755,3.7592,3.7637,3.8149,3.8244,3.8268,3.8335,4.0134,4.0151,4.0553,4.0594,4.0617,4.0688,4.0707,4.0802,4.0833,4.0908,4.0968,4.1023,4.1933,4.2025,4.221,4.2974,4.3979,4.4419,4.448,4.4959,4.5352,4.5723,4.8271,4.9156,4.9492,5.1587,5.2953,5.5604,5.5633,5.5676,5.7499,5.9783,5.9861,6.1062,6.1315,6.1333,6.135,6.137,6.1404,6.1458,6.1479,6.1549,6.1931,6.2889,6.367,6.385,6.4575,6.4889,6.5128,6.6821,6.7989,6.8022,6.8898,7.0825,7.2649,7.3414,7.5292,7.5311,7.6217,7.6245

-1.8088,-1.8068,-1.7568,-1.6129,-1.6075,-1.6025,-1.1929,-1.144,-1.1051,-1.0495,-1.0352,-1.0314,-1.0294,-1.024,-0.9726,-0.9601,-0.8874,-0.6953,-0.6932,-0.691,-0.6891,-0.6834,-0.4534,-0.4502,-0.4236,-0.378,-0.3329,-0.2317,-0.2291,-0.2243,-0.2181,-0.188,-0.1795,-0.1586,0.0153,0.0177,0.0202,0.0222,0.0252,0.0296,0.0357,0.0453,0.0704,0.0735,0.1896,0.2191,0.2584,0.2604,0.2632,0.2656,0.2674,0.269,0.272,0.2795,0.4122,0.4175,0.4985,0.5007,0.5024,0.5042,0.5071,0.511,0.7567,0.7585,0.761,0.7628,0.7659,0.7677,0.7707,0.7813,0.7886,0.8049,0.9963,0.9991,1.0012,1.0035,1.0071,1.0159,1.1525,1.1682,1.1713,1.1795,1.59,2.1015,2.3756,2.987,3.0728,3.0745,3.0766,3.0785,3.0827,3.0843,3.0885,3.101,3.1041,3.1142,3.1222,3.1362,3.1485,3.1891,3.4512,3.4579,3.4632,3.4648,3.4703,3.474,3.553,3.5551,3.5595,3.5621,3.6524,3.6541,3.6562,3.6637,3.9091,3.9188,3.9209,4.0521,4.0539,4.0562,4.0606,4.0625,4.0644,4.1268,4.3047,4.3141,5.2192,5.4731,5.6013,6.0424,6.0455,6.1331,6.135,6.1376,6.1437,6.1489,6.1604,6.1839,6.4481,6.6908,6.7686,6.7751,6.7771,6.7802,6.7872,6.8429,6.8448,6.851,6.8534,6.8812
-1.7672,-1.7373,-1.7199,-1.6902,-1.6868,-1.6722,-1.659,-1.6501,-1.5033,-1.4428,-1.3985,-1.3715,-1.3371,-1.2818,-1.2782,-1.241,-1.2348,-1.2319,-1.2295,-0.9858,-0.9061,-0.838,-0.8267,-0.8168,-0.6709,-0.6237,-0.6216,-0.6157,-0.59,-0.5549,-0.5532,-0.3868,-0.3269,-0.3251,-0.3222,0.0168,0.0186,0.0297,0.0333,0.0349,0.0392,0.0444,0.1382,0.2136,0.2573,0.2601,0.2624,0.2691,0.2731,0.3999,0.4045,0.4068,0.4149,0.4238,0.498,0.4999,0.5021,0.5188,0.6829,0.7586,0.7605,0.7623,0.7653,0.77,0.7802,0.789,0.9969,0.9999,1.0033,1.0064,1.0233,1.0253,1.7996,2.344,2.4733,2.9961,2.998,3.0708,3.0728,3.0746,3.0766,3.0802,3.0818,3.0853,3.0915,3.1131,3.1505,3.4526,3.4549,3.4585,3.4643,3.4787,3.5583,3.5606,3.5746,3.6466,3.6515,3.6567,3.6609,3.6643,3.669,3.6825,3.6878,3.6914,3.6931,3.7401,3.7848,3.7867,3.8048,3.8203,3.9501,4.0226,4.0519,4.0539,4.0558,4.0578,4.1188,4.4041,4.6794,5.7013,5.7076,5.7099,5.9162,5.9261,5.9841,6.1146,6.1185,6.1334,6.1352,6.1382,6.1414,6.1434,6.1515,6.1667,6.1719,6.4955,6.7067,6.7091,6.7234,6.7413,6.7591,6.7641,6.7682,6.7719,6.7749,6.8006,6.8318,7.0038,7.0075,7.1492,7.4319
-1.4795,-1.3698,-1.3634,-1.3596,-1.3512,-1.3333,-1.252,-1.1968,-1.1873,-1.1704,-1.159,-1.1421,-1.0638,-0.6192,-0.615,-0.5863,-0.568,-0.5655,-0.541,-0.4955,-0.3684,-0.1696,-0.1668,-0.1643,-0.1471,-0.1356,-0.0935,0.0204,0.0225,0.0242,0.03,0.0356,0.0425,0.0551,0.1655,0.1699,0.1933,0.2572,0.2593,0.2611,0.2642,0.2679,0.271,0.317,0.3936,0.498,0.4999,0.5017,0.5037,0.5112,0.5919,0.7055,0.7155,0.7569,0.7599,0.7616,0.7668,0.7688,0.8267,0.9623,0.9641,0.9968,0.9986,1.0004,1.002,1.0036,1.0232,1.1717,1.1816,1.1877,1.1898,1.2804,1.3877,1.5342,1.6096,1.6173,2.0938,2.2415,3.0707,3.0741,3.0763,3.078,3.085,3.0962,3.1864,3.3868,3.4522,3.4566,3.4591,3.4638,3.4687,3.4749,3.478,3.555,3.5577,3.5624,3.6385,3.656,3.6579,3.6616,3.6661,3.6679,3.6781,3.7229,3.7313,3.7569,3.7618,3.7643,3.7814,3.8529,3.8546,3.8703,4.0173,4.0542,4.0596,4.0664,4.0786,4.3172,4.4484,4.5638,4.9545,4.9595,5.0392,5.1745,5.206,5.8057,5.8907,5.8935,5.8983,5.9231,5.9411,6.1319,6.1341,6.1368,6.1409,6.1446,6.1465,6.1521,6.1863,6.4645,6.5403,6.5423,6.5946,6.7461,6.8167,6.8604,6.8883,7.0079,7.2625,7.3023,7.3087,7.3835,7.3878,7.4484,7.5156,7.696,7.6985
-1.6938,-1.6868,-1.6849,-1.683,-1.5379,-1.5163,-1.389,-1.3869,-1.3803,-1.3379,-1.2805,-1.2785,-1.2577,-1.2556,-1.2463,-1.1791,-1.1762,-1.1716,-1.167,-1.16,-1.1516,-1.1497,-0.7133,-0.541,-0.4838,-0.415,-0.375,-0.3734,-0.3425,-0.3359,-0.1626,-0.1274,0.0006,0.0162,0.0206,0.0232,0.0285,0.0384,0.0415,0.0449,0.0678,0.1112,0.2572,0.2597,0.2613,0.2652,0.267,0.3202,0.3979,0.4211,0.496,0.4978,0.4997,0.5016,0.5072,0.5088,0.5142,0.517,0.6292,0.6599,0.7585,0.7614,0.7632,0.767,0.7688,0.995,0.9968,1.0001,1.0114,1.0294,1.0315,1.0867,1.2782,1.2867,1.2967,1.3803,1.5122,1.5499,1.5521,2.0242,2.0776,2.1642,2.1687,2.6258,2.6288,2.7065,2.718,2.7233,2.7613,2.82,2.8231,2.8249,2.8318,2.9158,2.9756,3.0706,3.0724,3.0743,3.0763,3.079,3.0819,3.0907,3.0938,3.1227,3.1268,3.1292,3.2055,3.2257,3.4205,3.4524,3.4544,3.4595,3.4644,3.4663,3.5556,3.5575,3.5718,3.6539,3.657,3.6652,3.6685,3.6964,3.7718,3.8218,4.052,4.054,4.0561,4.0679,4.0763,4.2053,4.235,4.2377,4.2418,4.2944,4.5601,4.5716,4.5754,4.5845,4.6102,4.7127,4.9665,5.3871,5.3988,5.4733,5.7966,5.8323,5.8407,5.8535,6.1317,6.1348,6.1365,6.1428,6.1654,6.7799,6.8177,6.8219,6.8257,6.8513,6.8627,6.9613,6.9716,7.144,7.455
-1.9041,-1.7623,-1.554,-1.5265,-1.5198,-1.5054,-1.3924,-1.1126,-0.7838,-0.6414,-0.639,-0.5424,0.0082,0.0101,0.013,0.0156,0.018,0.0237,0.0275,0.0295,0.0422,0.0486,0.2565,0.2599,0.2824,0.2872,0.2959,0.3147,0.3687,0.4005,0.4178,0.421,0.4811,0.5004,0.5024,0.5068,0.5097,0.5134,0.5153,0.5325,0.7582,0.7601,0.7644,0.7663,0.7686,0.7745,0.7765,0.7813,0.7893,0.996,0.998,1.0006,1.0444,1.5586,1.5725,1.7334,1.81,1.849,1.8595,2.3022,2.9522,3.0534,3.0711,3.073,3.0758,3.0793,3.0811,3.0835,3.0869,3.0921,3.1023,3.1075,3.425,3.451,3.4528,3.4566,3.4647,3.4948,3.5529,3.5565,3.5619,3.5636,3.5825,3.5944,3.6548,3.6665,3.8006,3.8294,3.8859,3.9301,4.0382,4.0545,4.0565,4.0601,4.0709,4.0749,4.0901,4.2994,4.301,4.3203,4.323,4.5344,4.6657,4.8331,4.9139,4.9763,5.8919,5.9494,6.1331,6.1351,6.1372,6.1436,6.1465,6.153,6.1598,6.1636,6.1831,6.1991,6.8398,6.8479,6.908,6.9448,6.9496,7.1432,7.463,7.4677,7.4988,7.5102,7.5279,7.6028,7.6093
-1.971,-1.969,-1.9622,-1.9586,-1.9457,-1.9356,-1.6261,-1.6226,-1.6155,-1.613,-1.6107,-1.603,-1.551,-1.4095,-1.4065,-1.4011,-1.3638,-1.3616,-1.2834,-1.2146,-1.2108,-1.174,-1.1219,-1.1177,-1.0754,-1.0734,-1.0649,-1.0625,-1.0608,-1.0531,-0.9586,-0.8785,-0.8739,-0.8691,-0.8538,-0.8484,-0.7985,-0.7964,-0.7803,-0.7782,-0.7167,-0.7141,-0.7112,-0.7006,-0.6137,-0.612,-0.4158,-0.3271,-0.3251,-0.3231,-0.2848,-0.2819,-0.2776,-0.2659,-0.1469,0.0157,0.0175,0.0194,0.0216,0.0255,0.0276,0.0312,0.0356,0.0399,0.05,0.0543,0.2554,0.2572,0.2591,0.2608,0.2635,0.2687,0.2735,0.3001,0.3624,0.4967,0.4983,0.5004,0.5137,0.5284,0.5321,0.5992,0.7546,0.7566,0.7582,0.7609,0.7658,0.7714,0.7739,0.7958,0.7987,0.8743,0.9152,0.9511,0.9579,0.9995,1.002,1.0039,1.0109,1.0198,1.0466,1.3617,1.429,1.4766,1.5563,1.6415,1.6432,1.683,1.7052,1.7103,1.7263,1.7311,1.7328,1.7962,2.0484,2.3322,2.4386,2.4407,2.4564,2.9293,2.9493,3.0658,3.0706,3.0736,3.0756,3.0786,3.0827,3.0866,3.0919,3.0974,3.0993,3.1072,3.1269,3.3189,3.4508,3.4573,3.4653,3.4675,3.4698,3.4715,3.5104,3.5512,3.5561,3.5652,3.5693,3.6512,3.6552,3.6621,3.6703,3.6802,3.7273,3.7353,3.8167,3.9656,3.9729,3.9785,4.0529,4.0564,4.0596,4.0619,4.0798,4.0908,4.095,4.0971,4.099,4.2049,4.2122,4.2496,4.6981,4.7451,4.8482,5.4166,5.9406,5.9589,6.1326,6.1349,6.1374,6.1442,6.1747,6.1873,6.1913,6.2024,6.2206,6.9006,6.9029,7.3854,7.3891,7.3917,7.4022,7.4048,7.4093
-1.9473,-1.9457,-1.6632,-1.6443,-0.9883,-0.9863,-0.9687,-0.8952,-0.8573,-0.8051,-0.7971,-0.4918,-0.49,-0.1444,-0.1425,-0.1289,-0.1036,0.0153,0.0196,0.0215,0.0249,0.0279,0.0329,0.0349,0.0368,0.0389,0.1112,0.1893,0.221,0.2551,0.2569,0.2587,0.2614,0.2652,0.2668,0.2686,0.2722,0.2783,0.28,0.496,0.5011,0.5034,0.505,0.5109,0.5149,0.5199,0.7399,0.7554,0.8001,0.8072,0.9944,0.9964,0.9984,1.0017,1.0087,1.0122,1.019,1.2082,1.8493,2.3926,2.4017,2.4059,2.4104,2.4457,2.6085,3.0693,3.071,3.0739,3.0761,3.0823,3.0871,3.1029,3.1051,3.1169,3.1299,3.2346,3.2373,3.4504,3.455,3.4568,3.4699,3.4717,3.5263,3.5456,3.5579,3.561,3.5649,3.5777,3.6015,3.6053,3.6401,3.6452,3.6533,3.6552,3.6569,3.66,3.6698,3.6716,3.8146,3.9014,3.9093,4.0506,4.0524,4.0543,4.0575,4.0651,4.071,4.1076,4.7391,5.2528,5.2799,5.4354,5.4387,5.5875,5.6469,5.6757,6.1182,6.1324,6.1349,6.1385,6.1403,6.1424,6.1456,6.1482,6.1514,6.1596,6.1624,6.1649,6.7017,6.7064,6.7121,6.865,7.0032,7.0493,7.0675,7.1926,7.2431,7.3045,7.3487,7.4501,7.5868,7.5917
-1.7503,-1.6921,-1.6409,-1.6272,-1.4904,-1.4836,-1.4815,-1.4296,-1.3859,-1.3839,-1.3823,-1.3784,-1.3722,-1.2933,-1.1997,-0.8603,-0.8506,-0.8475,-0.6595,-0.6548,-0.6092,-0.5614,-0.4583,-0.4032,-0.3975,-0.3396,-0.202,-0.093,-0.0208,0.0142,0.0163,0.0214,0.0231,0.0275,0.0295,0.0397,0.0415,0.0469,0.0522,0.0624,0.1535,0.2117,0.2196,0.2574,0.259,0.2613,0.2716,0.2786,0.3011,0.4322,0.4446,0.4962,0.4978,0.501,0.503,0.5047,0.5075,0.5093,0.5114,0.515,0.7547,0.76,0.7618,0.7644,0.7693,0.7931,0.7979,0.9949,0.9965,0.9997,1.002,1.0118,1.0141,1.0179,1.1179,1.3827,1.6144,1.6786,1.8668,1.8685,2.0917,2.4985,2.7721,2.9672,2.9692,3.0701,3.072,3.0747,3.0763,3.0805,3.0823,3.0841,3.0867,3.1066,3.4312,3.436,3.4516,3.4559,3.4588,3.4642,3.4828,3.5557,3.5577,3.5664,3.5783,3.5851,3.6517,3.6533,3.6562,3.6668,3.6686,3.7318,3.735,3.7849,3.7874,4.0507,4.0525,4.0551,4.0568,4.0609,4.0742,4.1723,4.3073,4.8153,4.8236,5.004,5.0954,5.3788,5.4777,5.7996,5.9046,6.1317,6.1345,6.1366,6.1434,6.1453,6.7006,6.8381,6.9192,6.9984,7.1707,7.4985,7.5144,7.5876
-1.9478,-1.5371,-1.5188,-1.5152,-1.4743,-1.3163,-1.2626,-1.261,-1.2591,-1.2493,-1.2465,-1.2431,-1.2405,-1.1778,-1.1758,-1.1729,-1.15,-1.0314,-1.0001,-0.984,-0.9823,-0.8086,-0.6823,-0.4369,-0.417,-0.3957,-0.3919,0.0157,0.0202,0.0259,0.0276,0.0293,0.0321,0.0401,0.0488,0.0564,0.0712,0.255,0.2576,0.2612,0.2673,0.2692,0.2789,0.4867,0.4885,0.4901,0.4934,0.4956,0.4987,0.501,0.508,0.5101,0.7011,0.7051,0.7569,0.7597,0.762,0.7638,0.7688,0.7806,0.789,0.9957,0.9974,1.0012,1.0065,1.0081,1.4371,1.6427,1.6462,1.6481,1.6508,1.7451,2.369,2.6034,2.6082,2.6107,2.6819,2.774,2.863,3.0723,3.0741,3.0761,3.0809,3.0826,3.088,3.0936,3.1393,3.4516,3.456,3.4621,3.4736,3.4753,3.5566,3.564,3.5703,3.6536,3.656,3.6582,3.6635,3.7177,3.8461,3.8532,3.8551,3.8594,3.8611,3.8631,3.9805,4.0514,4.0538,4.0557,4.0616,4.0657,4.3437,4.5212,4.5345,4.9437,4.9573,5.0907,5.5893,5.8915,5.9682,6.1321,6.134,6.1361,6.1433,6.1471,6.149,6.1631,6.5268,6.5286,6.5419,7.1205,7.3993,7.4439,7.5078,7.514,7.5982,7.6023,7.6041,7.6183,7.6235,7.6255,7.6531,7.659
-1.7821,-1.7783,-1.7765,-1.6964,-1.692,-1.6902,-1.6878,-1.4173,-1.415,-1.3973,-1.3933,-1.3366,-1.3326,-1.3278,-1.2999,-1.1902,-0.9863,-0.9813,-0.9794,-0.9196,-0.6447,-0.584,-0.5758,-0.5401,-0.5381,-0.5143,-0.5088,-0.5065,-0.424,-0.4218,-0.42,-0.1817,-0.0655,-0.0628,-0.0595,-0.0576,-0.0557,-0.0518,-0.0064,0.0165,0.0193,0.0221,0.024,0.0273,0.0291,0.0315,0.0365,0.0383,0.0455,0.0484,0.0752,0.0828,0.1033,0.1094,0.1192,0.1222,0.1308,0.168,0.17,0.2572,0.2597,0.2613,0.263,0.2674,0.2738,0.2827,0.4505,0.4965,0.4984,0.5006,0.5044,0.5066,0.5111,0.5159,0.6252,0.6702,0.7569,0.7594,0.7613,0.7683,0.965,0.9666,0.9962,0.9986,1.0024,1.006,1.0154,1.0183,1.022,1.0893,1.3791,1.5446,1.5498,1.7844,1.7964,1.8758,2.3428,2.3445,2.3666,2.4656,2.471,2.6803,2.6822,2.7185,3.0706,3.0728,3.0744,3.0761,3.0798,3.0841,3.086,3.0966,3.1039,3.4525,3.455,3.4569,3.4586,3.4645,3.469,3.475,3.4829,3.5021,3.5497,3.5561,3.56,3.5865,3.6393,3.6535,3.6552,3.6568,3.6628,3.7491,3.7665,3.771,3.9139,4.0533,4.0553,4.0574,4.0593,4.0655,4.0682,4.0753,4.088,4.237,4.5983,4.8207,5.0427,5.1904,5.1925,5.3355,5.338,5.5157,5.5449,5.735,5.7869,5.9761,6.132,6.134,6.1387,6.1407,6.1433,6.1451,6.1548,6.1603,6.1641,6.1702,6.174,6.1787,6.1818,6.2468,6.2923,6.3303,6.35,6.4513,6.8756,6.887,6.8951,7.3909,7.4072
-1.8822,-1.8717,-1.8492,-1.8474,-1.8418,-1.6443,-1.64,-1.6217,-1.6136,-1.5252,-1.5216,-1.5138,-1.4591,-1.4423,-1.435,-1.4334,-1.4308,-1.4253,-1.3681,-1.3661,-1.3627,-1.3548,-1.3412,-1.3363,-1.3277,-1.2626,-1.1381,-1.133,-1.1101,-1.1047,-1.067,-0.9692,-0.9288,-0.9193,-0.9067,-0.6586,-0.655,-0.6333,-0.6194,-0.5633,-0.5517,-0.5488,-0.5461,-0.1976,-0.0299,0.0009,0.0162,0.0192,0.0268,0.0321,0.0352,0.0417,0.0453,0.0695,0.0791,0.2559,0.2576,0.2599,0.2618,0.2659,0.2679,0.2695,0.2716,0.2759,0.2777,0.2812,0.497,0.4987,0.5009,0.5028,0.5067,0.5117,0.5187,0.7571,0.7588,0.7605,0.7634,0.7698,0.7749,0.8445,0.9965,0.9983,1.0003,1.0021,1.0038,1.007,1.0092,1.0111,1.013,1.0623,1.0646,1.0675,1.1777,1.4156,1.6825,1.7657,1.7789,1.9141,2.2207,2.3536,2.5573,2.5878,2.7186,2.7204,3.071,3.0738,3.0755,3.0832,3.0848,3.0866,3.0898,3.0984,3.4514,3.4532,3.4552,3.4575,3.4594,3.4676,3.4712,3.4732,3.5182,3.5549,3.5572,3.5595,3.5674,3.5789,3.6546,3.6564,3.6599,3.7166,3.8219,4.0528,4.057,4.0597,4.0639,4.1876,4.3984,4.404,4.691,5.0997,5.1015,5.6997,5.8185,6.0677,6.0694,6.1328,6.135,6.1371,6.1408,6.1451,6.1473,6.1528,6.1812,6.1972,6.4499,6.4546,6.4623,6.4663,6.679,6.7921,6.7971,6.8135,6.885,7.0514,7.0572,7.5236
-1.9022,-1.7989,-1.7328,-1.1759,-1.1532,-1.1512,-1.1496,-1.1472,-1.143,-1.1218,-1.1191,-1.1153,-1.1023,-1.0954,-1.0856,-1.0835,-1.0801,-1.0674,-1.0548,-0.962,-0.8943,-0.887,-0.8841,-0.8802,-0.8311,-0.8277,-0.8238,-0.703,-0.6483,-0.4909,-0.4892,-0.3596,-0.2341,-0.152,-0.1475,-0.145,-0.1431,-0.1405,-0.1344,-0.0906,-0.0881,0.016,0.0181,0.0201,0.0217,0.0251,0.0285,0.0368,0.0399,0.0437,0.0628,0.1559,0.189,0.2559,0.2577,0.2607,0.2623,0.2723,0.2768,0.382,0.4132,0.42,0.4671,0.4991,0.5012,0.5031,0.5065,0.5099,0.5174,0.6505,0.7564,0.761,0.7663,0.771,0.7845,0.9971,0.9993,1.002,1.0046,1.0156,1.0181,1.1627,1.1653,1.4238,1.4471,1.585,1.7628,1.7831,1.7857,1.8813,1.8832,1.8857,1.8901,1.9444,1.9509,1.9757,1.9889,2.0138,2.0445,2.1121,2.171,2.304,2.3526,2.3575,2.3607,2.536,2.6021,2.6054,2.611,2.6148,2.6212,2.6243,2.6298,2.6377,2.6915,2.8235,2.8471,3.0706,3.0725,3.0744,3.0765,3.0805,3.0826,3.0905,3.0929,3.0968,3.1038,3.1067,3.1134,3.451,3.4527,3.4546,3.4574,3.4598,3.4674,3.4721,3.5544,3.5573,3.5663,3.5785,3.5896,3.6095,3.6533,3.6556,3.6575,3.6593,3.6782,3.7283,3.9045,3.9062,3.9087,3.9361,3.9942,4.0511,4.0529,4.055,4.0569,4.0602,4.0627,4.0708,4.189,4.2525,4.5078,4.5095,4.5122,4.5217,4.6124,4.6148,4.6166,4.6971,4.7009,4.8325,4.8366,4.8414,4.8478,4.9653,4.9685,5.1881,5.2984,5.3004,5.3335,5.3824,5.3846,5.9897,5.9929,6.069,6.1185,6.1202,6.123,6.1258,6.1297,6.1336,6.1453,6.147,6.1511,6.1579,6.4719,6.4738,6.4758,6.6668,6.7338,6.7862,7.149,7.3306,7.522,7.6085,7.6389,7.738
-1.6441,-1.6423,-1.6403,-1.6322,-1.6144,-1.6051,-1.58,-1.5744,-1.537,-1.528,-1.4318,-1.4284,-1.4166,-1.337,-1.2808,-1.2653,-1.2629,-1.2488,-1.2467,-1.1772,-1.164,-1.1621,-1.0973,-1.0472,-1.0338,-0.9566,-0.9281,-0.9022,-0.8691,-0.7859,-0.7375,-0.7356,-0.7235,-0.7125,-0.6404,-0.548,-0.5253,-0.1255,-0.082,-0.0094,0.0165,0.0187,0.0206,0.023,0.0267,0.0303,0.0321,0.0342,0.0387,0.0425,0.0455,0.0674,0.0832,0.2558,0.2577,0.2598,0.2619,0.2635,0.268,0.2726,0.2799,0.414,0.4191,0.4261,0.431,0.4962,0.5003,0.5046,0.5068,0.509,0.6048,0.7282,0.7319,0.7563,0.758,0.76,0.7623,0.7645,0.7668,0.8867,0.9965,0.9982,1.0003,1.0021,1.0042,1.0106,1.0137,1.017,1.0195,1.5894,1.5935,1.5956,1.6565,1.664,1.679,1.6808,1.7138,1.7883,1.834,1.8395,1.9533,1.9549,2.116,2.1296,2.162,2.183,2.2155,2.2174,2.2214,2.3168,2.4103,2.4365,2.5124,2.5565,2.559,2.6671,2.7037,2.7125,2.738,2.7839,2.833,2.8348,2.8395,2.8556,3.0201,3.0339,3.0712,3.0737,3.0764,3.0795,3.0821,3.0872,3.1093,3.1413,3.1812,3.1837,3.2114,3.4496,3.4517,3.4561,3.4595,3.4635,3.4652,3.5448,3.5524,3.5545,3.5574,3.5621,3.5652,3.583,3.586,3.5961,3.6299,3.6552,3.6573,3.6632,3.6648,3.6779,3.8432,3.8469,3.9058,3.9078,3.9103,4.0314,4.0518,4.0545,4.0581,4.072,4.0782,4.1257,4.3971,4.4018,4.664,4.7204,4.893,4.9121,4.9406,4.9473,5.0596,5.0613,5.0651,5.2278,5.2909,5.3001,5.3165,5.3315,5.4087,5.5809,6.0511,6.0742,6.1152,6.1174,6.1213,6.126,6.1301,6.1322,6.1444,6.1515,6.1592,6.1678,6.1742,6.177,6.1812,6.1851,6.3877,6.4804,6.5415,6.5441,6.7666,6.9209,6.9241,6.9259,7.0354,7.1285,7.1832,7.2361,7.2706,7.294,7.3163,7.3436,7.5074,7.5389,7.6014
-1.9207,-1.919,-1.9167,-1.914,-1.9117,-1.8694,-1.8645,-1.7899,-1.7867,-1.7714,-1.7031,-1.7011,-1.6991,-1.6752,-1.6733,-1.662,-1.6497,-1.633,-1.6201,-1.6049,-1.5656,-1.513,-1.5003,-1.4942,-1.4706,-1.4336,-1.3703,-1.3685,-1.0997,-1.0463,-1.002,-0.9712,-0.9683,-0.8212,-0.7992,-0.7924,-0.7655,-0.7616,-0.7354,-0.721,-0.6561,-0.6429,-0.6181,-0.5952,-0.4532,-0.3938,-0.3356,-0.2693,-0.2448,-0.2382,-0.2243,-0.1967,-0.1938,-0.0556,0.0158,0.0176,0.0197,0.0215,0.0231,0.0263,0.0294,0.0312,0.0351,0.0442,0.0602,0.0824,0.183,0.2569,0.2589,0.2606,0.2657,0.2688,0.2707,0.2768,0.281,0.4958,0.5001,0.5029,0.5083,0.5118,0.5163,0.7565,0.7581,0.7598,0.7628,0.7661,0.7849,0.892,0.8936,0.9972,0.9995,1.0019,1.0047,1.0091,1.0162,1.0372,1.1777,1.349,1.5253,1.5597,1.5715,1.8549,2.0944,2.121,2.1289,2.2914,2.623,2.7415,2.7893,2.9499,3.0561,3.0584,3.0621,3.0692,3.0835,3.0867,3.0981,3.4359,3.4379,3.4411,3.4505,3.4522,3.4613,3.4645,3.4842,3.4873,3.5396,3.5415,3.5502,3.5792,3.6383,3.6423,3.6453,3.6614,3.7269,3.7952,3.8453,3.8822,4.0361,4.0394,4.0421,4.046,4.052,4.0554,4.057,4.1317,4.1547,4.2426,4.2551,4.257,4.2938,4.2961,4.2981,5.0423,5.0949,5.1087,5.1104,5.138,5.3565,5.3679,5.3697,5.5291,5.5481,5.7474,5.8295,5.9172,6.1006,6.1037,6.1054,6.1095,6.1143,6.1173,6.1205,6.1294,6.1381,6.143,6.2026,6.3861,6.4727,6.4747,6.4773,6.4792,6.5397,6.5434,6.549,6.5665,6.5693,6.6881,6.6989,6.7093,6.7117,6.7252,6.7284,6.739,6.7856,7.0699,7.0755,7.1919,7.1949,7.2275,7.3538,7.356,7.4533,7.4557
-1.9395,-1.9335,-1.9282,-1.9133,-1.894,-1.8746,-1.8488,-1.835,-1.7998,-1.7885,-1.7824,-1.7796,-1.7676,-1.7588,-1.6856,-1.6808,-1.6002,-1.5692,-1.5631,-1.5278,-1.5208,-1.5179,-1.4722,-1.4522,-1.4503,-1.4203,-1.3296,-1.3039,-1.2926,-1.2888,-1.2813,-1.1407,-1.1244,-0.9631,-0.9612,-0.9588,-0.919,-0.9047,-0.8984,-0.8943,-0.8626,-0.8602,-0.8474,-0.8218,-0.7757,-0.7741,-0.7712,-0.7664,-0.752,-0.6286,-0.5892,-0.5863,-0.5846,-0.5829,-0.5765,-0.5748,-0.5689,-0.5542,-0.5525,-0.5507,-0.5371,-0.5327,-0.4555,-0.4484,-0.4466,-0.4441,-0.3892,-0.3313,-0.2537,-0.1843,-0.1279,-0.0903,-0.0636,0.0143,0.0189,0.0217,0.0246,0.028,0.0309,0.0328,0.0349,0.0373,0.042,0.046,0.071,0.0859,0.12,0.1345,0.1388,0.1418,0.1789,0.2012,0.2563,0.2581,0.2617,0.2654,0.2723,0.2754,0.2845,0.4635,0.47,0.4775,0.4964,0.4981,0.5006,0.5028,0.5073,0.5135,0.5538,0.5611,0.7559,0.7576,0.7603,0.7619,0.7642,0.7663,0.9948,0.9964,0.9981,1.0011,1.0054,1.0139,1.0426,1.0459,1.1744,1.669,1.6711,1.673,1.7036,1.776,1.7815,1.8042,1.9537,2.0322,2.0754,2.1054,2.1088,2.1106,2.1124,2.1189,2.3277,2.3607,2.3677,2.3712,2.3732,2.3781,2.5828,2.6348,2.6401,2.6458,2.8414,2.9798,2.9919,2.994,3.0543,3.056,3.0615,3.0637,3.0683,3.0701,3.0737,3.0754,3.1434,3.2036,3.2307,3.3118,3.3662,3.4353,3.4371,3.4393,3.4413,3.4436,3.4456,3.4518,3.4547,3.4567,3.4745,3.5402,3.5425,3.546,3.548,3.5548,3.5567,3.6103,3.6372,3.6391,3.6411,3.6442,3.6461,3.7133,3.7647,3.8299,3.8655,3.9177,3.9196,3.9319,3.9749,3.9838,4.0355,4.0382,4.0402,4.042,4.0441,4.0535,4.0554,4.0686,4.1972,4.206,4.2188,4.2229,4.2248,4.2292,4.2311,4.6368,4.7815,4.9229,4.9621,5.2479,5.3819,5.4045,5.4366,5.4412,5.5907,5.5928,5.8919,6.1158,6.1178,6.1198,6.1243,6.1261,6.1303,6.1321,6.1478,6.1521,6.1573,6.5151,6.6222,6.7311,6.7386,6.7561,6.7728,6.7857,6.7876,6.7912,7.2354,7.237,7.2417,7.2433,7.2471,7.249,7.3286,7.3359,7.4418,7.4462,7.4498,7.5924

-1.9732,-1.9699,-1.9251,-1.8043,-1.8,-1.7934,-1.7911,-1.7885,-1.7824,-1.7736,-1.7715,-1.7522,-1.7505,-1.6238,-1.6217,-1.6101,-1.5627,-1.5317,-1.436,-1.182,-1.1029,-1.0167,-1.0146,-0.9636,-0.8408,-0.8015,-0.7401,-0.7371,-0.6506,-0.6485,-0.5678,-0.3895,-0.2591,-0.2542,-0.2466,0.0194,0.0224,0.025,0.0339,0.0378,0.042,0.0457,0.0527,0.0948,0.1521,0.1572,0.1911,0.2556,0.2574,0.2595,0.2642,0.2672,0.2732,0.2775,0.2848,0.4961,0.4986,0.5011,0.5046,0.7609,0.7656,0.7738,0.7755,0.8017,0.8528,0.9062,0.9082,0.9968,1.0004,1.0051,1.0118,1.423,1.7047,1.855,1.8582,2.1377,2.2744,3.0711,3.0745,3.0771,3.0793,3.0817,3.0869,3.0913,3.1027,3.1397,3.2244,3.2308,3.2365,3.3115,3.3148,3.3166,3.3211,3.342,3.5519,3.5546,3.557,3.5594,3.5653,3.5706,3.7657,3.7676,3.7743,3.8115,3.8144,3.8172,3.8204,3.8492,3.8516,3.8915,3.9621,4.01,4.0557,4.059,4.0609,4.0706,4.2174,4.2924,5.0422,5.7326,5.8236,5.8305,5.8354,5.9942,6.0289,6.1308,6.1327,6.1374,6.1395,6.1463,6.1559,6.1799,6.184,6.1945,6.1975,6.4986,6.5202,6.7368,6.9236,6.9264,6.928,6.9297,6.9314,6.9392,6.9409,7.0595,7.0613,7.0634,7.0658,7.0816,7.2458,7.2511,7.3377,7.3811,7.6794
-1.8878,-1.8759,-1.8185,-1.7644,-1.7405,-1.4433,-1.4304,-1.4008,-1.3975,-1.3172,-1.2409,-1.2275,-1.1318,-0.9162,-0.912,-0.9083,-0.8585,-0.7569,-0.219,0.0159,0.0177,0.0207,0.0237,0.0254,0.0295,0.0321,0.0372,0.0392,0.0649,0.0808,0.149,0.2598,0.2622,0.2701,0.3585,0.3734,0.4135,0.4153,0.418,0.4211,0.4231,0.4252,0.491,0.4961,0.4982,0.5009,0.5026,0.5044,0.5063,0.5111,0.7569,0.7588,0.7606,0.7622,0.7876,0.9961,0.9977,0.9994,1.0018,1.0087,1.0167,1.0967,1.1148,1.639,1.6408,1.8259,1.8305,1.8522,1.8558,1.982,1.9878,1.9999,2.1156,2.8077,2.9418,3.0714,3.0742,3.0768,3.0786,3.0846,3.0879,3.0993,3.1012,3.115,3.311,3.3137,3.3162,3.3274,3.4714,3.4735,3.4756,3.4775,3.4834,3.4861,3.4882,3.4928,3.4946,3.498,3.5,3.5512,3.553,3.5548,3.557,3.5613,3.8149,3.8179,3.824,3.8356,3.9555,3.9772,4.0516,4.054,4.0558,4.0576,4.0622,4.0834,4.5326,5.2866,6.1308,6.134,6.1371,6.1389,6.1432,6.1485,6.1527,6.1545,6.1781,6.2278,6.3157,6.3227,6.7637,6.7656,6.7777,7.0656,7.0923,7.2246,7.2466,7.4355,7.5285,7.5305,7.54
-1.7558,-1.7142,-1.6201,-1.4913,-1.3352,-1.2661,-1.2084,-1.1532,-1.1156,-1.1135,-1.024,-0.8459,-0.7937,-0.7119,-0.6189,-0.613,-0.6081,-0.5953,-0.5915,-0.5898,-0.4455,-0.441,-0.2349,0.0158,0.0179,0.0213,0.0256,0.0319,0.0337,0.0393,0.0433,0.0454,0.2565,0.2584,0.2608,0.2716,0.2836,0.3139,0.3934,0.3951,0.4311,0.4788,0.4831,0.4912,0.5012,0.5069,0.5089,0.5142,0.5195,0.5256,0.6908,0.7046,0.7569,0.7599,0.7655,0.7701,0.7776,0.8576,0.8634,0.8665,0.944,0.9965,0.9984,1.0009,1.0039,1.0069,1.0575,1.0611,1.4884,1.6408,1.6427,1.6501,1.904,2.2985,2.5052,2.6485,2.7884,2.7915,2.7934,2.7951,2.798,3.0729,3.0751,3.087,3.0912,3.093,3.1066,3.2099,3.213,3.2185,3.3113,3.3141,3.3374,3.4528,3.5515,3.5532,3.5549,3.5669,3.8116,3.814,3.8157,3.8179,3.8199,3.8287,3.9244,4.0524,4.0556,4.0599,4.0628,4.0665,4.0685,4.0703,4.0735,4.0774,4.2306,4.2333,5.0077,5.1405,5.1746,5.3182,5.3231,5.326,5.4616,6.1331,6.1351,6.1394,6.1422,6.1443,6.1465,6.1553,6.1856,6.1893,6.2229,6.2247,6.6369,6.7103,6.7837,6.7873,6.8815,6.9843,6.9896,6.9914,7.0121,7.0256,7.0835,7.0863,7.088,7.4752,7.556,7.5632
-1.8093,-1.7834,-1.7787,-1.7347,-1.3723,-1.3688,-1.3606,-1.3058,-1.3025,-1.2328,-1.1676,-1.0806,-0.8147,-0.3867,-0.3369,0.0163,0.0199,0.0224,0.0265,0.0287,0.0341,0.0388,0.0433,0.0461,0.0522,0.0627,0.0748,0.0787,0.0822,0.0908,0.1067,0.1089,0.184,0.2257,0.2574,0.2594,0.2621,0.2702,0.2739,0.2759,0.2872,0.4989,0.5033,0.5061,0.5077,0.5094,0.5112,0.5132,0.5206,0.5633,0.577,0.5848,0.7584,0.76,0.762,0.7678,0.7795,0.7843,1,1.0213,1.0273,1.1197,1.1551,1.3931,1.5381,1.9773,2.3327,2.4873,2.4953,2.6781,2.6862,2.6995,3.0716,3.0735,3.0775,3.0818,3.0853,3.0908,3.0976,3.1039,3.128,3.1952,3.3126,3.3143,3.3161,3.3199,3.3327,3.3367,3.3784,3.3917,3.5525,3.5548,3.5571,3.5595,3.5716,3.8083,3.8133,3.8166,3.8185,3.8328,3.9808,3.9986,4.0533,4.055,4.0568,4.0611,4.0682,4.0712,4.1382,4.1902,4.2233,4.5533,4.7343,4.8938,4.8976,4.9461,5.0299,5.149,5.1562,5.4028,5.4206,5.4884,5.6726,5.9308,6.1318,6.1339,6.1356,6.1376,6.1423,6.1452,6.1481,6.1518,6.1664,6.1721,6.1799,6.1895,6.1945,6.1967,6.1985,6.2186,6.3759,6.523,6.8721,7.0842,7.0981,7.4624,7.636
-1.6712,-1.5987,-1.5891,-1.5009,-1.4983,-1.4006,-1.3751,-1.3713,-1.2714,-1.2697,-1.2678,-1.2447,-1.2137,-0.8542,-0.8275,-0.8245,-0.7943,-0.7892,-0.7208,-0.6245,-0.4631,-0.4606,-0.4564,-0.4434,-0.4417,-0.4399,-0.3895,-0.3859,-0.2063,-0.1239,-0.0646,-0.0163,-0.0145,-0.0106,0.0175,0.0201,0.0226,0.026,0.0277,0.0293,0.0321,0.0348,0.0401,0.0536,0.0591,0.0677,0.08,0.0822,0.084,0.1527,0.2567,0.2585,0.2603,0.2629,0.281,0.2927,0.3312,0.3333,0.4962,0.498,0.5015,0.5053,0.5233,0.6043,0.7374,0.7556,0.7572,0.7604,0.7652,0.7669,0.7724,0.7755,0.7773,0.9043,0.9868,0.9894,0.9927,0.9956,0.9972,0.9996,1.0066,1.0082,1.0122,1.1607,1.1726,1.3321,1.3824,1.4679,1.4698,1.7146,2.2584,2.3057,2.467,2.4687,2.4703,2.4736,2.4794,3.0715,3.0769,3.0797,3.0817,3.084,3.0974,3.1031,3.235,3.2788,3.3112,3.3136,3.3191,3.3361,3.5514,3.5554,3.5578,3.5599,3.5624,3.5759,3.6891,3.8137,3.8189,3.9789,3.9839,3.998,4.0557,4.0693,4.0738,4.1699,4.4033,4.4703,4.6541,4.6569,4.659,4.6629,4.8395,5.4287,5.731,5.7707,6.0398,6.1321,6.1346,6.1368,6.1389,6.1425,6.1444,6.1471,6.1686,6.1961,6.551,6.5544,6.609,6.6963,6.844,6.8488,6.851,6.9424,7.2129,7.2722,7.319,7.4012
-1.5558,-1.5363,-1.5223,-1.5063,-1.3712,-1.3655,-1.3438,-1.3364,-1.3345,-1.3299,-1.3217,-1.2895,-1.2481,-1.2423,-1.1001,-1.0906,-1.0102,-0.7643,-0.6962,-0.6926,-0.6031,-0.5632,-0.4841,-0.4737,-0.2359,-0.2342,0.0158,0.0175,0.023,0.0262,0.0325,0.0347,0.0364,0.0461,0.1677,0.1832,0.2569,0.2613,0.264,0.2736,0.2803,0.3057,0.3324,0.3867,0.3902,0.3925,0.3978,0.4943,0.4972,0.4992,0.5025,0.5073,0.7225,0.725,0.7271,0.7347,0.7395,0.7574,0.7604,0.7623,0.766,0.7677,0.7694,0.9178,0.9482,0.9959,0.9997,1.0021,1.0075,1.0132,1.0158,1.0182,1.1609,1.1658,1.1675,1.2066,1.2099,1.2118,1.2246,1.243,1.2466,1.2496,1.2563,1.2779,1.2818,1.2835,1.3669,1.7896,2.0195,2.1044,2.1084,2.2112,2.213,2.2158,3.0228,3.0707,3.0743,3.0759,3.0779,3.0825,3.0845,3.098,3.1259,3.1572,3.1644,3.2319,3.311,3.3133,3.3157,3.3193,3.3307,3.3395,3.3444,3.3461,3.432,3.5415,3.5497,3.5551,3.5628,3.5705,3.5904,3.6816,3.8104,3.8136,3.8156,3.8181,3.8368,3.9335,3.9631,3.9679,4.0497,4.052,4.0539,4.0575,4.0606,4.1325,4.1902,4.2076,4.2111,4.2434,4.245,4.2467,4.2569,4.3251,4.357,4.7124,4.812,5.0734,5.2705,5.5387,5.5535,5.6858,5.6877,5.7077,6.0152,6.076,6.1305,6.1322,6.135,6.139,6.1437,6.2191,6.4958,6.5216,6.5775,6.6714,6.7624,6.7641,6.7681,6.8153,6.819,6.9513,7.0233,7.2262,7.5524,7.6841
-1.9882,-1.9866,-1.9825,-1.9786,-1.9765,-1.8005,-1.78,-1.7776,-1.7737,-1.7534,-1.7518,-1.6261,-1.6184,-1.6049,-1.4323,-1.3851,-1.3783,-1.3766,-1.3292,-1.3061,-1.2916,-1.1991,-1.1385,-1.1362,-0.963,-0.9231,-0.9204,-0.9176,-0.8675,-0.863,-0.8524,-0.8504,-0.8438,-0.831,-0.8249,-0.7533,-0.7516,-0.7472,-0.7186,-0.7167,-0.704,-0.6569,-0.6394,-0.465,-0.3956,-0.3925,-0.3627,-0.2272,-0.2033,-0.2011,-0.19,-0.1689,-0.1622,-0.1521,0.016,0.0178,0.0214,0.0302,0.0318,0.0335,0.0356,0.2582,0.2602,0.2638,0.2689,0.2709,0.2736,0.2786,0.353,0.355,0.3576,0.3595,0.3615,0.3634,0.3662,0.4032,0.4954,0.498,0.4997,0.5015,0.5098,0.5119,0.7554,0.7612,0.7631,0.7651,0.7693,0.7728,0.7941,0.7994,0.996,0.9978,1.0003,1.002,1.0037,1.0057,1.0104,1.0424,1.1225,1.3511,1.3527,1.5508,1.7736,1.785,2.1035,2.2525,2.3164,2.3219,2.9924,3.0001,3.0039,3.0706,3.0727,3.0747,3.0763,3.0782,3.0846,3.0869,3.0964,3.1036,3.1417,3.3107,3.3138,3.3161,3.3198,3.3219,3.3249,3.3273,3.5506,3.5526,3.5544,3.5567,3.5587,3.5636,3.566,3.7637,3.811,3.8155,3.8242,3.826,3.8418,3.9288,3.9472,4.0511,4.0529,4.0564,4.0586,4.0636,4.0655,4.0677,4.074,4.091,4.0999,4.1018,4.1043,4.106,4.1762,4.1782,4.2188,4.5093,5.0784,5.5804,5.5865,5.6566,5.7413,5.743,5.7496,6.0719,6.1151,6.1172,6.1194,6.1211,6.1241,6.1265,6.1281,6.1313,6.134,6.139,6.1536,6.7213,6.8155,7.6853
-1.9,-1.8959,-1.8858,-1.8731,-1.8714,-1.8687,-1.8532,-1.8513,-1.8159,-1.8104,-1.8029,-1.7687,-1.6809,-1.6344,-1.6328,-1.6312,-1.6294,-1.6275,-1.624,-1.6216,-1.586,-1.5782,-1.5466,-1.545,-1.5196,-1.4641,-1.3152,-0.4201,-0.0986,0.0155,0.0172,0.0197,0.0215,0.028,0.0297,0.0324,0.0361,0.0427,0.0444,0.0509,0.1435,0.2571,0.2598,0.2629,0.2666,0.2685,0.2721,0.2875,0.5014,0.5085,0.5104,0.7173,0.7566,0.76,0.7668,0.769,0.7717,0.9971,0.9994,1.0079,1.0116,1.1119,1.1152,1.1177,1.1194,1.2168,1.2982,1.4904,1.7591,1.8006,1.8305,2.2199,2.5792,2.581,2.5831,2.8399,2.8535,3.0552,3.0569,3.0586,3.071,3.0806,3.0891,3.2961,3.2978,3.2999,3.3052,3.3071,3.3089,3.311,3.3264,3.3738,3.4117,3.5359,3.5407,3.5423,3.5455,3.5477,3.5521,3.7953,3.7999,3.8017,3.8073,3.8091,4.0352,4.0395,4.0415,4.0433,4.0461,4.0508,4.0544,4.0642,4.1829,4.8891,4.9408,5.0508,5.0526,5.0551,5.0569,5.0591,5.2175,5.2195,5.2223,5.2248,5.2267,5.232,5.2762,5.2788,5.9407,6.1078,6.1146,6.117,6.1237,6.1308,6.1402,6.1533,6.1671,6.435,6.5875,6.599,6.7312,7.1243,7.23,7.2349,7.2369
-1.9707,-1.9684,-1.9655,-1.9544,-1.8798,-1.8245,-1.8136,-1.8013,-1.7656,-1.763,-1.761,-1.7166,-1.703,-1.6591,-1.6573,-1.6505,-1.6447,-1.5741,-1.5698,-1.5648,-1.5438,-1.5407,-1.3982,-1.1992,-1.1948,-1.0578,-0.969,-0.9652,-0.2268,-0.222,-0.2192,-0.1362,0.0177,0.0195,0.0211,0.0245,0.0282,0.0302,0.0318,0.0337,0.0355,0.0375,0.0393,0.0483,0.0819,0.2324,0.2345,0.2565,0.2583,0.2605,0.2622,0.2662,0.2694,0.2712,0.2772,0.4969,0.5,0.5025,0.5043,0.506,0.5097,0.5155,0.5241,0.5268,0.5321,0.6544,0.6561,0.7039,0.7581,0.7601,0.7624,0.7647,0.7673,0.7697,0.7741,0.779,0.7856,0.7942,0.8055,0.8581,0.9932,0.9978,1.0006,1.0022,1.0038,1.0076,1.0142,1.0259,1.031,1.6584,1.6657,1.7225,1.8003,2.0509,2.0526,2.0561,2.0586,2.3077,2.4378,2.4408,2.443,3.0557,3.0577,3.0595,3.0617,3.066,3.0688,3.0751,3.0776,3.0848,3.0892,3.2967,3.2993,3.301,3.303,3.3063,3.3081,3.3174,3.4242,3.5362,3.5388,3.541,3.543,3.5459,3.5476,3.589,3.7582,3.7972,3.799,3.8016,3.8063,3.8081,3.8174,3.8216,3.833,4.0379,4.04,4.0423,4.0451,4.0484,4.0576,4.215,4.217,4.2194,4.226,4.4781,4.529,4.585,4.5878,4.595,4.6244,4.7309,4.8611,4.8634,4.9658,4.9691,5.01,5.0721,5.2429,5.6537,5.6828,5.6913,5.6948,6.1157,6.1174,6.1193,6.1211,6.1228,6.1276,6.1293,6.1314,6.1363,6.1441,6.1912,6.4164,6.5398,6.5478,6.7348,6.7366,6.7418,6.7452,6.8897,6.9009,6.9479,6.9881,7.0613,7.1016,7.1868,7.1922,7.3853,7.3895,7.5965,7.6014,7.6066
-1.5724,-1.5708,-1.5675,-1.5658,-1.4695,-1.4643,-1.4626,-1.4194,-1.4178,-1.3995,-1.3964,-1.3198,-1.3049,-1.3017,-1.2958,-1.2614,-1.2562,-1.254,-1.2394,-1.2259,-1.2203,-1.217,-1.0409,-1.039,-1.0358,-1.0317,-1.0018,-0.9998,-0.9966,-0.9797,-0.978,-0.9749,-0.9588,-0.9038,-0.8988,-0.8967,-0.8205,-0.668,-0.6663,-0.5851,-0.5832,-0.2691,-0.1052,-0.1036,-0.1016,-0.0822,-0.0473,0.0175,0.02,0.0216,0.0234,0.025,0.0271,0.0317,0.0356,0.0397,0.0418,0.0536,0.0762,0.0881,0.2105,0.252,0.2545,0.2577,0.2593,0.261,0.2636,0.2686,0.2746,0.2778,0.2818,0.4775,0.4966,0.5004,0.5042,0.5065,0.5128,0.5146,0.5163,0.5949,0.5967,0.7563,0.7591,0.7611,0.7664,0.7757,0.9966,0.9984,1.0001,1.0026,1.0043,1.0059,1.0227,1.0276,1.0295,1.1945,1.5113,1.5793,1.5865,1.5884,1.6198,1.6241,1.6435,1.7678,1.7733,1.7887,1.8089,1.8222,1.8544,1.8698,1.927,1.9928,2.0476,2.0927,2.1284,2.1767,2.1783,2.18,2.1824,2.1862,2.1895,2.1913,2.2291,2.2317,2.2336,2.2374,2.2404,2.2428,2.3493,2.3554,2.4505,2.4524,2.5207,2.5931,2.6364,2.6425,3.0172,3.0465,3.0712,3.0732,3.0753,3.0789,3.082,3.0852,3.0872,3.0895,3.0963,3.0999,3.1444,3.1525,3.2102,3.3122,3.3145,3.3176,3.3193,3.3321,3.3366,3.5521,3.5547,3.5567,3.5594,3.5735,3.58,3.5857,3.814,3.8158,3.821,3.8311,3.9962,4.052,4.0536,4.0559,4.0579,4.0597,4.0658,4.0692,4.078,4.0852,4.1804,4.5116,4.5551,5.0133,5.0924,5.1404,5.1575,5.4503,5.6882,5.7076,5.9024,6.008,6.1319,6.1347,6.1391,6.1435,6.1472,6.1489,6.1973,6.4324,6.7415,6.746,6.8149,6.9132,7.1342,7.1944,7.2391,7.5527,7.5562
-1.9734,-1.9547,-1.9526,-1.703,-1.6734,-1.6694,-1.6648,-1.6596,-1.6209,-1.6187,-1.5941,-1.4724,-1.3907,-1.2351,-1.1865,-1.1393,-0.9836,-0.9804,-0.9147,-0.9124,-0.9104,-0.896,-0.8812,-0.8638,-0.8618,-0.8575,-0.8557,-0.8106,-0.8054,-0.7901,-0.7882,-0.7084,-0.6886,-0.6811,-0.6406,-0.6227,-0.6211,-0.6064,-0.5906,-0.5619,-0.56,-0.5518,-0.5464,-0.5431,-0.5415,-0.5387,-0.5368,-0.528,-0.4656,-0.4624,-0.447,-0.3139,-0.2675,-0.2659,-0.2642,-0.251,-0.2321,-0.2199,-0.2163,-0.1719,-0.1649,-0.1191,-0.0549,0.01,0.016,0.0179,0.02,0.0217,0.0265,0.0302,0.0335,0.0441,0.0566,0.0584,0.0874,0.09,0.2557,0.2574,0.2597,0.2613,0.265,0.2668,0.2771,0.2878,0.4882,0.4966,0.4993,0.5015,0.5034,0.5064,0.5091,0.5208,0.5451,0.7324,0.7571,0.7591,0.7625,0.7646,0.7689,0.9964,0.9983,1.0022,1.005,1.0089,1.0147,1.0241,1.0275,1.0298,1.0739,1.4024,1.4083,1.5838,1.6006,1.6468,1.794,1.7964,1.934,1.9358,2.0042,2.4247,2.4293,2.4566,2.506,2.5811,2.5835,2.6197,2.6397,2.6733,2.6906,2.7959,2.8571,2.8591,3.0715,3.0741,3.0766,3.0832,3.0875,3.0897,3.0915,3.0943,3.1082,3.113,3.2094,3.3127,3.3144,3.3181,3.3202,3.322,3.3339,3.3595,3.5514,3.5533,3.5552,3.5575,3.5694,3.5737,3.6197,3.8114,3.8143,3.8186,3.8206,3.8224,3.829,3.8399,4.0386,4.0518,4.0545,4.0568,4.0589,4.0616,4.0634,4.0698,4.0717,4.0747,4.0816,4.1569,4.3079,4.3754,4.3782,4.3813,4.3858,4.3888,4.601,4.8434,5.1433,5.6136,5.6153,5.9181,6.0312,6.131,6.133,6.1347,6.1374,6.14,6.1446,6.1466,6.1511,6.1696,6.3571,6.6269,6.6422,6.7038,6.792,6.7941,6.8199,6.8229,6.8251,6.8512,6.9234,6.9262,6.9285,6.9724,7.0922,7.1491,7.2157,7.2856
-1.8061,-1.8043,-1.8017,-1.7695,-1.7108,-1.7086,-1.7067,-1.7041,-1.7024,-1.6476,-1.5527,-1.5432,-1.5393,-1.5371,-1.5349,-1.5311,-1.5236,-1.4979,-1.4962,-1.4944,-1.4895,-1.4759,-1.3219,-1.2814,-1.1972,-1.1619,-1.0954,-0.9848,-0.9817,-0.8731,-0.8655,-0.7872,-0.756,-0.6141,-0.61,-0.5998,-0.5686,-0.5634,-0.5402,-0.5368,-0.4936,-0.4744,-0.4138,-0.2108,-0.1292,-0.0778,0.0181,0.02,0.0216,0.0254,0.0295,0.0331,0.0374,0.041,0.1153,0.1242,0.1696,0.2012,0.2558,0.2596,0.2613,0.2633,0.2688,0.2758,0.4958,0.4977,0.4999,0.5098,0.5146,0.7568,0.7584,0.7603,0.7649,0.7677,0.7723,0.781,0.7832,0.8638,0.8779,0.9959,0.9976,0.9993,1.0021,1.0101,1.0157,1.0192,1.157,1.3299,1.337,1.3898,1.3917,1.5742,1.6132,1.8112,1.8129,1.824,1.8265,2.2192,2.314,2.3479,2.3518,2.5557,2.558,2.9356,3.0708,3.0726,3.0744,3.0763,3.0788,3.0839,3.0889,3.1117,3.1249,3.2037,3.3114,3.3131,3.3153,3.3171,3.3198,3.3226,3.3245,3.3319,3.4075,3.5544,3.5561,3.5586,3.5605,3.5667,3.5757,3.5773,3.7485,3.7542,3.8129,3.815,3.8186,3.8256,3.8291,3.8646,3.914,4.051,4.0528,4.0547,4.0565,4.0599,4.0618,4.0694,4.0743,4.1702,4.1754,4.1778,4.1802,4.1869,4.2088,4.9693,5.1129,5.1371,5.466,5.4709,5.6073,5.6181,5.6271,5.6288,5.6501,6.1142,6.1173,6.1191,6.1223,6.1242,6.136,6.1405,6.1804,6.1846,6.1865,6.1882,6.1935,6.1953,6.1976,6.2184,6.3455,6.3498,6.3946,6.451,6.4527,6.4846,6.5009,6.5037,6.5109,6.6857,6.8031,6.9763,6.979,6.9854,6.9879,7.1221,7.2708,7.3055,7.4305,7.5524
-1.955,-1.9533,-1.9188,-1.9172,-1.9151,-1.913,-1.8979,-1.8463,-1.7973,-1.7459,-1.7409,-1.722,-1.7163,-1.7114,-1.7053,-1.67,-1.6359,-1.6264,-1.6162,-1.5688,-1.5619,-1.5372,-1.5258,-1.4988,-1.4178,-1.3252,-1.1238,-1.1004,-1.0971,-1.0229,-1.0213,-0.9384,-0.9368,-0.9013,-0.8581,-0.7375,-0.7257,-0.724,-0.5818,-0.5738,-0.4268,-0.333,-0.3303,-0.3285,-0.325,-0.3215,-0.3184,-0.3157,-0.2509,-0.1118,-0.0824,0.0169,0.0187,0.0204,0.0235,0.0265,0.0286,0.0304,0.0381,0.0446,0.0483,0.0719,0.0772,0.0891,0.1017,0.1285,0.1307,0.1583,0.1894,0.2569,0.2588,0.2613,0.2634,0.2677,0.2696,0.3246,0.4963,0.4982,0.5001,0.5021,0.5039,0.5114,0.5213,0.7137,0.7567,0.7584,0.7601,0.7619,0.766,0.7707,0.7727,0.805,0.9982,1.0002,1.006,1.013,1.0147,1.0184,1.1365,1.3423,1.7019,1.7303,1.7583,1.7876,1.7971,1.8566,1.8605,1.9413,1.9456,2.0328,2.0345,2.0526,2.0544,2.1456,2.1473,2.1532,2.1705,2.1772,2.336,2.3386,2.341,2.3491,2.4098,2.422,2.552,2.5879,2.5901,2.5919,2.5937,2.5989,3.0098,3.0708,3.0726,3.0743,3.0778,3.0819,3.0842,3.0964,3.1021,3.1038,3.1096,3.1288,3.3116,3.3142,3.3158,3.3183,3.3223,3.3273,3.4041,3.5509,3.5526,3.5552,3.5569,3.5591,3.5775,3.6505,3.812,3.8138,3.8156,3.8208,3.8321,3.8442,3.9065,3.9888,4.0515,4.0533,4.0552,4.057,4.0591,4.0616,4.0731,4.0771,4.098,4.1654,4.1684,4.2055,4.2215,4.4001,4.4052,4.7097,4.7478,4.7518,4.754,4.7567,4.7586,4.7672,4.8193,4.8409,5.0639,5.0934,5.1289,5.1373,5.3794,5.5834,5.9663,6.1316,6.1338,6.1355,6.1376,6.1412,6.1449,6.1495,6.1599,6.1621,6.4396,6.4563,6.4647,6.5899,6.7231,7.0637,7.0658,7.068,7.2108,7.259,7.3761,7.4651,7.6385,7.6435,7.6603,7.7494,7.8875,7.8905,7.8996,7.9017,7.9574
-1.9609,-1.9592,-1.9149,-1.9111,-1.9076,-1.9031,-1.9006,-1.8638,-1.862,-1.7941,-1.7922,-1.7876,-1.7639,-1.5295,-1.5275,-1.5249,-1.4646,-1.4586,-1.4346,-1.4268,-1.4245,-1.4227,-1.4008,-1.3971,-1.3222,-1.1818,-1.1737,-1.128,-1.0883,-1.0692,-1.0652,-0.7685,-0.2768,-0.1642,-0.161,0.0081,0.016,0.0177,0.0203,0.0232,0.0319,0.0345,0.0435,0.048,0.064,0.071,0.1114,0.1134,0.1516,0.2348,0.2594,0.2617,0.2645,0.2771,0.2788,0.3054,0.3753,0.4336,0.4968,0.4991,0.5012,0.503,0.5048,0.5075,0.5185,0.7563,0.7579,0.76,0.7629,0.7651,0.7705,0.7766,0.7822,0.8184,0.8555,0.8588,0.8798,0.8828,0.9017,0.9052,0.9072,0.9287,0.9975,0.9994,1.0011,1.0068,1.0163,1.0223,1.0388,1.2704,1.5331,1.6313,1.6334,1.6663,1.9988,2.0362,2.0379,2.0855,2.2201,2.2683,2.2857,2.2949,2.3399,2.3445,2.3472,2.3876,2.4224,2.4624,2.6045,2.608,2.6101,2.6122,2.8341,2.856,2.8925,2.9777,3.0743,3.0771,3.0813,3.0866,3.0907,3.0957,3.0989,3.1034,3.1082,3.1318,3.2225,3.2262,3.2587,3.2857,3.3119,3.3148,3.3168,3.3191,3.3211,3.3234,3.325,3.3326,3.3515,3.4812,3.4875,3.5184,3.5546,3.5566,3.559,3.5611,3.5678,3.8145,3.8162,3.8207,3.8245,3.8285,3.8329,3.8348,3.8391,3.8407,3.8719,3.8737,4.0041,4.0167,4.0185,4.0559,4.0592,4.6425,5.1463,5.3731,5.4561,5.4663,5.6285,5.6855,5.6872,5.84,5.9121,6.1336,6.1357,6.14,6.1422,6.1508,6.1629,6.3591,6.3623,6.3643,6.366,6.3676,6.3713,6.373,6.3778,6.3797,6.4161,6.4204,6.5234,6.5718,6.6736,6.8151,6.8178,6.8218,6.8925,7.1382,7.1761,7.2647,7.2924,7.3195,7.3609,7.3766,7.4312,7.433,7.4349,7.439,7.4472,7.4513,7.4539,7.5055
-1.8502,-1.8005,-1.5526,-1.4607,-1.4477,-1.4448,-1.4406,-1.4288,-1.4261,-1.3799,-1.3287,-1.3225,-1.318,-1.2889,-1.2682,-1.2642,-1.2401,-1.2376,-1.1774,-1.1757,-1.1425,-1.1407,-1.0643,-0.9843,-0.937,-0.8611,-0.8496,-0.7743,-0.7713,-0.7676,-0.7637,-0.7602,-0.7414,-0.7386,-0.7355,-0.7161,-0.5782,-0.5725,-0.5616,-0.2012,-0.1051,0.0174,0.0191,0.0211,0.0233,0.0302,0.0318,0.0348,0.0401,0.0418,0.0465,0.0574,0.0634,0.069,0.115,0.1877,0.2572,0.2592,0.2623,0.2673,0.2756,0.2797,0.2915,0.3238,0.4966,0.4995,0.5021,0.5064,0.5091,0.5211,0.7149,0.7568,0.7598,0.7633,0.7657,0.7703,0.7774,0.7803,0.7877,0.9968,0.9995,1.0065,1.0105,1.0149,1.0218,1.2258,1.229,1.4879,1.5757,1.6385,1.8274,1.988,2.0334,2.0656,2.0679,2.07,2.0717,2.0737,2.0755,2.1189,2.1748,2.1889,2.2831,2.3177,2.3246,2.4525,2.6527,2.658,2.669,2.6771,2.7991,3.0557,3.0575,3.0602,3.062,3.0636,3.0675,3.0904,3.0922,3.162,3.2954,3.2972,3.2989,3.3067,3.3129,3.3278,3.4113,3.4135,3.4153,3.5357,3.5374,3.5397,3.5428,3.5479,3.7955,3.7979,3.8,3.8033,3.8087,4.0364,4.0397,4.0468,4.0544,4.0623,4.2599,4.3177,4.4974,4.6112,4.8971,4.9007,5.0617,5.0902,5.0919,5.0953,5.5608,5.7935,5.7952,5.7975,5.9102,6.1027,6.108,6.1097,6.1154,6.1213,6.1231,6.2618,6.361,6.3713,6.4356,6.4404,6.4583,6.4629,6.5248,6.5265,6.5335,6.543,6.6545,6.738,6.743,6.7449,6.7747,6.7807,6.8576,6.8642,6.8765,7.0775,7.2778,7.2795,7.6435,7.6509,7.6543
