-4.4239999999999995,-4.403169999999999,-4.39917,-4.39377,-4.28013,-3.7592,-3.6883999999999997,-3.6864999999999997,-3.6788999999999996,-3.6574,-3.6407,-3.4894,-3.4741999999999997,-3.4661,-3.4581,-3.4244999999999997,-3.3941,-3.3172999999999995,-3.3088999999999995,-3.2276999999999996,-3.2234,-3.203,-3.1712999999999996,-2.5119,-2.163,-2.0959,-2.0197999999999996,-1.5654,-1.0208,-0.6894999999999998,-0.6658,-0.6547999999999998,0.36350000000000016,0.39590000000000014,0.4369000000000005,0.5330000000000004,0.9210000000000003,1.0633,1.0674000000000001,1.0697,1.0739,1.8925,2.1333,2.6180000000000003,2.6222000000000003,2.6271000000000004,2.6403,2.6485000000000003,2.7057,2.7380000000000004,2.7945,3.222
-5.1488000000000005,-5.1288,-5.0682,-5.0543000000000005,-4.3004,-4.284700000000001,-4.2127,-3.9950000000000006,-3.0908,-2.9899000000000004,-2.5947000000000005,-2.3221000000000007,-1.9305000000000003,-1.8524000000000003,-1.0645000000000007,-0.2685000000000004,0.4499999999999993,0.4639999999999995,0.9588000000000001,1.1071999999999997,1.4179999999999993,1.4611999999999998,2.6164000000000005,2.7205999999999992,2.7888,2.793099999999999,2.802999999999999,2.8278,2.8542000000000005,3.2051999999999996,3.229799999999999,3.251199999999999,3.2806999999999995,3.3256999999999994,3.367799999999999,3.3826,3.418
-3.7859999999999996,-3.6045,-3.6015999999999995,-3.5928999999999993,-3.5898999999999996,-3.5852999999999993,-3.5774,-3.5755999999999997,-3.526,-3.324,-3.1853999999999996,-3.1432999999999995,-3.1134999999999993,-2.8599999999999994,-2.7803999999999998,-1.7299999999999995,-0.10159999999999947,0.5472000000000001,1.7755,2.6370000000000005,2.6473000000000004,2.6793000000000005,2.7092,2.7801,2.8033,3.207000000000000
-4.521199999999999,-4.5112,-4.503399999999999,-4.499099999999999,-4.4966,-4.4783,-4.4626,-4.1899,-4.169099999999999,-4.143599999999999,-4.001399999999999,-3.9796999999999993,-3.9214999999999995,-3.8759999999999994,-3.8663,-3.7514999999999996,-3.5239999999999996,-3.5107999999999997,-3.4728999999999997,-3.1535999999999995,-3.1197999999999997,-2.5302,-2.1521999999999997,-2.0004999999999997,-1.7543999999999995,-1.7290999999999999,-1.0185999999999993,-0.9199999999999999,-0.8908999999999994,-0.40949999999999953,-0.37409999999999943,-0.3459999999999992,-0.3160999999999996,-0.23519999999999985,0.11430000000000007,0.33580000000000076,0.3459000000000003,0.3592000000000004,0.7117000000000004,1.0185000000000004,1.3227000000000002,1.5450000000000008,1.5580000000000007,1.5812,1.5902000000000003,1.6004000000000005,1.9651000000000005,2.0394000000000005,2.1946000000000003,2.1983000000000006,2.2038,2.2815000000000003,2.633,2.6353,2.6489000000000003,2.6581,2.695800000000001,2.7600000000000007,2.7680999999999996,3.0093000000000005,3.366600000000001,3.392800000000000
-4.8087,-4.4371,-4.4232,-4.370299999999999,-4.163729999999999,-3.7689999999999997,-3.6645999999999996,-3.5987,-3.5852999999999997,-3.5831,-3.5745999999999998,-3.5622999999999996,-3.4661,-3.1106999999999996,-3.0892999999999997,-3.0645,-2.5026999999999995,-2.1127999999999996,-2.0576999999999996,-2.0054999999999996,-1.6363999999999996,-1.2348,-0.8831999999999995,-0.10299999999999976,-0.08259999999999934,1.0110000000000001,1.0232,1.0337000000000005,1.0394000000000005,1.0700000000000003,1.1101,1.1679000000000004,1.2649,1.2791000000000006,1.3535000000000004,1.3869000000000007,1.6493000000000002,1.7093000000000007,1.8909000000000002,2.0047000000000006,2.1050000000000004,2.6126000000000005,2.6182,2.6353,2.6850000000000005,2.7218,2.7335000000000003,2.7439,3.346
-4.2348,-3.6669,-3.5669999999999997,-3.5625999999999998,-3.5358,-3.5187,-3.4078,-2.7100999999999997,-2.6129,-2.5608,-1.2559,-1.1155,-0.8818999999999999,-0.8747999999999996,-0.7978999999999994,-0.7962999999999996,-0.4935999999999998,-0.36189999999999944,-0.1676000000000002,0.6390000000000002,0.8921999999999999,0.9134000000000002,0.9249,1.4210000000000003,2.5578000000000003,2.567,2.6292,2.6383,2.6431000000000004,2.6697000000000006,2.6806,2.6916,2.7203,2.785300000000000
-4.74113,-4.7043,-4.68037,-3.8991,-3.8084,-3.7935999999999996,-3.7784999999999997,-3.7647999999999997,-2.6447,-1.3407999999999998,-0.5030000000000001,-0.3365999999999998,-0.20599999999999952,-0.17239999999999966,0.021399999999999864,0.07310000000000016,0.18840000000000057,0.19960000000000022,0.29490000000000016,0.3056000000000001,0.31810000000000027,0.42600000000000016,0.5962000000000005,0.8449,0.9477000000000002,0.9797000000000002,1.0048000000000004,1.0301,1.8938000000000006,2.1908000000000003,2.4233000000000002,2.4998000000000005,2.5327,2.6355000000000004,2.6522000000000006,2.7851,3.3080000000000007,3.8450999999999995,3.8515000000000006,3.859
-5.26727,-4.89297,-4.88607,-4.88337,-4.8626,-4.84177,-4.0939,-4.0904,-4.0873,-4.0796,-4.0633,-4.047,-4.0156,-3.9414,-3.6948999999999996,-3.3613999999999997,-1.9651,-1.9396999999999998,-1.8487,-1.762,-1.6658999999999997,-1.2143999999999995,-1.1960999999999995,-1.1876999999999995,-0.4620999999999995,-0.4520999999999997,-0.4276,-0.38949999999999996,-0.36599999999999966,-0.33729999999999993,-0.31459999999999955,-0.2905999999999995,-0.2469999999999999,-0.24289999999999967,-0.17900000000000027,0.25260000000000016,0.3020000000000005,0.5498000000000003,0.8178999999999998,0.8201,0.8619000000000003,2.2136000000000005,2.2824,2.2898000000000005,2.3261000000000003,2.6282000000000005,2.6316999999999995,2.6437999999999997,2.6887,2.7099,2.7893999999999997,2.7966000000000006,2.8100999999999994,2.8668000000000005,2.8747999999999996,2.8992999999999993,2.958799999999999,3.485
-5.84367,-5.39337,-4.6754999999999995,-4.6545000000000005,-4.6205,-4.6115,-4.442,-3.9984,-3.9803,-3.6417,-3.3838,-2.9387,-2.9204,-2.8682,-2.7944,-2.7023,-2.0139,-1.9913000000000003,-1.9868000000000001,-1.9745,-1.8723,-1.8242000000000003,-1.6092000000000004,-1.3681,-1.2922000000000002,-1.2804000000000002,-1.2620000000000005,-1.2439,-1.0431999999999997,-0.9979000000000005,-0.8956,-0.7965999999999998,0.6749,0.6817000000000002,0.6863999999999999,0.6986999999999997,0.7116999999999996,0.7233,0.8121999999999998,1.0407000000000002,1.0533000000000001,1.5473,1.6411999999999995,1.6651999999999996,1.6775000000000002,2.042,2.2065,2.3061000000000007,2.3916000000000004,2.4931,2.5145999999999997,2.5311000000000003,2.6227,2.6324000000000005,2.6610999999999994,2.6793999999999993,2.6983999999999995,2.9976000000000003,3.401,3.4101,3.56969999999999
-6.4014,-6.09283,-5.47997,-5.3826,-5.1156,-5.1044,-5.0943000000000005,-5.0817,-5.0732,-5.0626999999999995,-5.021599999999999,-4.975,-4.4413,-4.271599999999999,-3.9842999999999997,-3.9826,-3.3325,-3.3029,-3.1619,-2.0953,-2.0823,-1.0109000000000004,-0.9981,-0.9874999999999998,-0.9637000000000002,-0.9311999999999996,-0.9187000000000003,-0.9067999999999996,-0.8836000000000004,-0.8680000000000003,-0.8064,-0.6867000000000001,-0.4215,-0.34030000000000005,-0.3224999999999998,-0.13229999999999986,-0.08709999999999951,-0.03589999999999982,0.13269999999999982,0.6642999999999999,0.7488000000000001,0.9614000000000003,1.1037999999999997,1.1265999999999998,1.3670999999999998,1.5068000000000001,1.8501000000000003,2.614,2.6160000000000005,2.6184000000000003,2.646299999999999,2.9385000000000003,3.2657,3.523
-6.3525,-5.77807,-5.58773,-5.223599999999999,-5.1293999999999995,-5.1136,-5.0861,-5.0203999999999995,-4.975999999999999,-3.1733999999999996,-2.6028,-2.0839999999999996,-1.0931999999999995,-0.9302999999999999,-0.9019999999999992,-0.6749,-0.23499999999999943,-0.20399999999999974,-0.19849999999999923,0.4269000000000007,1.0779000000000005,1.1458000000000004,1.2536000000000005,1.4492000000000003,1.4627000000000008,1.575000000000001,1.6676000000000002,1.7097999999999995,1.8417000000000012,1.8864,1.904300000000001,1.9479000000000006,2.1868,2.581100000000001,2.627700000000001,2.6532999999999998,2.6812000000000005,2.7142999999999997,2.7431,3.361
-4.45547,-4.4400699999999995,-4.4079999999999995,-4.4057699999999995,-4.38957,-4.34573,-4.3377,-4.1577,-3.6682999999999995,-3.654,-3.6498999999999997,-3.6351999999999998,-2.9740999999999995,-1.7079999999999997,-1.7061999999999995,-1.6985999999999999,-0.9018999999999995,-0.8868999999999998,-0.7812999999999999,-0.7543999999999995,-0.7219999999999995,-0.7199999999999998,-0.7048999999999994,-0.7014999999999993,-0.37619999999999987,-0.21469999999999967,0.49900000000000055,0.5564,0.6507000000000005,0.6962999999999999,0.7049000000000003,0.8529,0.9149000000000003,1.0273000000000003,1.4442000000000004,1.6529000000000007,1.7015000000000002,1.9228000000000005,1.9681000000000006,2.1648000000000005,2.6314,2.6503000000000005,2.7074000000000007,2.7214,3.136300000000001,3.1406,3.144000000000001,3.23240000000000
-6.15043,-5.748,-5.73467,-5.567270000000001,-5.53613,-5.469200000000001,-5.4458,-5.2415,-5.2394,-5.2335,-5.2226,-5.2165,-5.213900000000001,-5.1111,-5.0486,-4.4535,-4.433400000000001,-4.4284,-4.423500000000001,-4.4131,-4.4042,-3.9929,-2.9362000000000004,-2.7180000000000004,-2.7156000000000002,-2.7076000000000002,-2.6940000000000004,-2.6242,-1.9555000000000007,-1.9080000000000004,-1.4866000000000001,-0.9776000000000007,-0.9045000000000005,-0.8837999999999999,0.8140000000000001,0.8403999999999998,0.8701999999999996,1.3195999999999994,1.3222999999999994,1.3247,1.3264999999999993,1.3281,1.3298999999999994,1.3367999999999993,1.3424999999999994,1.498499999999999,1.5722999999999994,2.6178999999999997,2.643,2.6785000000000005,2.7025999999999994,2.796999999999999
-5.4773667,-5.4692,-4.213900000000001,-4.1551,-4.1405,-4.107,-3.3584,-3.1867,-3.1259,-3.1208,-3.1165000000000003,-0.37270000000000003,-0.03530000000000033,-0.03310000000000013,0.04359999999999964,1.1617999999999995,1.2214,1.5697999999999999,1.8243999999999998,2.5149999999999997,2.5262000000000002,2.529799999999999,2.6606999999999994,2.758299999999999
-5.23507,-5.2277700000000005,-5.165830000000001,-4.5483,-4.5353,-4.531700000000001,-4.527900000000001,-4.481,-4.3208,-4.242100000000001,-3.8569,-3.7993,-3.7324,-3.0962,-3.0942000000000003,-3.0918,-3.0859,-3.0843000000000003,-3.0782000000000003,-3.0732000000000004,-1.1817000000000002,-1.0828000000000007,-0.9992000000000001,-0.9559000000000006,-0.9199000000000002,-0.9160000000000004,-0.8995000000000006,-0.8976000000000006,-0.8677000000000001,-0.8500000000000005,-0.8311000000000002,-0.0752000000000006,0.017599999999999838,0.08680000000000021,0.15120000000000022,0.16880000000000006,0.17379999999999995,0.18459999999999965,0.19639999999999969,0.3122999999999996,0.31489999999999974,0.3804999999999996,0.39429999999999943,0.4851000000000001,0.6170999999999998,0.8879999999999999,1.0545,1.0916999999999994,1.2943999999999996,1.6732999999999993,1.6760000000000002,1.6837999999999997,1.6897000000000002,1.7104,1.7429999999999994,1.7747000000000002,1.9291999999999998,1.9483999999999995,2.0138999999999996,2.381499999999999,2.630699999999999,2.644399999999999,2.6694999999999993,2.716099999999999,2.973699999999999,3.074
-5.7733,-4.941699999999999,-4.922499999999999,-4.914999999999999,-4.902799999999999,-4.888599999999999,-4.8438,-4.8155,-4.5297,-2.7350999999999996,-2.7288999999999994,-2.2071999999999994,-2.2055999999999996,-2.2024999999999997,-2.1994,-2.1861999999999995,-2.0770999999999997,-1.6384999999999996,-1.6302999999999992,-1.6228999999999996,-1.5850999999999997,-1.5800999999999998,-1.5783999999999994,-1.5621999999999998,-1.5541999999999998,-1.5469999999999997,-1.1864,-1.1715999999999998,-1.0934,-0.7168999999999999,-0.49519999999999964,-0.24879999999999924,0.14230000000000054,0.8738000000000001,0.9620000000000006,1.6927000000000003,1.7229,1.7442000000000002,1.7809999999999997,2.2253999999999996,2.2596,2.2619,2.2678000000000003,2.6222000000000003,2.625800000000001,2.654700000000001,2.674400000000001,2.6878,2.7516000000000007,3.023500000000001,3.2885999999999997,3.312000000000000
-5.791930000000001,-5.7837700000000005,-5.77467,-5.628900000000001,-5.2975,-5.1534,-5.129700000000001,-5.124700000000001,-5.113200000000001,-5.0443,-5.027,-5.0049,-4.904100000000001,-4.8437,-4.266500000000001,-4.150500000000001,-4.1344,-4.0757,-3.7213000000000003,-3.7183,-3.6607000000000003,-3.5965000000000003,-2.8405000000000005,-2.8225000000000002,-2.7108000000000003,-2.3197,-2.2146,-1.6105,-0.8940999999999999,-0.8835000000000006,-0.7923,-0.7281000000000004,-0.4605000000000006,0.0006999999999992568,0.013099999999999667,0.05750000000000011,0.34779999999999944,0.5367999999999995,0.5596999999999994,0.5880999999999998,0.6257999999999999,0.6374999999999993,0.6469999999999994,0.6614999999999993,0.9518999999999993,0.9536999999999995,0.9616999999999996,1.1625999999999994,1.2422999999999993,1.5742999999999991,1.6091999999999995,1.6654999999999998,2.2750000000000004,2.6265,2.635399999999999,2.6378000000000004,2.6418999999999997,2.7508,3.125,3.145899999999999
-6.16387,-6.100230000000001,-5.97477,-5.97313,-5.4413,-5.0141,-5.0033,-4.9866,-4.7438,-4.449400000000001,-4.444500000000001,-4.4321,-4.3952,-4.3519000000000005,-4.1769,-4.1222,-4.0224,-2.3917,-1.1203000000000003,-0.7808000000000002,-0.6856,-0.4321999999999999,0.23499999999999943,0.2366999999999999,0.5954999999999995,0.6113,0.9368999999999996,1.1156999999999995,1.1959999999999997,1.6303999999999998,1.6562000000000001,1.6588999999999992,1.661999999999999,2.6366999999999994,2.6394,2.6576000000000004,2.6953999999999994,2.7409999999999997,2.7821,3.1875999999999998,3.202999999999999
-4.681500000000001,-4.28787,-4.176200000000001,-3.8977000000000004,-3.8847000000000005,-3.8674000000000004,-3.7625,-3.5948,-3.5907,-3.2164,-2.7443000000000004,-2.6423,-2.4835000000000003,-2.4261000000000004,-2.2142000000000004,-1.9328000000000003,-1.8018,-1.6989,-1.6972000000000005,-1.4373000000000005,-1.3829000000000002,-1.1941000000000006,-0.9325999999999999,-0.9273000000000007,-0.8526000000000007,-0.3603000000000005,0.3130999999999995,1.2801,1.4032999999999998,1.7058,1.7925999999999993,1.8407999999999998,1.9825999999999997,2.024,2.0552,2.2237,2.3766999999999996,2.3992999999999993,2.5942999999999996,2.6017,2.6209999999999996,2.6528,2.6849,2.6994,3.2836999999999996,3.2906999999999993,3.37159999999999
-4.832533,-4.2200299999999995,-3.7576,-3.7558999999999996,-3.5218,-3.5183999999999997,-3.4953,-2.9894999999999996,-1.0595999999999997,-0.9478,-0.9312,-0.9081999999999999,-0.8851999999999998,0.23859999999999992,0.2868000000000004,0.44540000000000024,0.6686000000000005,1.1904000000000003,1.2887000000000004,1.6183000000000005,1.6283000000000003,1.6638000000000002,1.9294000000000002,2.3977000000000004,2.4025,2.4053000000000004,2.4133000000000004,2.418,2.5460000000000003,2.6317000000000004,2.775800000000000
-5.33143,-5.32707,-5.3076300000000005,-5.12213,-5.08917,-5.040170000000001,-4.97133,-4.89067,-4.8417,-4.6448,-4.5989,-4.550800000000001,-4.544700000000001,-4.5419,-4.532900000000001,-4.5257000000000005,-4.5192000000000005,-4.5106,-4.5046,-4.4834000000000005,-4.4698,-4.3959,-3.5964000000000005,-2.7557000000000005,-2.7336000000000005,-2.6998,-0.7726000000000006,-0.5291000000000006,0.5385999999999997,1.1952999999999996,2.6143,2.6235,2.6271000000000004,2.6647999999999996,2.8072999999999997,2.8156,2.8575,3.1259999999999994,3.1435999999999993,3.2546999999999997,3.311
-5.3131,-5.1559,-5.132,-5.1189,-5.0674,-4.5131,-4.3749,-4.364800000000001,-4.3632,-3.5092,-3.1768,-2.7218,-2.5505,-2.388,-1.6483999999999996,-1.4661,-1.3800999999999997,-0.6158999999999999,-0.6098999999999997,-0.6059999999999999,-0.6021000000000001,-0.5943000000000005,-0.46670000000000034,-0.44679999999999964,0.5736999999999997,0.5940000000000003,1.2999999999999998,1.3479,1.4221000000000004,2.332699999999999,2.5272000000000006,2.6281999999999996,2.6388999999999996,2.8011999999999997,2.8225999999999996,2.838100000000000
-5.1678,-4.771199999999999,-4.7562999999999995,-4.747199999999999,-4.7371,-4.6189,-4.5698,-4.3171,-3.6639999999999997,-3.5687999999999995,-3.5584,-3.4336999999999995,-3.1941999999999995,-2.8987999999999996,-2.7040999999999995,-2.6503999999999994,-2.4997,-2.4286999999999996,-2.2927999999999997,-2.2539,-2.1445,-2.0984999999999996,-1.9688999999999997,-1.9628999999999994,-1.9558999999999997,-1.9423999999999992,-1.9303999999999997,-1.9185999999999996,-1.8821999999999992,-1.8011999999999997,-1.7826999999999993,-1.7414999999999994,-1.7321999999999997,-1.718,-1.6928999999999998,-1.6898,-1.6873999999999993,-1.6856,-1.6658999999999997,-1.6509,-1.6457999999999995,-1.6351999999999993,-1.6124,-1.5482999999999993,-1.5404999999999998,-1.4299999999999997,-1.4281999999999995,-1.4234,-1.4211999999999998,-1.415,-1.3487,-1.2889999999999997,-1.2836999999999996,-1.2778,-1.1776999999999997,-1.1597999999999997,-1.0913999999999993,-0.9925999999999995,-0.8362999999999996,-0.019399999999999196,0.3222000000000005,0.7167000000000003,1.7254000000000005,2.6248000000000005,2.635200000000001,2.6411,2.9519,2.9681999999999995,3.038400000000001,3.55360000000000
-4.59983,-4.1512,-4.1485,-4.1348,-4.1157,-4.1048,-3.9238,-3.6907000000000005,-3.6841,-3.6684,-3.5383000000000004,-3.1795,-2.2723000000000004,-1.4195000000000002,-1.4129000000000005,-1.3904000000000005,-1.2144000000000004,-1.1189,-0.9704000000000006,-0.9557000000000002,-0.8168000000000006,-0.6949000000000005,-0.6642999999999999,-0.4897999999999998,-0.4066000000000001,-0.19610000000000039,-0.13390000000000057,-0.12199999999999989,0.17410000000000014,1.0084,2.6236999999999995,2.6326,2.6388,2.658899999999999,2.662699999999999,2.7157999999999998,2.7902000000000005,3.234600000000000
-5.16997,-4.650729999999999,-3.9951,-3.9802999999999997,-3.6647,-3.6348,-3.4414,-2.9659999999999997,-2.4314,-2.4217999999999997,-0.9916999999999998,-0.9890999999999996,-0.20760000000000023,-0.1719999999999997,-0.14060000000000006,-0.11109999999999953,0.2538999999999998,0.2586000000000004,0.27580000000000027,0.5476000000000001,0.6233000000000004,0.6515000000000004,0.6701000000000006,0.7559000000000005,0.8275000000000006,0.9742000000000006,1.1582,1.295,1.3417000000000003,1.5343,1.5627000000000004,1.5955000000000004,1.6901000000000002,2.0201000000000002,2.2207,2.2469,2.2765000000000004,2.5957,2.6226000000000003,2.6315,2.6381000000000006,2.7108999999999996,2.7358000000000002,3.0786000000000007,3.220300000000001,3.7056999999999993,3.708300000000000
-5.0812,-5.0692,-5.0601,-5.0537,-5.0323,-5.0061,-4.8889000000000005,-4.3401,-3.0477000000000003,-2.8842000000000003,-2.8686000000000003,-2.4576000000000002,-2.3566000000000003,-2.3523000000000005,-2.3395,-2.3048,-2.2025000000000006,-0.5609999999999999,-0.3639000000000001,0.045999999999999375,0.054199999999999804,0.2043999999999997,0.3099999999999996,0.5214999999999996,0.5660999999999996,0.7028999999999996,0.8843999999999994,0.9379,1.2367999999999997,1.3835999999999995,1.6342999999999996,1.7944999999999993,1.8303999999999991,1.8417999999999992,2.0702999999999996,2.668799999999999,2.7136999999999993,2.7768999999999995,2.8499999999999996,2.9643999999999995,2.992099999999999,3.458299999999999
-4.4297699999999995,-4.38967,-3.9299,-3.7931,-3.7915,-3.7758,-3.7409,-3.7358,-3.6628999999999996,-3.6524,-3.6448,-3.5787999999999998,-3.5103999999999997,-3.3255999999999997,-3.2847,-2.8263,-1.9717999999999996,-1.9048999999999996,-0.8031999999999995,-0.47299999999999986,0.35680000000000067,1.6326999999999998,1.6634000000000002,2.0526,2.0840000000000005,2.2535,2.2669000000000006,2.2715000000000005,2.2895000000000003,2.6303,2.6339000000000006,2.643,2.6453000000000007,2.6628,2.6652000000000005,2.7463000000000006,3.148
-5.6731,-5.6049,-5.1259,-5.0275,-5.0172,-5.0069,-4.9768,-4.9698,-4.0276,-3.2091000000000003,-2.0689,-2.0545,-2.0503,-1.9878999999999998,-1.0464000000000002,-1.0373999999999999,-0.3125,-0.24129999999999985,0.4153000000000002,0.5931999999999995,0.8083,0.9119999999999999,0.9851999999999999,1.3704,1.5010000000000003,1.6093000000000002,1.7647000000000004,2.0348999999999995,2.6240999999999994,2.6277,2.6496000000000004,2.732499999999999,2.743099999999999,3.144599999999999
-5.79723,-5.6047,-5.57457,-5.5382,-5.014,-4.998,-4.9963,-4.9888,-4.962,-4.8914,-4.8751999999999995,-4.2771,-4.0533,-4.0445,-3.9695,-3.0632,-2.4797000000000002,-2.4646,-0.8353999999999999,-0.8281999999999998,-0.8264000000000005,-0.8151000000000002,-0.8066000000000004,0.9351000000000003,0.9436,1.8909999999999991,2.2716000000000003,2.3899999999999997,2.622699999999999,2.624999999999999,2.6361999999999997,2.647099999999999,2.6986,2.743099999999999,2.7666999999999993,2.920
-5.334,-5.33043,-5.328399999999999,-4.64483,-4.64307,-4.63547,-4.1678,-4.149699999999999,-4.045599999999999,-3.2602999999999995,-3.2566999999999995,-3.2546999999999997,-3.2469999999999994,-3.2362999999999995,-3.0847999999999995,-3.0151999999999997,-1.4516999999999998,-0.28719999999999946,-0.26419999999999977,0.6768000000000001,0.7151000000000005,0.7424000000000008,0.7673000000000005,0.8421000000000003,0.9870000000000001,0.9898000000000007,1.0036000000000005,1.0520000000000005,1.1208,1.1856,1.2323000000000004,1.3648000000000007,1.5783000000000005,2.0,2.1564000000000005,2.1833,2.2853000000000003,2.6249000000000002,2.630000000000001,2.6826000000000008,2.708,2.7097999999999995,3.036400000000000
-4.54163,-3.516,-3.4815,-3.4783,-3.4573,-3.4496,-3.4371,-3.4024,-3.3670999999999998,-3.1228,-2.6904,-2.1135,-0.9205999999999999,-0.7103000000000002,-0.6894999999999998,-0.3293999999999997,-0.26280000000000037,-0.21609999999999996,-0.20859999999999967,-0.20450000000000035,-0.2023999999999999,-0.19840000000000035,-0.18900000000000006,-0.17579999999999973,-0.1177999999999999,-0.06949999999999967,0.19350000000000023,0.3221999999999996,0.4942000000000002,0.5637999999999996,0.7397,0.8338000000000001,0.8456999999999999,0.8749000000000002,0.9221000000000004,1.1326999999999998,1.9173999999999998,1.9366000000000003,2.263,2.4195,2.5736999999999997,2.6166,2.6195000000000004,2.6395,2.6508000000000003,2.7031,2.991399999999999
-5.72537,-5.72373,-5.3728,-5.177,-5.1753,-5.0664,-5.0521,-5.0326,-5.0243,-4.9,-4.8852,-4.8285,-4.7612000000000005,-3.8671,-1.2512999999999996,-1.2153999999999998,-1.2047999999999996,-0.9927999999999999,-0.8707000000000003,-0.8146000000000004,-0.7846000000000002,-0.6947000000000001,-0.5567000000000002,-0.5525000000000002,-0.5484,-0.5049999999999999,-0.3863000000000003,-0.2549999999999999,0.17520000000000024,0.23610000000000042,0.5049999999999999,0.7237,1.0488,1.0534,1.4330999999999996,1.6311,1.7837000000000005,1.7999,1.928,2.0105999999999993,2.0492999999999997,2.0559000000000003,2.1871,2.2544999999999993,2.3737000000000004,2.6207000000000003,2.626499999999999,2.7174000000000005,2.7245,2.7992999999999997,2.817100000000001,3.0913999999999993,3.1488000000000005,3.229
-4.38213,-3.8770299999999995,-3.7017999999999995,-3.6127,-3.5515999999999996,-3.5419,-3.5332,-3.5218,-3.5008,-3.4513999999999996,-3.4362999999999997,-3.4139,-3.3938999999999995,-3.3080999999999996,-3.1835999999999998,-3.1115999999999997,-2.1191,-0.9864999999999999,-0.8164999999999996,-0.8129,-0.012900000000000134,-0.000300000000000189,0.05120000000000058,0.09700000000000042,0.1383000000000001,0.4283000000000001,0.5327999999999999,0.5869,0.5964999999999998,0.6530000000000005,0.6783999999999999,0.7109000000000005,0.7140000000000004,1.0438999999999998,1.0612000000000004,1.5261000000000005,1.5357000000000003,1.5726000000000004,1.6385000000000005,1.9181,1.9546999999999999,1.9701000000000004,1.9733999999999998,2.2351,2.6121,2.615,2.6192,2.6227,2.6279000000000003,2.665,2.6898,2.7029000000000005,3.0853,3.1963999999999997,3.250900000000000
-4.0047,-4.0024999999999995,-4.0001299999999995,-3.5275,-3.4379999999999997,-3.4288,-3.4154999999999998,-3.4063999999999997,-3.4006,-3.3792,-3.2790999999999997,-2.8842,-2.8172999999999995,-2.1391999999999998,-2.021,-1.0751,-0.18649999999999967,0.2919999999999998,0.32120000000000015,0.4371999999999998,0.6313000000000004,0.8817000000000004,0.9377000000000004,0.9408000000000003,0.9428999999999998,1.0034,1.1582,1.2509000000000006,1.3437999999999999,1.3553000000000006,1.4064000000000005,1.5041000000000002,1.5127000000000006,1.5349000000000004,1.5457999999999998,1.5640999999999998,1.5658000000000003,1.5693000000000001,1.5796999999999999,1.6044999999999998,1.6387,1.7164000000000001,1.9218000000000002,1.9405000000000001,1.9984000000000002,2.1645000000000003,2.2441000000000004,2.2999,2.4492000000000003,2.4679,2.5120000000000005,2.5846999999999998,2.6062000000000003,2.6257,2.6698000000000004,2.7625,2.7729,2.7934,3.1424000000000003,3.1532999999999998,3.344
-5.2213,-5.191400000000001,-4.5669,-4.559200000000001,-4.5494,-4.541,-4.5327,-4.458500000000001,-4.197,-3.9425000000000003,-2.2871,-2.2605000000000004,-1.7680000000000007,-1.7625000000000002,-1.0439000000000007,-0.9946000000000002,-0.9802,-0.9530000000000003,-0.8422000000000001,-0.4311000000000007,-0.19290000000000074,-0.17970000000000041,0.22629999999999928,0.3315999999999999,0.35579999999999945,0.47219999999999995,0.49239999999999995,0.5236000000000001,0.6848999999999998,1.2671999999999999,1.2694,1.2745999999999995,1.2776999999999994,1.2794999999999996,1.2813999999999997,1.2839,1.2915,1.2997999999999994,1.4071999999999996,1.5428999999999995,2.2786,2.2809999999999997,2.282799999999999,2.5241999999999996,2.632699999999999,2.6384,2.6431999999999993,2.7700000000000005,2.7754000000000003,2.8487999999999998,2.957299999999999,2.9849000000000006,3.0591,3.079999999999999,3.095399999999999,3.137999999999999,3.1443000000000003,3.1842999999999995,3.2010999999999994,3.2253999999999996,3.230899999999999,3.232599999999999,3.242
-5.843867,-5.48597,-5.41807,-4.4974,-4.4904,-4.4772,-4.4674,-4.4447,-4.379,-3.8353,-3.095,-2.712,-2.5195000000000003,-2.5020000000000002,-2.4729,-2.2889,-1.4162,-1.3986999999999998,-1.3546000000000005,-0.9377000000000004,-0.7872000000000003,0.04070000000000018,0.2065999999999999,0.21260000000000012,0.6373999999999995,0.6841999999999997,0.7302,0.8389999999999995,0.8533999999999997,0.8671999999999995,0.8991999999999996,0.9226999999999999,0.9272,0.9467999999999996,0.9643999999999995,0.9683000000000002,0.9856999999999996,1.3065999999999995,1.4056999999999995,1.4534000000000002,2.0397,2.0582000000000003,2.0926,2.0982000000000003,2.1131,2.1192,2.1212999999999997,2.1273,2.6251999999999995,2.6279000000000003,2.6296,2.6313999999999993,2.6386000000000003,2.785,3.0740999999999996,3.2234,3.232099999999999,3.2684999999999995,3.2873,3.4128000000000007,3.441
-4.593500000000001,-4.5823,-4.5183,-4.339600000000001,-4.3308,-4.3258,-4.3218000000000005,-4.3202,-3.9731000000000005,-2.2201000000000004,-2.1584000000000003,-2.1497,-1.8681,-1.7022000000000004,-1.6291000000000002,-1.0331000000000001,-0.9863,-0.6379000000000001,-0.1318999999999999,-0.12330000000000041,-0.10400000000000009,-0.07030000000000047,0.5919999999999996,0.6528,0.6547000000000001,0.8102,1.2725,1.3241999999999994,1.4556999999999993,1.4668,2.6358999999999995,2.9621999999999993,3.0769,3.0955999999999992,3.367699999999999
-5.3956669999999995,-5.223999999999999,-4.792269999999999,-4.789429999999999,-4.3597,-4.2136,-4.1272,-4.1166,-4.1064,-4.0964,-4.0931999999999995,-4.0839,-4.0809999999999995,-4.077299999999999,-4.055999999999999,-4.0405,-3.9972999999999996,-3.9486999999999997,-3.7863999999999995,-3.3987999999999996,-3.1887,-2.2630999999999997,-1.5939999999999999,-1.2654999999999994,-1.0305999999999997,-0.8301999999999996,-0.6326999999999998,-0.4178999999999995,-0.39919999999999956,-0.3224,-0.21469999999999967,-0.11160000000000014,-0.10459999999999958,-0.0710999999999995,-0.019599999999999618,0.0472999999999999,0.25229999999999997,0.26170000000000027,0.2669000000000006,0.3073000000000006,0.33670000000000044,0.6669,0.7133000000000003,1.3797000000000006,1.3894000000000002,1.4279000000000002,1.5162000000000004,1.6093000000000002,1.7625000000000002,1.8374000000000006,1.8912000000000004,2.0088,2.0574000000000003,2.1162,2.1859,2.1985,2.3244000000000007,2.5159000000000002,2.5504000000000007,2.5639000000000003,2.6087000000000007,2.619200000000001,2.6218000000000004,2.6654,2.7492,3.016899999999999
-5.8629,-5.7909,-5.53953,-5.3537,-5.1754,-5.110099999999999,-5.1061,-5.0939,-5.0911,-5.0764,-5.0569,-4.329599999999999,-3.2882999999999996,-3.1384,-3.0071999999999997,-3.0031,-2.9456999999999995,-2.9313,-2.7569,-2.6994,-2.6803999999999997,-2.6735999999999995,-2.5540999999999996,-2.4463,-2.1605,-2.1415999999999995,-2.0794999999999995,-1.6136,-1.3083,-1.1826999999999996,-0.673,-0.10400000000000009,-0.016199999999999548,0.12809999999999988,0.6535000000000002,0.9667000000000003,1.0687000000000006,1.0712000000000002,1.0732,1.0878000000000005,1.0898000000000003,1.9178999999999995,2.123100000000001,2.1828000000000003,2.569700000000001,2.6354000000000006,2.6419999999999995,2.6461000000000006,2.6638,2.817400000000001,2.961500000000001,2.966100000000001,2.974400000000001,3.1499000000000006,3.233500000000001,3.7810000000000006,3.804000000000000
-4.2764999999999995,-3.7321,-3.7245999999999997,-3.7209,-3.7183,-3.4789,-3.4626,-2.7904999999999998,-2.3686,-1.9356,-1.3116999999999996,-1.2660999999999998,-0.9911999999999996,-0.9831999999999996,-0.9619999999999997,-0.9520999999999997,-0.9217,-0.9126999999999996,-0.49549999999999983,-0.41110000000000024,-0.1394000000000002,0.5484999999999998,0.7164999999999999,1.3938000000000006,1.7641,1.9005,2.1530000000000005,2.1779,2.2656,2.2759,2.3739,2.386,2.4140000000000006,2.6326,2.635,2.6405000000000003,2.6593999999999998,2.7672,3.227500000000001,3.248800000000001,3.460
-4.1689,-4.010730000000001,-3.8288,-3.6965000000000003,-3.6628,-3.6331,-3.5366,-3.4495000000000005,-3.4344,-3.4319,-3.4278000000000004,-3.4167,-3.3920000000000003,-3.3781,-3.3095,-3.3023000000000002,-1.0859,-0.8795000000000002,-0.7883000000000004,-0.5697999999999999,-0.5280000000000005,-0.5133999999999999,-0.5091999999999999,-0.3567,-0.30689999999999973,-0.2262000000000004,-0.18069999999999986,-0.15770000000000017,-0.12440000000000051,-0.08919999999999995,-0.04070000000000018,-0.026500000000000412,-0.008600000000000385,0.0004999999999997229,0.0023999999999997357,0.03479999999999972,0.049399999999999444,0.07139999999999969,0.08559999999999945,0.10829999999999984,0.3384999999999998,0.38319999999999954,0.4131,0.6080999999999994,0.7116999999999996,0.9935,1.0411000000000001,1.2585999999999995,1.2771,1.2833999999999994,1.3933,1.6592000000000002,1.7444999999999995,1.8053999999999997,1.8251,1.8476999999999997,2.218,2.2208999999999994,2.2309,2.2340999999999998,2.2431,2.2528999999999995,2.2709,2.2882999999999996,2.3205,2.4277999999999995,2.4387999999999996,2.6384,2.6593999999999998,2.7699,2.7782,2.914
-5.3182,-5.297267,-4.2787,-4.067699999999999,-3.9871,-3.9779999999999998,-3.9699999999999998,-3.2975999999999996,-3.1774999999999998,-1.6799999999999997,-1.6767999999999996,-1.0168,-0.9329999999999998,-0.7747999999999999,-0.6566999999999998,-0.6274999999999995,-0.6013000000000002,-0.5775999999999994,-0.5335999999999999,-0.41990000000000016,0.10440000000000005,0.10670000000000002,0.1305000000000005,0.1413000000000002,0.19130000000000003,0.26610000000000067,0.37460000000000004,0.4994000000000005,0.5415999999999999,0.6363000000000003,0.7825000000000006,0.7854000000000001,0.7919,0.8291000000000004,0.9565999999999999,1.0438999999999998,1.2185000000000006,1.4929000000000006,1.6481000000000003,1.7229,1.8322000000000003,1.9012000000000002,2.3272000000000004,2.3648000000000007,2.3963,2.4445000000000006,2.6279000000000003,2.6371,2.6417,2.6584000000000003,2.6797000000000004,2.7043999999999997,2.7386999999999997,3.371800000000000
-6.02973,-5.8706,-5.3738,-5.084,-5.0782,-5.0601,-5.0327,-4.4262999999999995,-3.7123999999999997,-3.2037999999999998,-3.1980999999999997,-3.1605999999999996,-2.5852,-2.5793999999999997,-2.566,-1.5331000000000001,-1.4608999999999996,-1.37,-1.2828,-1.2759,-1.2696999999999994,-1.2516999999999996,-1.1981000000000002,-1.1853999999999996,-0.6597999999999997,-0.6529999999999996,-0.6457999999999995,-0.4508000000000001,0.1305000000000005,0.24460000000000015,0.6390000000000002,0.6431000000000004,0.7056000000000004,0.7605000000000004,0.8999000000000006,0.9306000000000001,0.9653999999999998,1.1902,1.1942000000000004,1.6872999999999996,1.6957999999999993,2.6216,2.6284,2.6314,2.6335000000000006,2.6422,2.6647000000000007,2.6992000000000003,2.7154999999999996,2.7252,2.7761000000000005,2.8020000000000005,2.807200000000001,3.251600000000000
-4.33193,-4.3114300000000005,-4.04197,-4.0402700000000005,-3.5659,-3.5559000000000003,-3.553,-3.5366,-3.5321000000000002,-0.7231000000000005,-0.7200000000000006,-0.7041000000000004,0.5859999999999994,0.7633000000000001,0.8229999999999995,1.4158,1.4684999999999997,1.5354,1.6475999999999997,1.6613999999999995,2.6143,2.6273999999999997,2.6362999999999994,2.6385999999999994,2.6518999999999995,2.6997999999999998,2.7096999999999998,2.7709,2.8058999999999994,3.175999999999999
-4.38513,-3.4771,-3.4685,-3.4668,-3.4467,-3.3721,-2.2739000000000003,-2.2488,-0.8883000000000001,-0.8273000000000001,-0.8094999999999999,-0.3996000000000004,0.11850000000000005,0.12150000000000016,0.9675000000000002,0.9958999999999998,1.7447,1.7485,1.8305999999999996,1.8377,1.8475000000000001,1.8867000000000003,1.9043,1.9291,1.9713000000000003,2.4368999999999996,2.5405999999999995,2.6379,2.6430999999999996,2.708,2.7575000000000003,3.116399999999999
-5.17587,-5.17297,-5.1703,-5.16687,-4.5039,-4.4965,-4.4864,-4.3894,-4.367900000000001,-4.0029,-3.4907000000000004,-3.4867000000000004,-3.3568000000000002,-3.2495000000000003,-2.9312,-2.3007000000000004,-1.5281000000000002,-1.3005000000000004,-1.0766999999999998,-1.0318000000000005,-0.5120000000000005,-0.41889999999999983,-0.20940000000000047,-0.19790000000000063,0.21479999999999944,0.4228999999999994,0.43100000000000005,1.2245999999999997,1.3102,1.3980999999999995,1.6197999999999997,1.6384999999999996,1.649,1.6573000000000002,1.7511999999999999,1.8086000000000002,1.8586999999999998,1.9997999999999996,2.0445,2.0651,2.143299999999999,2.2673999999999994,2.5963000000000003,2.6206000000000005,2.6251000000000007,2.6285,2.6408999999999994,2.6529,2.6594000000000007,2.7306999999999997,2.7498999999999993,2.8000999999999996,2.8021000000000003,2.9408000000000003,2.9433,3.235
-6.2414000000000005,-5.6784300000000005,-5.67047,-5.64843,-5.4038,-5.193300000000001,-5.1315,-5.1242,-5.1116,-5.0606,-5.0549,-5.0383000000000004,-5.032500000000001,-4.2271,-4.1835,-3.084,-2.3853,-2.3378000000000005,-1.8072,-1.4531999999999998,-1.2747000000000002,-1.2021000000000006,-1.0925000000000002,-0.7366000000000001,-0.6142000000000003,-0.41600000000000037,-0.3966000000000003,-0.30130000000000035,-0.2259000000000002,-0.0611000000000006,0.22489999999999988,0.3174999999999999,0.6380999999999997,1.0091999999999999,1.3949999999999996,1.4710999999999999,1.8998,2.3145999999999995,2.6192,2.631099999999999,2.6398,2.643299999999999,2.7451,2.757699999999999,3.04,3.412600000000000
-4.37563,-3.399,-3.3965000000000005,-3.3926000000000003,-3.3824000000000005,-3.3753,-3.3657000000000004,-3.3007,-3.2701000000000002,-2.1703,-1.8758000000000004,-1.7606000000000002,-1.4980000000000002,-1.3638000000000003,-1.3098,-1.1278000000000001,-1.0523000000000002,-0.9416000000000002,-0.9114,-0.3947000000000003,-0.18660000000000032,-0.1828000000000003,0.4245000000000001,0.6356999999999999,0.8715000000000002,0.8776000000000002,1.3315000000000001,1.3730000000000002,1.3841,1.5575999999999999,1.7282000000000002,1.7424999999999997,1.8313999999999995,1.8601,1.8724999999999996,1.9516999999999998,2.2433999999999994,2.2489,2.2676999999999996,2.6174999999999997,2.6232999999999995,2.6281,2.6480999999999995,2.654,2.6799999999999997,3.220899999999999
-5.6358,-5.62993,-5.62783,-5.2157,-5.21347,-5.21093,-5.20337,-5.16747,-5.1205300000000005,-5.095,-5.08913,-4.876,-4.5776,-4.5710999999999995,-4.5646,-4.5585,-4.3025,-3.1147,-3.0474,-3.0441,-3.0323,-1.7508,-1.7149,-1.7093999999999996,-1.4855999999999998,-1.3373,-1.3345000000000002,-1.3296999999999999,-1.3183999999999996,-1.1512000000000002,-0.9638,-0.9031000000000002,-0.8796999999999997,-0.8772000000000002,-0.8509000000000002,-0.5757000000000003,-0.5621999999999998,-0.5206999999999997,-0.5118999999999998,-0.24619999999999997,-0.17849999999999966,0.07859999999999978,0.08640000000000025,0.34609999999999985,0.34860000000000024,0.3852000000000002,0.5788000000000002,0.8444000000000003,0.8589000000000002,0.8700000000000001,0.8754999999999997,0.8848000000000003,0.9020000000000001,0.9558999999999997,0.9813000000000001,1.2323000000000004,1.2451999999999996,1.2999,1.5347999999999997,1.7576,1.8893000000000004,2.1845999999999997,2.627700000000001,2.6332000000000004,2.6395999999999997,2.6416000000000004,2.7254000000000005,2.7737,2.8172999999999995,3.154199999999999

-5.745,-5.66233,-5.319,-5.1667,-5.1531,-5.14,-5.135,-5.0222999999999995,-4.7717,-4.666399999999999,-4.6467,-2.9499999999999997,-2.877,-2.7132,-1.0739,-1.0677000000000003,-0.14109999999999978,0.01240000000000041,0.5728,0.9152000000000005,1.5167000000000002,1.6213999999999995,1.6235999999999997,1.6325000000000003,1.6462000000000003,1.6584000000000003,1.8322000000000003,2.1171000000000006,2.5801999999999996,2.622300000000001,2.6347000000000005,2.6509,2.8732000000000006,3.0000999999999998,3.742000000000001,3.7680000000000007,3.7699999999999996,3.794000000000000
-5.97777,-5.2155,-5.1599,-5.1432,-5.1381,-5.1354,-5.0672,-4.2539,-2.2926,-2.2908,-2.0778,-1.9727999999999994,-1.9322999999999997,-1.8894000000000002,-1.8551000000000002,-1.2351,-1.1571999999999996,-1.0077999999999996,-0.726,-0.6562999999999999,-0.6429,-0.6356999999999999,-0.6226000000000003,-0.6160999999999994,-0.49650000000000016,0.5583,0.7410000000000005,1.0375000000000005,1.9235999999999995,2.6192,2.6306000000000003,3.3159,3.4319999999999995,3.616000000000000
-5.381767,-4.0939000000000005,-4.0844000000000005,-3.0064,-1.5715000000000003,-1.3618000000000006,-0.3712,-0.3691000000000004,-0.35440000000000005,-0.34299999999999997,0.7056999999999993,0.7325999999999997,0.883,1.1029,1.1792999999999996,1.2862999999999998,1.3163999999999998,1.5332,2.2001,2.6225999999999994,2.6254,2.6603000000000003,2.6802,2.715799999999999,2.7498999999999993,3.1452,3.6986999999999997,3.943
-5.66087,-5.06373,-4.5245,-4.5123999999999995,-4.5092,-4.5,-4.4963999999999995,-4.4894,-4.4496,-3.7681,-3.7588,-3.1372,-1.1955999999999998,-0.7610000000000001,-0.6917999999999997,-0.6288,-0.5617999999999999,-0.359,-0.05250000000000021,0.06630000000000003,1.0322000000000005,1.3170000000000002,1.5392000000000001,1.6922000000000006,2.0027,2.0154000000000005,2.021,2.1933999999999996,2.4775,2.6209,2.6233999999999993,2.644800000000001,2.6879999999999997,2.8111000000000006,3.1262999999999996,3.465499999999999
-3.5542,-3.5410000000000004,-3.5385,-3.5220000000000002,-3.5202999999999998,-3.503,-3.4818,-3.161,-3.1508000000000003,-3.0582000000000003,-3.0348,-2.8161,-2.8016,-2.771,-2.7582,-1.0140000000000002,-0.8643000000000001,-0.7739000000000003,-0.3476999999999997,-0.33060000000000045,-0.3222000000000005,-0.2992999999999997,-0.13930000000000042,0.0849000000000002,0.2878999999999996,0.5883000000000003,1.1483999999999996,1.2167000000000003,1.2298,1.3513000000000002,1.4673999999999996,2.0107,2.0206,2.1388999999999996,2.3865999999999996,2.4698,2.6323,2.6369999999999996,2.651,2.6578999999999997,2.6681,2.6720999999999995,2.6971,2.7087000000000003,2.7129000000000003,2.7622999999999998,3.0805,3.1717999999999993,3.1792,3.1808999999999994,3.396800000000000
-5.101970000000001,-4.140000000000001,-4.0356000000000005,-3.9908,-3.8787000000000003,-3.6618000000000004,-3.5580000000000003,-3.5485,-3.5018000000000002,-2.2520000000000002,-0.7000000000000002,-0.43520000000000003,0.3087,0.39449999999999985,0.42249999999999943,0.4361999999999995,0.5153999999999996,0.5367999999999995,0.5855999999999995,0.6666999999999996,0.7138999999999998,0.9028999999999998,0.9737,1.13,1.1749999999999998,1.2490999999999994,1.5001999999999995,1.6907999999999994,1.6983999999999995,1.7309,1.7713999999999999,2.6225999999999994,2.6341,2.6361999999999997,2.6391999999999998,2.6636999999999995,2.7170999999999994,2.7625,2.8084999999999996,3.1009,3.1948,3.827099999999999,3.874899999999999
-4.52763,-4.4174,-4.1526700000000005,-4.0587,-3.89703,-3.8141,-3.7008,-3.5312,-3.5128000000000004,-3.4831000000000003,-1.9895,-1.967,-1.7593,-1.2875,-1.2857000000000003,-1.0144000000000002,0.20029999999999948,0.4661999999999997,1.8361999999999998,2.0283999999999995,2.3050999999999995,2.6413,2.646,2.7306,3.842100000000000
-4.61567,-4.23703,-3.4314,-3.4273,-3.4254,-3.3834999999999997,-2.0416999999999996,-0.9436999999999998,-0.9133999999999998,-0.6721999999999992,-0.6341000000000001,-0.1513,0.3402000000000003,0.6565000000000003,0.6617000000000006,0.9752000000000001,1.2792000000000003,1.3792,1.5569000000000006,2.0680000000000005,2.6139,2.6156000000000006,2.6180000000000003,2.6545000000000005,2.6641000000000004,2.6859,2.7624000000000004,2.7960000000000003,2.8704,2.9291,3.0614,3.0730000000000004,3.1373000000000006,3.1878,3.249500000000001,3.3087,3.3727,3.407,3.714399999999999
-5.64857,-4.93963,-4.571,-4.5656,-4.555899999999999,-4.5448,-4.5405999999999995,-4.518,-4.497,-4.4780999999999995,-4.0868,-4.0428,-3.7235,-3.7035,-3.6794,-3.1505,-3.0179,-3.0147999999999997,-3.0094,-3.0023999999999997,-2.9957,-2.9848,-2.981,-2.6028,-2.3742,-2.3603,-2.3411,-2.332,-2.3245999999999998,-2.287,-2.2814,-2.2733,-2.2407,-1.9842999999999997,-1.9348,-1.1174999999999997,-1.101,-1.0964999999999998,-1.0691999999999995,-1.0616000000000003,-1.0529000000000002,-1.0199999999999996,-0.9470000000000001,-0.9359999999999999,-0.9062999999999999,-0.8219000000000003,-0.7972999999999999,-0.7019000000000002,-0.5014000000000003,0.5598999999999998,0.6905999999999999,1.5943000000000005,1.8129,2.1502,2.211500000000001,2.3744999999999994,2.3767999999999994,2.3939000000000004,2.4129000000000005,2.6259999999999994,2.6319,3.139699999999999
-4.792800000000001,-4.789867,-4.7754,-4.4609700000000005,-4.05487,-3.6350000000000007,-3.6208000000000005,-3.5655,-3.5286000000000004,-3.5264000000000006,-3.5129,-3.4785000000000004,-3.4085000000000005,-3.4069000000000003,-3.3945000000000007,-3.3912000000000004,-3.3698000000000006,-3.1914000000000007,-2.7496000000000005,-2.6912000000000003,-2.6816000000000004,-2.6689000000000003,-2.4878000000000005,-2.4394000000000005,-0.9145000000000003,-0.37150000000000016,-0.3623000000000003,-0.2240000000000002,-0.1601000000000008,-0.12420000000000009,0.0862999999999996,0.32209999999999983,0.32369999999999965,0.3285,0.38809999999999967,0.8432999999999993,0.8834999999999997,0.9864999999999995,1.3225999999999996,1.3434999999999997,1.5804999999999998,1.9455,2.1057999999999995,2.1761999999999997,2.1997999999999998,2.2207999999999997,2.2497999999999996,2.2612999999999994,2.5806999999999993,2.6343999999999994,2.6475,2.6532999999999998,2.666899999999999,3.1149999999999993,3.1187999999999994,3.1479,3.1506999999999987,3.158199999999999,3.1996,3.2492,3.320000000000000

-4.76363,-4.7321,-4.7248,-4.33613,-4.29793,-4.29467,-4.2662,-4.2638300000000005,-3.6370000000000005,-3.6306000000000003,-3.6283000000000003,-3.6046000000000005,-3.5683000000000002,-1.5362,-1.2365,-0.47850000000000037,0.23580000000000023,0.2688999999999995,0.30549999999999944,0.3254999999999999,0.7142,0.7953000000000001,0.8303000000000003,0.8407,0.8746,1.0183,1.5582000000000003,1.5624000000000002,1.5697,1.6028000000000002,1.6104000000000003,1.6258999999999997,1.6395999999999997,2.6228,2.6325000000000003,2.697,2.7043999999999997,2.7135999999999996,2.7318,2.734499999999999
-3.546,-3.5225,-3.5208,-3.5164,-3.5087,-3.5000999999999998,-3.4707999999999997,-3.3678,-3.1878,-3.0441,-3.0309999999999997,-2.8695,-2.8036,-2.7517,-1.6812999999999998,-1.6749,-1.6696,-1.2805999999999997,-0.5832999999999995,-0.4142000000000001,-0.3338000000000001,0.16710000000000047,0.28690000000000015,0.3932000000000002,0.40000000000000036,0.4016000000000002,0.4073000000000002,1.5,1.5334000000000003,1.537,2.0762,2.6477000000000004,2.6629000000000005,2.7378,3.2974000000000006,3.343900000000000
-5.281133,-5.259933,-4.33847,-3.9883999999999995,-3.9672,-3.9635,-3.9516,-2.8282,-2.3912999999999998,-2.029,-1.871,-1.7864,-1.759,-1.2372999999999994,-0.8731999999999998,-0.5770999999999997,-0.5371999999999995,-0.5146999999999995,-0.5028999999999995,-0.43049999999999944,-0.41500000000000004,0.13350000000000062,0.22409999999999997,0.33860000000000046,0.5800999999999998,1.0758999999999999,1.1184000000000003,1.7509000000000006,1.7845000000000004,1.8121,1.8403999999999998,1.8477000000000006,1.9275000000000002,2.0824,2.1295,2.3759000000000006,2.3878000000000004,2.3991,2.4953000000000003,2.5526999999999997,2.6228,2.7387000000000006,2.7967000000000004,2.8827000000000007,2.947,3.024400000000001,3.15550000000000
-4.82813,-4.759169999999999,-3.8202999999999996,-3.8087999999999997,-3.7889999999999997,-3.1169,0.054700000000000415,0.09700000000000042,0.14789999999999992,0.18630000000000013,0.33110000000000017,0.40080000000000027,0.8172000000000006,0.9447000000000001,2.5796,2.5899,2.6004000000000005,2.6399,2.6470000000000002,2.6815000000000007,2.7031,2.8342,2.8432000000000004,2.8532,2.897000000000001,3.325299999999999
-5.77623,-4.601800000000001,-4.577100000000001,-4.5716,-4.5679,-4.1862,-4.1588,-3.7998000000000003,-3.6861,-3.4330000000000003,-3.1669000000000005,-2.8175000000000003,-2.7427,-2.717,-2.7151000000000005,-2.7009000000000003,-2.6908000000000003,-2.5363,-2.5326000000000004,-2.5267000000000004,-2.5149000000000004,-2.4893000000000005,-2.4807,-2.4774000000000003,-2.4753000000000003,-2.3891000000000004,-2.3855000000000004,-2.3809000000000005,-2.3486000000000002,-2.3393,-2.3236000000000003,-2.3192000000000004,-2.3025,-2.2946000000000004,-2.2856000000000005,-2.2818000000000005,-2.2613000000000003,-2.2350000000000003,-2.2326,-2.2308000000000003,-2.1525000000000003,-1.9945000000000004,-1.6631,-0.7233,-0.5967000000000002,-0.5777999999999999,-0.1722999999999999,0.24209999999999976,0.3793999999999995,0.5675999999999997,0.5720999999999998,0.5743999999999998,0.5950999999999995,0.6036999999999999,0.6213999999999995,0.7586999999999993,0.7690999999999999,1.0665999999999993,1.2201999999999993,1.2870999999999997,2.0271999999999997,2.5588999999999995,2.618599999999999,2.6212,2.6662999999999997,2.6990999999999996,2.965299999999999,2.9899000000000004,3.0037000000000003,3.13989999999999
-5.42617,-5.41223,-5.386570000000001,-4.6061000000000005,-4.5938,-4.5859000000000005,-4.5685,-4.5311,-4.4581,-4.448,-4.2098,-3.7835,-3.5227000000000004,-3.4979000000000005,-3.1842,-3.1043000000000003,-2.9480000000000004,-2.8184000000000005,-2.5644000000000005,-2.4379000000000004,0.0931999999999995,0.10529999999999973,0.22299999999999986,0.4405999999999999,0.5892,0.9074999999999998,0.9752000000000001,1.5153999999999996,1.5935999999999995,1.6220999999999997,1.654,1.7516999999999996,1.7671000000000001,1.8738000000000001,2.0610999999999997,2.2765999999999993,2.6247,2.6262999999999996,2.6299,2.6505,2.6526000000000005,2.7061,2.7382,2.8007999999999997,3.1032,3.1102999999999996,3.1132,3.116699999999999,3.1194999999999995,3.143999999999999
-5.3971,-5.3925667,-5.3834670000000004,-5.3807,-5.3762,-5.336233,-5.1022,-4.72497,-4.70907,-4.7010000000000005,-4.67,-4.64077,-4.51373,-4.49843,-4.49123,-4.4453700000000005,-4.42757,-4.3962,-4.3824000000000005,-4.3006,-4.2838,-4.2554,-4.2402,-4.2275,-4.1524,-4.1114,-4.1082,-4.0968,-4.078,-3.9198,-3.7777000000000003,-3.6813000000000002,-3.4971,-3.4115,-3.2796,-1.3175999999999997,-1.0492999999999997,-0.9199999999999999,-0.8037000000000001,0.04389999999999983,0.056400000000000006,0.16049999999999986,0.17279999999999962,0.22470000000000034,0.24960000000000004,0.26539999999999964,0.38210000000000033,0.5904999999999996,0.6223000000000001,0.6334999999999997,0.6997999999999998,0.8296000000000001,1.2542,1.3719999999999999,1.3747999999999996,1.3884999999999996,1.4134000000000002,1.4344999999999999,1.9654999999999996,2.6192,2.6251000000000007,2.6323999999999996,2.7168,2.9655999999999993,2.9974999999999996,3.043399999999999,3.0896999999999997,3.1434000000000006,3.1579000000000006,3.261500000000000
-4.7305,-3.9249,-3.8457,-3.723,-3.7138,-3.7015000000000002,-3.692,-3.6790000000000003,-3.6441,-3.617,-2.7046,-2.0262000000000002,-2.0237,-1.8629000000000002,-1.6637,-1.5074,0.0777000000000001,0.1554000000000002,0.3211000000000004,0.34670000000000023,0.4626000000000001,0.5339,0.5609000000000002,0.6254999999999997,1.2626,1.2703999999999995,1.3090000000000002,1.7218999999999998,2.503,2.5058999999999996,2.5208000000000004,2.5252999999999997,2.5593000000000004,2.6312999999999995,2.6418999999999997,2.6567,2.7522,2.8524000000000003,3.3993,3.401,3.411799999999999
-5.084300000000001,-4.60147,-4.0572,-4.0341000000000005,-3.67,-3.6415,-2.6942000000000004,-2.6612000000000005,-2.5781,-2.5324000000000004,-2.5254000000000003,-2.4293000000000005,-2.1009,-1.6397000000000004,-1.6158000000000001,-1.3354,-1.3241000000000005,-0.6219999999999999,-0.5449999999999999,-0.48080000000000034,-0.4729000000000001,-0.2240000000000002,-0.15669999999999984,-0.1316000000000006,-0.1297000000000006,-0.04760000000000009,0.07279999999999998,0.07469999999999999,0.11149999999999949,0.12119999999999997,0.1509999999999998,0.1780999999999997,0.3011999999999997,0.3327,0.36540000000000017,0.4260999999999999,0.8617999999999997,1.2389000000000001,1.2405,1.5328,1.5397999999999996,1.7810999999999995,1.8376000000000001,1.8427999999999995,2.0062999999999995,2.2077,2.6239,2.6286999999999994,2.6359000000000004,2.659299999999999,2.7167000000000003,3.3374999999999995,3.6779,3.841399999999999
-4.23747,-3.9896,-3.6162,-3.6024,-3.5898,-3.5861,-3.5683999999999996,-3.4858,-3.4764,-3.3963,-3.3754999999999997,-3.0170999999999997,-2.5660999999999996,-2.4686999999999997,-1.9438,-1.8234,-1.6481,-1.6351999999999998,-1.5610999999999997,-1.3197999999999999,-0.43239999999999945,-0.13479999999999936,-0.04669999999999952,0.08370000000000033,0.16360000000000063,0.19700000000000006,0.2265000000000006,0.25480000000000036,0.34860000000000024,0.3871000000000002,0.4546000000000001,0.4607000000000001,0.46250000000000036,0.4958999999999998,0.6349,0.8418999999999999,0.8892000000000007,0.8914,0.8982000000000001,0.9177,0.9196,0.9216000000000006,1.5257000000000005,1.5694,1.7421000000000006,1.9336000000000002,2.1672000000000002,2.4286000000000003,2.6356,2.699,2.7103,2.9139,3.27290000000000

-5.857266999999999,-5.661569999999999,-5.065099999999999,-4.8111,-4.5767,-4.5504,-4.5451999999999995,-4.538,-4.5028999999999995,-3.9986999999999995,-3.9071,-3.7625999999999995,-3.6051999999999995,-3.5946999999999996,-3.5912999999999995,-3.5866999999999996,-3.5719,-3.5509999999999997,-3.5477999999999996,-3.542,-3.5220999999999996,-2.7045999999999997,-2.7005,-2.6213999999999995,-2.2009999999999996,-2.0456999999999996,-2.0271,-0.8182999999999998,-0.6465999999999994,-0.6206999999999994,-0.5350999999999999,-0.48299999999999965,-0.4645999999999999,-0.09009999999999962,-0.0032999999999994145,0.0257000000000005,0.03140000000000054,0.06880000000000042,0.08870000000000022,0.09550000000000036,0.1463000000000001,0.1880000000000006,0.28549999999999986,0.3271000000000006,0.5125000000000002,0.5476000000000001,0.7476000000000003,0.7568999999999999,0.7895000000000003,1.5663,1.5785,1.5935000000000006,1.5972,1.5994000000000002,1.9536000000000007,2.0013000000000005,2.0278,2.045,2.155800000000001,2.1609999999999996,2.2888,2.6179000000000006,2.6221999999999994,2.629100000000001,2.700800000000001,2.717500000000001,2.7735000000000003,2.7874999999999996,2.9185,3.1234,3.155
-5.4236699999999995,-5.3921,-4.9029,-4.8878,-4.8845,-4.8785,-4.8637,-3.0159,-2.9175,-2.7168,-2.6839999999999997,-2.6162,-2.6122,-2.6066,-2.3117,-2.3047999999999997,-2.1194999999999995,-1.9459999999999997,-1.8619000000000003,-1.8235999999999999,-1.7853000000000003,-1.7834000000000003,-1.2618999999999998,-1.2504999999999997,-1.2255000000000003,-0.8253000000000004,-0.17210000000000036,-0.14229999999999965,0.031800000000000495,0.0766,0.0968,0.13379999999999992,0.17110000000000003,0.26060000000000016,0.2766000000000002,0.2892999999999999,0.3071999999999999,1.088,1.1018,1.3097000000000003,1.9454000000000002,1.9485000000000001,1.9757000000000007,1.979400000000001,2.272100000000001,2.6179999999999994,2.6445,2.6887999999999996,2.700500000000001,2.708799999999999,2.7113000000000005,3.4216000000000006,3.424700000000000
-5.027099999999999,-5.018699999999999,-5.0150999999999994,-5.0016,-4.989999999999999,-4.981199999999999,-4.966799999999999,-4.5028999999999995,-2.8616999999999995,-2.3473999999999995,-2.3301,-1.7986999999999993,-1.0157999999999996,-0.6190999999999995,-0.4166999999999996,-0.33309999999999995,-0.29829999999999934,-0.27029999999999976,-0.15809999999999924,-0.012699999999999712,0.00730000000000075,0.04870000000000019,0.07110000000000039,0.09690000000000065,0.12870000000000026,0.1385000000000005,0.17710000000000026,0.19740000000000002,0.20450000000000035,0.2085000000000008,0.22600000000000087,0.22860000000000014,0.41300000000000026,0.4245000000000001,0.44150000000000045,0.5726000000000004,0.6013000000000002,0.6713000000000005,0.7224000000000004,0.8414000000000001,0.8549000000000007,1.197,1.6048,1.6245000000000012,1.6273,1.6453000000000007,1.6473000000000013,1.6652000000000005,1.6759000000000004,1.7217000000000002,1.7467000000000006,2.2779000000000007,2.3412000000000006,2.3483,2.4558999999999997,2.6263000000000005,2.7081,2.7148000000000003,2.781600000000001,2.7917000000000005,3.141
-5.35863,-5.34567,-4.5012,-4.494400000000001,-4.4830000000000005,-4.463,-4.4305,-4.3986,-4.2916,-3.7477,-3.7199,-3.7142000000000004,-3.6994000000000002,-3.1394,-3.1192,-3.1159000000000003,-3.0992,-2.4419,-2.4235,-2.3734,-2.3253000000000004,-2.2562,-1.0211000000000006,-0.4874999999999998,-0.32980000000000054,-0.2713000000000001,-0.12469999999999981,0.04049999999999976,0.07939999999999969,0.1269,0.1974999999999998,0.27479999999999993,0.8635999999999999,0.9741,0.9973000000000001,1.0537999999999998,1.0675,1.3262999999999998,1.4607999999999999,1.5652,1.6076999999999995,2.622399999999999,2.6403,2.6519999999999992,3.009700000000000
-5.405533,-5.389067,-5.32233,-5.31357,-5.2795000000000005,-5.26943,-5.2455300000000005,-5.10477,-5.067,-5.02823,-5.00743,-4.89167,-4.829470000000001,-4.74457,-4.73423,-4.7091,-4.70183,-4.675,-4.65397,-4.55327,-4.5473300000000005,-4.54547,-4.5436700000000005,-4.47253,-4.0773,-4.072900000000001,-4.0612,-4.0542,-4.0492,-4.0314,-4.0138,-3.9718,-3.7969,-3.4838000000000005,-3.4536000000000002,-3.4491,-3.3619000000000003,-2.9250000000000003,-2.8836000000000004,-2.871,-2.3103000000000002,-1.5964,0.030100000000000016,0.1365999999999996,0.19339999999999957,0.20089999999999986,0.2688999999999995,0.3429000000000002,0.35799999999999965,0.6066000000000003,0.8694999999999995,1.3728999999999996,1.4456999999999995,1.6719,1.7969999999999997,2.6453999999999995,3.0736999999999997,3.2777000000000003,3.341
-5.226,-5.01,-4.9985,-4.9951,-4.9872,-4.9805,-4.8433,-4.2466,-2.7191,-2.1542000000000003,-1.9546999999999999,-1.9063999999999997,-1.7743000000000002,-1.4903000000000004,-1.4127,-1.3594,-1.3427999999999995,-1.2575000000000003,-1.1105999999999998,-0.7549999999999999,-0.6662999999999997,-0.24399999999999977,-0.08230000000000004,-0.07580000000000009,-0.06899999999999995,-0.06259999999999977,-0.043400000000000105,-0.03200000000000003,0.022400000000000198,0.028400000000000425,0.07040000000000024,0.07870000000000044,0.09830000000000005,0.133,0.1612,0.16920000000000002,0.4820000000000002,0.5453000000000001,0.6475999999999997,0.7473000000000001,1.0228000000000002,1.0312000000000001,1.0402000000000005,1.0629999999999997,1.0997000000000003,1.5743999999999998,1.6135000000000002,1.6517999999999997,2.5741000000000005,2.6122000000000005,2.6228000000000007,2.6251000000000007,2.6270999999999995,2.6308999999999996,2.6595000000000004,2.7215999999999996,2.7314,2.7750999999999992,3.1948999999999996,3.238700000000000
-4.6917670000000005,-4.5500300000000005,-4.1017,-3.4388000000000005,-3.4254000000000007,-3.4177000000000004,-3.4006000000000003,-3.2737000000000003,-2.6538000000000004,-2.3670000000000004,0.030999999999999694,0.11209999999999987,0.18179999999999996,0.19409999999999972,0.3572999999999995,0.8224,0.8297999999999996,1.9612999999999996,2.2196999999999996,2.6191999999999993,2.6246,2.6389999999999993,2.7089,2.7561,2.9887999999999995,3.0827999999999998,3.1456,3.1479999999999997,3.1514999999999995,3.2367999999999997,3.2910999999999992,3.425899999999999
-4.723800000000001,-4.718,-4.6799,-4.5936,-4.5809,-4.5739,-4.1577,-3.9205000000000005,-3.398,-3.3943000000000003,-2.3149,-2.0578000000000003,-2.0391000000000004,-1.1760000000000002,-0.5186999999999999,0.13049999999999962,0.22769999999999957,0.2505999999999995,0.32779999999999987,0.34450000000000003,0.38370000000000015,0.6129999999999995,0.6272000000000002,0.6296999999999997,0.6354999999999995,0.6376,0.6431999999999993,0.6533999999999995,0.6928999999999998,0.7681999999999993,0.8251,1.0638999999999994,1.0684999999999993,1.5358999999999998,1.5463999999999993,1.5880999999999998,2.0026,2.0042,2.0157,2.1354999999999995,2.2723000000000004,2.451299999999999,2.6317999999999993,2.6343000000000005,2.6686000000000005,2.7465,2.823999999999999,3.03199999999999
-5.7871,-5.7745,-5.336,-5.1594,-5.1537,-5.1499,-5.1479,-5.1377,-5.116899999999999,-5.105,-4.9094,-4.7629,-4.222899999999999,-2.9606999999999997,-2.4506999999999994,-2.0641,-1.2603999999999997,-0.05319999999999947,0.024499999999999744,0.03629999999999978,0.07230000000000025,0.1277999999999997,0.1398999999999999,0.16920000000000002,0.22989999999999977,0.2496999999999998,0.26170000000000027,0.4099000000000004,0.5587,0.9138999999999999,1.1742,1.8863000000000003,2.0177999999999994,2.1228999999999996,2.3333999999999993,2.4648000000000003,2.4688999999999997,2.472900000000001,2.4947999999999997,2.6213999999999995,2.6258,2.6274999999999995,2.6501,2.6646,2.7544000000000004,2.7723999999999993,3.0722000000000005,3.558999999999999
-4.5096,-4.4816,-4.1508,-4.1407,-4.1089,-4.077,-4.0429,-3.4319,-2.638,-1.8056,-1.7993999999999999,-1.5864000000000003,-1.5098000000000003,-1.4965000000000002,-1.3342,-1.3291000000000004,-1.3265000000000002,-0.7648000000000001,-0.6671000000000005,-0.1578999999999997,0.007799999999999585,0.08099999999999952,0.12600000000000033,0.45230000000000015,0.5430999999999999,1.1232999999999995,1.1913999999999998,1.476,1.4873000000000003,1.4942000000000002,1.5011,2.1117999999999997,2.1411,2.1893000000000002,2.2272,2.5709999999999997,2.5767000000000007,2.6266,2.6289,2.6420999999999992,2.6667000000000005,2.72070000000000

-5.33277,-5.2224,-4.5948,-4.5667,-4.4906,-4.4726,-4.4696,-4.462,-4.1992,-4.1716,-4.1517,-4.0469,-4.0446,-3.9837,-3.9783,-3.8949,-3.5161000000000002,-3.4441,-3.3762,-2.1955,-2.0876,-1.7462,-1.7348999999999997,-1.7034000000000002,-1.6867999999999999,-1.6219999999999999,-1.5686,-1.5509000000000004,-1.5168,-1.3262999999999998,-1.2485,-1.2226999999999997,-0.9733,-0.9650999999999996,-0.8265000000000002,-0.7450999999999999,-0.6543000000000001,0.028200000000000003,0.03500000000000014,0.07350000000000012,0.09759999999999991,0.10210000000000008,0.16159999999999997,0.1860999999999997,0.20110000000000028,0.22489999999999988,0.31649999999999956,0.9054000000000002,0.9688999999999997,1.1411999999999995,1.2716000000000003,1.2961999999999998,1.3872,1.4287999999999998,1.6363000000000003,1.6843000000000004,1.7904999999999998,1.8181000000000003,2.3348999999999993,2.480600000000001,2.5055999999999994,2.5328,2.5357000000000003,2.636799999999999,2.6433,2.6561000000000003,2.7232000000000003,3.384600000000000
-5.0565,-4.6278999999999995,-4.6226,-4.6209999999999996,-4.6171,-4.612299999999999,-4.6074,-4.5973999999999995,-4.5912999999999995,-4.5218,-4.501099999999999,-4.2566,-3.7689999999999997,-3.3215,-3.1723999999999997,-3.1454999999999997,-2.6874999999999996,-2.6199999999999997,-2.6174,-2.5509,-2.5197,-1.8047999999999993,-1.7620999999999993,-1.6212,-1.5316999999999998,-0.6857999999999995,-0.6395999999999997,-0.5998999999999999,-0.5154999999999994,-0.4574999999999996,0.039400000000000546,0.08090000000000064,0.11439999999999984,0.1283000000000003,0.14000000000000057,0.15359999999999996,0.17110000000000003,0.21030000000000015,0.6998000000000006,0.8098000000000001,0.8295000000000003,0.8882000000000003,0.9122000000000003,0.9300000000000006,0.9521000000000006,0.9630000000000001,1.0161000000000007,1.1734,1.3348000000000004,1.3531000000000004,1.3891,2.1607000000000003,2.164300000000001,2.1675000000000004,2.630000000000001,2.641300000000001,2.6525,2.6587999999999994,2.6997,2.918
-5.047829999999999,-4.4894,-4.4641,-4.461,-4.4328,-4.4293,-4.4211,-4.3773,-4.2024,-4.190799999999999,-4.1709,-4.0408,-3.5325999999999995,-1.6106999999999996,-1.5957,-1.4531999999999998,-1.3658000000000001,-1.2005999999999997,-1.1108000000000002,-1.1037,-1.1019999999999994,-1.0179,-0.9829999999999997,-0.9554999999999998,-0.9195000000000002,-0.9074999999999998,-0.8532000000000002,-0.7313000000000001,-0.4908999999999999,-0.4523999999999999,-0.14889999999999937,-0.10599999999999987,-0.09279999999999955,-0.07599999999999962,-0.06299999999999972,0.022700000000000387,0.027099999999999902,0.05339999999999989,0.08680000000000021,0.12880000000000003,0.1394000000000002,0.17569999999999997,0.2027000000000001,0.2140000000000004,0.25790000000000024,0.2597000000000005,1.1339000000000006,1.1542000000000003,1.1881000000000004,1.1938000000000004,1.2092,1.2982000000000005,1.4606000000000003,1.8631000000000002,2.6237000000000004,2.6324999999999994,2.7158000000000007,2.7292999999999994,2.795
-4.672,-4.666399999999999,-4.654299999999999,-4.6156999999999995,-3.9921999999999995,-3.9797999999999996,-2.9562,-2.9053999999999998,-2.7760999999999996,-2.7325999999999997,-2.5077999999999996,-2.1108,-2.0988999999999995,-2.0683999999999996,-1.6008999999999993,-0.4512999999999998,-0.40859999999999985,-0.35440000000000005,-0.14860000000000007,-0.049599999999999866,-0.03709999999999969,0.000700000000000145,0.019899999999999807,0.045900000000000496,0.06310000000000038,0.09820000000000029,0.11220000000000052,0.11880000000000024,0.1225000000000005,0.13540000000000063,0.15969999999999995,0.16500000000000004,0.2248000000000001,0.23880000000000035,0.24400000000000066,0.26259999999999994,0.30400000000000027,0.31960000000000033,0.43299999999999983,0.4478,1.1338,2.636,2.6397000000000004,3.318800000000000
-5.25037,-5.0885,-4.5659,-4.5602,-4.5544,-4.5494,-4.5401,-4.5252,-4.4973,-4.467499999999999,-4.1465,-4.0886,-4.068,-3.8758,-3.8024,-3.4169,-2.3483,-2.1125,-1.8906999999999998,-1.4079999999999995,-0.9775,-0.7337999999999996,-0.7187999999999999,-0.6994999999999996,-0.6876999999999995,-0.5766,-0.3871000000000002,-0.31240000000000023,-0.1424000000000003,-0.10719999999999974,0.0235000000000003,0.04889999999999972,0.08110000000000017,0.0979000000000001,0.16520000000000046,0.17830000000000013,0.21300000000000008,0.24190000000000023,0.2710999999999997,0.28059999999999974,0.39090000000000025,0.5552000000000001,0.5657000000000005,0.8085000000000004,1.1330999999999998,1.1436000000000002,1.1599000000000004,1.279,2.614300000000001,2.6195999999999993,2.6238,2.6414,2.7116,2.7272000000000007,2.9484000000000004,3.200
-5.754333,-5.10747,-4.6312,-4.4373000000000005,-4.3812,-3.1923000000000004,-2.4971,-2.4902,-1.8428,-1.5507,-1.5318000000000005,-1.5258000000000003,-1.3540999999999999,0.14449999999999985,0.14749999999999996,0.20199999999999996,0.27780000000000005,0.29939999999999944,0.3201999999999998,0.3487,0.35029999999999983,0.36099999999999977,0.36569999999999947,0.3841999999999999,0.39529999999999976,0.4218000000000002,0.44039999999999946,0.6536,1.3730000000000002,1.3747999999999996,1.4367,1.4431000000000003,1.4512999999999998,1.4585,1.4948999999999995,1.5110000000000001,1.521,1.5830000000000002,2.4558,2.6258999999999997,2.6441999999999997,2.6983999999999995,2.8253000000000004,2.963799999999999,3.001099999999999,3.0816999999999997,3.0837000000000003,3.0868,3.0894999999999992,3.43479999999999
-5.656933,-5.45633,-5.26257,-4.347,-4.3386000000000005,-4.323300000000001,-4.255000000000001,-4.2328,-4.2096,-4.2065,-4.202500000000001,-4.0856,-3.9055,-3.8790000000000004,-3.8764000000000003,-3.8697000000000004,-3.8649000000000004,-3.8433,-3.7701000000000002,-3.7657000000000003,-3.6735,-3.2978,-3.1406,-3.1334000000000004,-3.1263,-3.1216000000000004,-3.1175,-3.1081000000000003,-3.1053,-3.0361000000000002,-2.4548,-2.3074000000000003,-2.3009000000000004,-2.2812,-2.2677,-2.2507,-2.1978000000000004,-1.6021,-1.5967000000000002,-1.3921999999999999,-1.3516000000000004,-1.2675999999999998,-1.2567000000000004,-0.9996,-0.9900000000000002,-0.6025,-0.3398000000000003,-0.32509999999999994,-0.2991999999999999,-0.2906000000000004,-0.2827000000000002,-0.2806000000000006,-0.21750000000000025,0.02919999999999945,0.1372,0.18739999999999934,0.19649999999999945,0.23189999999999955,0.25009999999999977,0.26649999999999974,0.40169999999999995,0.4922999999999993,0.5179,0.6391,0.6442999999999994,0.8687999999999994,1.2188999999999997,1.2321,1.2443999999999997,1.6799,1.6974,2.2707999999999995,2.2744,2.2828,2.2893999999999997,2.2996,2.3275000000000006,2.6340000000000003,2.7013999999999996,2.762599999999999,2.7675,2.9657999999999998,2.9876000000000005,3.118499999999999,3.503299999999999
-4.62637,-3.949,-3.9372,-3.9277999999999995,-3.9029999999999996,-3.3881999999999994,-2.5235999999999996,-1.5696999999999997,-1.2534,-1.0932999999999993,-0.9836999999999998,-0.8003,-0.6369999999999996,-0.5819999999999999,-0.4186999999999994,-0.2359,-0.20650000000000013,-0.20319999999999983,-0.1910999999999996,-0.09809999999999963,0.06099999999999994,0.06810000000000027,0.12740000000000062,0.14000000000000057,0.14870000000000072,0.17660000000000053,0.32150000000000034,0.5418000000000003,0.5462000000000007,0.5846,0.8555000000000001,0.9625000000000004,1.0088,1.0382000000000007,1.1684999999999999,2.3148,2.6206000000000005,2.6306000000000003,2.6347000000000005,2.6817,2.6983000000000006,2.715700000000001,2.772800000000001,3.834600000000001,4.228
-4.33277,-4.32737,-4.321,-4.31057,-4.0008,-3.9942699999999998,-3.7197999999999998,-3.5972,-3.5838,-3.5742,-3.5553999999999997,-3.5273,-3.3474999999999997,-3.3413999999999997,-3.0838,-2.4882999999999997,-1.3925999999999998,-1.2679999999999998,-1.2251999999999996,-1.1488999999999998,-0.8660999999999994,-0.2869999999999999,0.023900000000000254,0.1012000000000004,0.1485000000000003,0.16129999999999978,0.2749000000000006,0.34830000000000005,0.3561000000000005,0.3971999999999998,0.4392000000000005,0.5226000000000006,0.6424000000000003,1.1736000000000004,1.1953000000000005,1.2066,1.2096,1.2409,1.2934,1.5271,1.7109000000000005,2.1811,2.4039,2.5512000000000006,2.5992000000000006,2.6018,2.6123000000000003,2.6221000000000005,2.6257,2.6273,2.6329000000000002,2.6348000000000003,2.6395,2.6473000000000004,2.6661,2.7254000000000005,2.7546,2.7682,3.0119,3.1349,3.159600000000001,3.3033,3.3194,3.37390000000000
-5.0622300000000005,-4.9967,-4.0829,-4.064,-4.0337,-3.7325,-3.7135,-3.5634,-3.2136,-3.1118,-3.0958,-2.3439,-2.2475,-2.1313,-1.9134000000000002,-1.8946999999999998,-1.665,-1.4935,-1.4489999999999998,-1.4382000000000001,-1.3876999999999997,-1.322,-1.2885999999999997,-1.2327000000000004,-1.2096,-1.1664000000000003,-1.1031000000000004,-0.9585999999999997,-0.8688000000000002,-0.8076999999999996,-0.5717999999999996,-0.5139000000000005,-0.49549999999999983,-0.11010000000000009,-0.005600000000000271,0.023699999999999832,0.07019999999999982,0.08720000000000017,0.09560000000000013,0.12460000000000004,0.13710000000000022,0.1517999999999997,0.15369999999999973,0.16830000000000034,0.48189999999999955,0.6058000000000003,1.2560000000000002,1.4924,1.5099,1.5378999999999996,1.8433000000000002,1.8517000000000001,1.8549999999999995,2.2495000000000003,2.4027000000000003,2.4302,2.6041000000000007,2.6310000000000002,2.7218999999999998,2.7345000000000006,2.7422000000000004,2.7569999999999997,2.8087999999999997,3.0693,3.1004000000000005,3.112399999999999,3.163000000000000

-4.923367,-4.908167000000001,-4.8947330000000004,-4.8015300000000005,-4.76197,-4.75933,-4.74653,-4.51537,-4.5074700000000005,-4.5035,-4.47257,-3.6713000000000005,-3.6505,-3.6461,-3.6405000000000003,-3.6314,-3.6261,-3.6204,-3.6019,-3.1781,-3.1384,-2.9625000000000004,-2.8509,-2.7234000000000003,-2.5438,-1.3956000000000004,-1.1860000000000004,-0.8643000000000001,-0.5823999999999998,-0.1131000000000002,0.018899999999999473,0.027800000000000047,0.06459999999999955,0.07129999999999992,0.22949999999999982,0.29159999999999986,0.5446,0.5927999999999995,0.8530999999999995,0.8643000000000001,0.976,1.2554999999999996,1.4769999999999994,1.8327,1.8609,1.8998999999999997,2.3244999999999996,2.4105,2.4269,2.441,2.4768,2.5784000000000002,2.6277,2.6369999999999996,2.6426999999999996,2.6577,2.6955999999999998,2.7104999999999997,2.7255000000000003,2.7600999999999996,2.8163,3.380599999999999
-5.49763,-5.4933700000000005,-5.49023,-4.7818000000000005,-4.637700000000001,-4.6237,-4.6204,-4.6162,-4.6087,-4.4429,-2.9708,-2.1127000000000002,-1.9379,-1.8620999999999999,-1.8422,-1.2476000000000003,-0.9689000000000005,-0.7503000000000002,-0.5314000000000005,-0.43069999999999986,-0.3138000000000005,-0.30299999999999994,-0.2919999999999998,0.019199999999999662,0.025299999999999656,0.031500000000000306,0.03479999999999972,0.07000000000000028,0.08769999999999989,0.13750000000000018,0.1734,0.18379999999999974,0.6205999999999996,0.6222000000000003,1.2683999999999997,1.4200999999999997,1.6978,2.0572999999999997,2.3941999999999997,2.4467,2.5547000000000004,2.6333,2.6361000000000008,2.7451000000000008,2.7551000000000005,3.3733000000000004,3.6905,3.75569999999999
-5.750133,-5.73627,-5.714,-5.206530000000001,-5.20417,-5.19613,-4.5565,-4.5514,-4.5263,-4.5235,-4.517200000000001,-4.2349000000000006,-3.8468,-3.8354000000000004,-3.8070000000000004,-3.3658,-3.3424000000000005,-3.1899,-2.5986000000000002,-2.3803000000000005,-2.1038,-2.051,-1.6231,-1.6029,-1.4363000000000001,-1.4016000000000002,-1.3988000000000005,-1.3332000000000006,-1.3166000000000002,-1.1397000000000004,-0.9271000000000003,-0.8981000000000003,-0.6714000000000002,0.023299999999999876,0.029499999999999638,0.0682999999999998,0.07519999999999971,0.12199999999999989,0.7254999999999994,0.7868999999999993,0.9154,0.9240999999999993,0.9517999999999995,1.1517999999999997,2.0032999999999994,2.1267999999999994,2.1502999999999997,2.277399999999999,2.6193,2.6338,2.666999999999999,2.890999999999999,2.917200000000000
-5.277200000000001,-4.5758,-4.5725999999999996,-4.5697,-4.4946,-4.214,-4.1675,-4.1622,-3.5224,-3.5019,-3.4764,-3.4732000000000003,-3.4702,-3.4673000000000003,-3.4651,-3.4562,-3.4496,-2.5057,-2.492,-2.4273000000000002,-2.4037,-1.2240000000000002,-0.9810999999999996,-0.5422000000000002,-0.36019999999999985,-0.24549999999999983,-0.13100000000000023,0.02430000000000021,0.03880000000000017,0.04129999999999967,0.05520000000000014,0.13450000000000006,0.14900000000000002,0.1556999999999995,0.17049999999999965,0.19819999999999993,0.23909999999999965,0.24950000000000028,0.4878999999999998,0.5098000000000003,0.5190999999999999,0.6661999999999999,0.7341999999999995,0.9870000000000001,1.3126999999999995,1.7714999999999996,1.8384999999999998,1.8583999999999996,1.8812999999999995,1.9197999999999995,1.9508999999999999,2.242800000000001,2.2653,2.3011999999999997,2.3133,2.3353,2.396699999999999,2.4209999999999994,2.4357000000000006,2.4444999999999997,2.4987999999999992,2.5364000000000004,2.6172000000000004,2.6212999999999997,2.6334,2.6472999999999995,2.6873000000000005,2.7192000000000007,2.7486999999999995,3.0145,3.2546,3.2924000000000007,3.3214000000000006,3.663
-4.78947,-3.755,-3.7371,-3.6475999999999997,-3.6355,-3.6324,-3.63,-3.6061,-2.8507,-2.8276,-2.8141,-2.7429,-2.2951,-2.2577,-2.2002,-1.7393,-1.4449999999999998,-1.0106000000000002,-0.9977,-0.9565999999999999,-0.5818000000000003,-0.3613999999999997,-0.35829999999999984,-0.3567,0.09719999999999995,0.1097999999999999,0.13159999999999972,0.1515000000000004,0.16490000000000027,0.6505999999999998,0.7363,0.8403999999999998,1.2366000000000001,1.2477,1.2518000000000002,1.2912999999999997,1.3411999999999997,1.3476,1.3537999999999997,1.4786000000000001,1.5237999999999996,1.5427999999999997,1.6115000000000004,1.6909,2.1635999999999997,2.1833,2.3396,2.4916,2.5071000000000003,2.5183999999999997,2.54,2.5461,2.5778,2.6223,2.6253,2.6342999999999996,2.835,3.0501999999999994,3.0599999999999996,3.125000000000001,3.1472000000000007,3.2169,3.242299999999999
-4.532100000000001,-4.5152,-4.453900000000001,-4.395300000000001,-3.8475,-3.8279000000000005,-3.6621000000000006,-3.6131,-3.5951000000000004,-3.0530000000000004,-3.0486000000000004,-2.9937000000000005,-2.9725000000000006,-2.9434000000000005,-2.063,-2.0090000000000003,-1.9709000000000003,-1.5922,-1.5017000000000005,-0.9978000000000007,-0.8723000000000001,-0.7018000000000004,-0.6381000000000006,-0.2212000000000005,-0.21250000000000036,-0.20980000000000043,-0.2027000000000001,-0.17930000000000046,-0.15840000000000032,-0.1499000000000006,0.07209999999999983,0.08529999999999927,0.5564,0.6884999999999994,0.8228,1.0612999999999992,1.1965999999999992,1.2741999999999996,1.2866,1.3222999999999994,1.4955999999999996,1.8331,1.8682999999999996,1.9800999999999993,2.0120999999999993,2.0389999999999997,2.0462999999999996,2.1475999999999997,2.2663,2.452799999999999,2.6270999999999995,2.6375,2.7259,2.7657999999999996,2.9501999999999997,2.9646999999999997,2.9685999999999995,3.0066999999999995,3.151900000000000
-5.3935699999999995,-5.26807,-4.8224,-4.7684999999999995,-4.754,-4.7125,-4.7092,-4.707,-4.692,-4.6903,-4.6821,-4.5266,-4.3130999999999995,-4.2376,-3.7428,-3.7386999999999997,-2.6029999999999998,-2.5686999999999998,-2.4644,-2.3575,-2.1319999999999997,-2.0186,-1.8453,-1.8281,-1.7231999999999994,-1.6426999999999996,-1.487,-1.412,-1.3827999999999996,-1.2730999999999995,-1.0926999999999998,-1.0588999999999995,-1.0157999999999996,-0.9481999999999999,-0.9291,-0.5156000000000001,-0.4428000000000001,-0.3917999999999999,-0.1459999999999999,-0.1255999999999995,-0.1238999999999999,-0.006400000000000183,0.005300000000000082,0.015600000000000058,0.030100000000000016,0.04290000000000038,0.10060000000000002,0.15399999999999991,0.5247999999999999,0.5335000000000001,0.6132,1.1165000000000003,1.1284999999999998,1.1391999999999998,1.3395000000000001,1.3473000000000006,1.3532000000000002,1.3628999999999998,1.3773999999999997,1.9959999999999996,2.0055000000000005,2.0157,2.034300000000001,2.723300000000001,2.8400000000000007,3.0896,3.0978000000000003,3.1475,3.233200000000001,3.2428999999999997,3.370700000000000
-5.03887,-4.0698,-4.0621,-4.0568,-3.9248,-3.2894,-3.2845,-3.0576,-2.8346,-2.5164999999999997,-2.2841,-2.2357,-2.1164,-1.2461000000000002,-1.2107999999999999,-0.8465999999999996,-0.7915000000000001,-0.7355,-0.12159999999999993,0.0246000000000004,0.032399999999999984,0.040600000000000414,0.08410000000000029,0.09529999999999994,0.11260000000000048,0.2773000000000003,0.3120000000000003,0.5289999999999999,0.6993999999999998,0.7115,0.8468999999999998,1.1599000000000004,1.1915000000000004,1.2931999999999997,1.3121,1.4317000000000002,1.7898000000000005,1.9043,1.9289000000000005,1.9385000000000003,2.1029999999999998,2.1142000000000003,2.1399999999999997,2.1589,2.2233,2.231,2.3231,2.3923000000000005,2.4978,2.6289,2.630700000000001,2.6971000000000007,3.0698000000000008,3.0839999999999996,3.1186000000000007,3.1211,3.125400000000001,3.1294000000000004,3.174900000000001,3.1816999999999993,3.421799999999999
-5.921633,-5.915166999999999,-5.909533,-5.9054329999999995,-5.901933,-5.8951,-5.59317,-5.104229999999999,-4.8991,-4.58,-4.5649999999999995,-4.5617,-4.5588,-4.5487,-4.5383,-4.5172,-4.174799999999999,-4.0046,-3.9604,-3.8394999999999997,-3.4907,-3.4776,-3.4732999999999996,-3.0664,-2.6287,-2.6031,-1.3738000000000001,-1.3697,-1.3678,-1.3647,-1.3598999999999997,-1.3529,0.03310000000000013,0.08800000000000008,0.12520000000000042,0.14510000000000023,0.4897,1.3761,1.3874000000000004,1.4182000000000006,1.4337999999999997,1.8308,2.5699000000000005,2.6417,2.6438000000000006,2.7220999999999993,2.9102999999999994,2.9558,3.0417000000000005,3.167099999999999
-5.18533,-4.7708,-4.072900000000001,-4.0701,-4.0613,-4.0497000000000005,-4.046,-4.0213,-3.8949000000000003,-3.1362,-2.7501,-2.1104000000000003,-1.834,-1.4815,-1.1684,-0.8666999999999998,-0.8173000000000004,-0.7865000000000002,-0.7075000000000005,-0.49990000000000023,-0.29349999999999987,-0.025800000000000267,0.021700000000000053,0.03270000000000017,0.03909999999999947,0.06639999999999979,0.07889999999999997,0.08179999999999943,0.08950000000000014,0.09940000000000015,0.11739999999999995,0.16109999999999935,0.5580999999999996,0.5743999999999998,0.6266999999999996,0.6677,0.8324999999999996,0.8605999999999998,1.1993,1.2456999999999994,1.2559999999999993,1.4594999999999994,1.4691999999999998,1.5980999999999996,1.6360000000000001,1.6391,1.6661000000000001,1.9673999999999996,2.0305,2.0324,2.0347999999999997,2.0644,2.0705,2.0991999999999997,2.1827999999999994,2.2572,2.5369,2.6136,2.6220999999999997,2.6264000000000003,2.6936,2.727599999999999,2.856399999999999,2.9289000000000005,2.9590999999999994,3.070499999999999,3.0861,3.152799999999999,3.185800000000000
