-1.7467,-1.696,-1.6845,-1.6819,-1.6639,-1.5486,-1.4083,-1.2982,-1.2789,-1.2418,-1.2146,-1.21,-1.1414,-0.9733,-0.9654,-0.9553,-0.9444,-0.9332,-0.9261,-0.758,-0.7353,-0.6745,-0.5556,-0.553,-0.5164,-0.4518,-0.4398,-0.4374,-0.4192,-0.4046,-0.0039,0.0158,0.0185,0.0204,0.0232,0.026,0.0291,0.0309,0.0346,0.0363,0.0387,0.0427,0.0726,0.0862,0.1179,0.1199,0.1846,0.1864,0.199,0.2055,0.2098,0.2168,0.2566,0.2586,0.2989,0.3948,0.3966,0.399,0.4027,0.4066,0.4192,0.4584,0.4992,0.5067,0.5225,0.5947,0.5979,0.5997,0.6018,0.6036,0.6313,0.6618,0.6721,0.6749,0.7392,0.7539,0.7562,0.7603,0.7619,0.7646,0.7707,0.7842,0.7863,0.9963,0.9982,0.9999,1.0029,1.0057,1.0093,1.0112,1.0142,1.0176,1.04,1.0624,1.1518,1.1669,1.1694,1.228,1.236,1.4529,1.6289,1.6543,1.6922,1.6986,2.1287,2.1306,2.1326,2.1421,2.146,2.1565,2.1635,2.1724,2.1871,2.2047,2.2246,2.2272,2.2482,2.2585,2.281,2.39,2.521,2.5273,3.0715,3.0745,3.0765,3.0811,3.0835,3.0874,3.0891,3.0923,3.0984,3.1394,3.1512,3.3023,3.4519,3.4577,3.4611,3.4679,3.4711,3.4756,3.4779,3.4799,3.4834,3.4906,3.4934,3.4951,3.5024,3.5108,3.5133,3.5171,3.5203,3.5245,3.5537,3.559,3.5664,3.5712,3.6025,3.6198,3.6547,3.6595,3.6704,3.705,3.7374,3.903,3.9073,3.913,3.9151,3.9186,4.0153,4.051,4.053,4.0548,4.0575,4.0612,4.0636,4.0729,4.0822,4.1185,4.1271,4.2405,4.507,4.5094,4.5239,4.526,4.5283,4.5366,4.5656,4.786,5.0323,5.0537,5.2785,5.2804,5.4611,5.4706,5.533,5.5472,5.5583,5.5618,5.6479,5.6678,5.7027,6.1303,6.1352,6.1423,6.1455,6.1651,6.1688,6.2238,6.4087,6.4841,6.4974,6.515,6.5167,6.5185,6.94,6.9461,6.9505,6.9526,6.9651,6.9668,6.9685,6.9724,6.9769,6.9804,7.0535,7.0641,7.0677,7.0909,7.125,7.1389,7.141,7.1603,7.2208,7.2243,7.2283,7.2309,7.2391,7.5725,7.5771,7.5942,7.5968,7.5992
-1.9929,-1.9692,-1.965,-1.685,-1.456,-1.4541,-1.2976,-1.1084,-1.0559,-1.0543,-0.7302,-0.6632,-0.6604,-0.6406,-0.6194,-0.6013,-0.5883,-0.5844,-0.5807,-0.579,-0.5488,-0.5361,-0.5267,-0.4937,-0.4471,-0.4362,-0.4299,-0.4178,-0.3927,-0.331,-0.3258,-0.3234,-0.3074,-0.3054,-0.2995,0.0172,0.0203,0.0254,0.0286,0.0313,0.0408,0.0446,0.0621,0.0919,0.2716,0.3076,0.3966,0.4003,0.4027,0.415,0.4248,0.446,0.4693,0.4972,0.5012,0.5055,0.5948,0.5983,0.6003,0.6021,0.6067,0.611,0.6193,0.7626,0.9406,0.9953,0.9969,1.0004,1.0038,1.0167,1.3949,1.4007,1.4144,1.4458,1.4493,1.6181,1.6202,1.6806,1.9472,2.1314,2.1481,2.3186,2.3543,2.389,2.4967,2.5016,2.5471,2.5489,2.7262,2.8203,2.8258,2.8508,2.8544,2.858,2.8617,2.9082,3.0708,3.0727,3.0772,3.0809,3.091,3.0989,3.3815,3.3836,3.387,3.4215,3.4523,3.4555,3.4572,3.4657,3.4673,3.4721,3.4755,3.4781,3.4802,3.4854,3.4919,3.4949,3.5015,3.5098,3.5252,3.5332,3.5454,3.5473,3.5522,3.5573,3.561,3.5629,3.5678,3.575,3.5985,3.6036,3.6065,3.653,3.6558,3.6607,3.6637,3.6654,3.6744,3.6799,3.6816,3.6836,3.6864,3.6886,3.6939,3.6992,3.71,3.7137,3.7175,3.7425,3.7523,3.7936,4.0519,4.0572,4.0652,4.3304,4.4006,4.4147,4.4265,4.558,4.613,4.9688,5.046,5.0484,5.0664,5.0707,5.0752,5.0844,5.0892,5.2118,5.2139,5.2168,5.4656,5.4687,5.6503,5.6529,5.8521,5.8812,5.8854,6.1339,6.1384,6.1417,6.1438,6.1501,6.1559,6.1639,6.1663,6.2062,6.8468,7.0707,7.1325,7.2413,7.2436,7.2529,7.2646,7.2701,7.7618
-1.9946,-1.963,-1.9363,-1.84,-1.745,-1.7372,-1.725,-1.5559,-1.5538,-1.5482,-1.4532,-1.45,-1.4213,-1.2133,-1.2115,-1.2011,-1.1946,-1.1912,-1.1559,-1.0068,-0.9831,-0.9811,-0.8197,-0.8103,-0.8059,-0.8023,-0.7954,-0.7884,-0.7662,-0.7623,-0.7489,-0.7422,-0.7404,-0.7367,-0.7294,-0.6738,-0.6681,-0.6632,-0.6462,-0.6357,-0.6309,-0.6292,-0.624,-0.6149,-0.4234,-0.1615,0.0165,0.0188,0.0208,0.024,0.0261,0.0283,0.0343,0.0384,0.0423,0.0635,0.0738,0.0902,0.1061,0.1974,0.2125,0.224,0.2628,0.3972,0.4007,0.4058,0.4172,0.429,0.4382,0.4569,0.4989,0.5024,0.5045,0.5118,0.5171,0.5239,0.5442,0.5523,0.5871,0.6016,0.6059,0.612,0.6162,0.6514,0.7298,0.8024,0.8047,0.8594,0.8638,0.8669,0.8694,0.9079,0.9149,0.9173,0.9369,0.9936,0.9953,0.997,1.0004,1.0047,1.0077,1.0146,1.0199,1.0304,1.246,1.2655,1.3706,1.3853,1.3898,1.4142,1.4176,1.5819,1.5953,1.5973,1.6004,1.6089,1.6134,1.636,1.6429,1.6596,1.6647,1.7043,1.7662,1.8192,1.8885,1.9766,1.9787,2.1298,2.2906,2.293,2.2949,2.3176,2.3223,2.7777,2.9404,3.0198,3.0713,3.0745,3.0783,3.0809,3.0827,3.0867,3.1329,3.2083,3.2258,3.2317,3.4405,3.4498,3.4564,3.461,3.4718,3.4738,3.479,3.4817,3.4833,3.4861,3.5093,3.5117,3.5567,3.5685,3.5742,3.5846,3.6528,3.6552,3.6702,3.6755,3.6862,3.8435,4.0519,4.0582,4.0639,4.0687,4.0705,4.0723,4.0752,4.0788,4.0813,4.0861,4.1021,4.1041,4.1136,4.2023,4.2414,4.7315,5.1274,6.0903,6.0922,6.1294,6.1357,6.1376,6.1462,6.1478,6.1497,6.16,6.1675,6.171,6.1886,6.2108,6.2224,6.443,6.5205,6.7799,7.0994,7.19,7.1919,7.1951,7.2298,7.2648,7.2671,7.441,7.494,7.496,7.4996,7.5086,7.524,7.5511,7.5943
-1.7179,-1.6235,-1.4569,-1.4449,-1.2989,-1.2274,-1.1039,-0.9488,-0.4777,-0.4757,-0.2164,-0.214,-0.1814,-0.1788,-0.1513,-0.0862,-0.054,0.0058,0.013,0.0151,0.0168,0.0207,0.0235,0.0251,0.0314,0.0331,0.0363,0.0484,0.0583,0.1094,0.3949,0.3969,0.3995,0.4052,0.4111,0.4139,0.4212,0.4281,0.4331,0.435,0.5066,0.5104,0.513,0.5179,0.5334,0.5954,0.5984,0.6033,0.6065,0.6115,0.6148,0.6302,0.6424,0.8238,0.8404,0.8589,0.9965,1.0001,1.0042,1.0082,1.0127,1.0168,1.021,1.034,1.0607,1.2074,1.2215,1.2627,1.3029,1.3155,1.3175,1.3194,1.3232,1.4842,1.4859,1.4899,1.4959,1.6226,1.6249,1.6595,1.6696,1.6887,1.692,1.7192,1.721,1.7352,1.8654,1.8676,1.8876,1.9818,2.1521,2.1637,2.3357,2.3394,2.4174,2.494,2.5659,2.6182,2.656,2.718,2.8516,2.9469,2.9497,3.0705,3.0763,3.0798,3.0859,3.0895,3.1176,3.1402,3.1421,3.1709,3.2786,3.448,3.4728,3.4774,3.4946,3.511,3.5133,3.5483,3.5511,3.5621,3.5765,3.5817,3.6031,3.6053,3.6514,3.6623,3.6688,3.6889,3.7505,3.7571,3.7847,3.8479,3.8529,3.8548,3.8693,3.8711,3.8807,3.9883,3.9901,4.0174,4.0507,4.0525,4.0542,4.0569,4.0587,4.0725,4.6269,4.7004,4.7996,4.813,4.8243,4.8262,4.8443,4.8462,4.911,4.9727,5.1512,5.1529,5.4316,5.4335,5.6299,5.6477,5.6769,6.1306,6.1332,6.1356,6.1516,6.1786,6.5098,6.5676,6.5696,6.8121,6.9093,6.9144,6.916,6.9352,6.9735,6.9763,6.978,7.0152,7.1722,7.1742,7.193,7.3541,7.428,7.5002,7.509,7.6445
-1.9565,-1.7178,-1.7046,-1.6224,-1.2631,-1.1893,-1.1692,-1.1675,-1.1655,-1.0672,-1.0203,-0.9793,-0.9691,-0.9544,-0.9308,-0.9259,-0.9243,-0.9225,-0.9061,-0.9038,-0.9018,-0.8987,-0.8886,-0.8595,-0.8577,-0.7823,-0.7806,-0.7258,-0.71,-0.5064,-0.5046,-0.5027,-0.5008,-0.4982,-0.3598,-0.2474,0.014,0.0163,0.019,0.0229,0.0259,0.0285,0.0317,0.0381,0.0397,0.2044,0.2173,0.2465,0.2905,0.3957,0.401,0.4048,0.4167,0.4214,0.4282,0.444,0.4935,0.496,0.4994,0.5035,0.5085,0.5195,0.5608,0.5915,0.5941,0.599,0.6006,0.6023,0.609,0.611,0.6352,0.6388,0.7691,0.93,0.932,0.9459,0.996,1.0016,1.0087,1.0105,1.0216,1.049,1.0622,1.3424,1.8358,1.8376,1.8396,1.8573,1.8592,1.9046,2.0047,2.0194,2.0501,2.052,2.0542,2.0705,2.2687,2.3048,2.665,2.7122,2.7139,3.0703,3.0743,3.0812,3.0838,3.0934,3.0955,3.1181,3.1318,3.4096,3.4223,3.4283,3.4349,3.4368,3.4389,3.4421,3.4442,3.4482,3.4499,3.4534,3.4552,3.458,3.463,3.4658,3.469,3.4718,3.4742,3.4762,3.4785,3.4875,3.5083,3.5101,3.5521,3.5547,3.5564,3.5641,3.5661,3.5689,3.5747,3.5763,3.5812,3.6268,3.6359,3.6464,3.6519,3.6551,3.657,3.6592,3.6656,3.6676,3.6723,3.6752,3.6951,3.6972,3.7003,3.8161,3.8427,3.8598,4.0516,4.0537,4.0572,4.0591,4.0648,4.0667,4.073,4.0755,4.2686,4.2883,4.2901,4.3954,4.4372,4.4394,4.4419,4.5889,4.591,4.5928,4.5948,4.8661,5.405,5.4302,5.4323,5.5244,5.5867,6.0114,6.0136,6.0157,6.0299,6.0385,6.0766,6.0898,6.0917,6.1184,6.1214,6.1234,6.1261,6.1288,6.1308,6.1503,6.1523,6.3185,6.3228,6.4428,6.4447,6.7325,6.7482,6.7501,6.7642,6.7659,6.7696,6.7824,6.7944,6.7962,6.8506,6.8931,6.9043,6.9064,6.942,6.9475,7.0682,7.0703,7.1489,7.1968,7.3455,7.3652,7.3672,7.4077,7.4095,7.5207,7.5227,7.5686,7.5718,7.5926,7.5944,7.7102
-1.9894,-1.9275,-1.826,-1.6717,-1.3054,-1.2887,-1.2702,-1.2431,-1.1313,-1.0671,-0.93,-0.8028,-0.7717,-0.7462,-0.7438,-0.6825,-0.5554,-0.5538,-0.5518,-0.4168,-0.3497,-0.348,-0.3388,-0.3355,-0.3035,0.0149,0.0204,0.022,0.0242,0.0261,0.0282,0.039,0.078,0.083,0.342,0.3439,0.3765,0.3786,0.381,0.3998,0.4046,0.4089,0.415,0.4208,0.4533,0.4951,0.4968,0.4999,0.5022,0.5074,0.511,0.5205,0.5965,0.5982,0.6006,0.603,0.6047,0.6087,0.6105,0.6238,0.6553,0.6596,0.6626,0.6709,0.7208,0.9266,0.9284,0.9958,0.9979,0.9999,1.0015,1.0079,1.0106,1.1203,1.1236,1.1457,1.2382,1.2414,1.4346,1.4367,1.9684,2.3152,2.33,2.3549,2.5323,2.5366,2.5469,2.549,2.557,2.7149,2.8428,2.8725,2.8757,2.8874,2.8986,2.9308,2.9326,2.9346,2.9483,2.9713,2.9733,3.0046,3.0696,3.0717,3.0747,3.0821,3.0857,3.0974,3.2666,3.2859,3.3114,3.3167,3.363,3.3707,3.4546,3.4635,3.4687,3.4717,3.4759,3.4777,3.4849,3.4933,3.498,3.5004,3.5508,3.5578,3.5662,3.5736,3.5864,3.5933,3.652,3.6561,3.659,3.6607,3.6726,3.6743,3.6873,3.8641,3.8731,4.0505,4.0553,4.0641,4.116,4.1569,4.2916,4.7593,5.0271,5.1694,5.3554,5.3587,5.3753,6.1288,6.1308,6.1335,6.1379,6.1397,6.1473,6.3183,6.3322,6.3346,6.3365,6.5402,6.5449,6.5467,6.7716,6.9391,6.9413,6.9433,6.945,6.9474,6.9492,6.9528,6.9614,6.9652,6.9776,6.9825,7.2385,7.2927,7.2955,7.4493,7.5726,7.5743,7.5793,7.5826,7.6569,7.6686
-1.7566,-1.6003,-1.5956,-1.5755,-1.5386,-1.3605,-1.025,-1.0102,-0.967,-0.8322,-0.7759,-0.4761,-0.349,-0.3203,-0.2508,-0.1581,-0.1035,0.0152,0.0169,0.019,0.0215,0.0434,0.0512,0.0537,0.0671,0.0739,0.1547,0.263,0.2658,0.2683,0.3705,0.3954,0.3974,0.3993,0.4017,0.4317,0.4962,0.4988,0.5031,0.5091,0.5202,0.5487,0.5778,0.5952,0.605,0.6169,0.6195,0.6331,0.6361,0.8937,0.963,0.9657,0.9966,0.9995,1.0012,1.0036,1.0164,1.022,1.0256,1.0459,1.1545,1.1564,1.2119,1.2136,1.2157,1.226,1.2277,1.2333,1.3932,1.3954,1.4314,1.4333,1.4659,1.584,1.8298,1.9933,1.9951,2.0086,2.0229,2.0365,2.0384,2.0498,2.0523,2.0728,2.0914,2.5063,2.5975,2.7764,2.8464,2.9502,2.9661,3.009,3.0111,3.0491,3.0713,3.073,3.0759,3.0778,3.0795,3.0824,3.0943,3.1177,3.3967,3.4508,3.4532,3.4552,3.4609,3.4629,3.4768,3.5015,3.5327,3.5386,3.5422,3.5506,3.5541,3.556,3.563,3.5983,3.6055,3.6073,3.6123,3.6157,3.6176,3.6212,3.6265,3.6303,3.6328,3.6508,3.6546,3.6591,3.6646,3.7388,3.7407,3.8268,3.8288,3.8481,3.9468,3.9486,3.9556,3.9696,4.0518,4.0544,4.0576,4.0778,4.1057,4.213,4.222,4.2255,4.2484,4.3743,4.4723,4.4783,4.4804,4.5367,4.5385,4.5464,4.6552,4.6572,4.6645,4.6794,4.6835,4.867,4.8704,4.8999,4.903,4.9093,4.9116,4.9558,4.9626,4.9922,5.3267,5.4027,5.6352,5.6735,5.6754,6.1303,6.1348,6.1381,6.1465,6.5286,6.5304,6.7221,6.841,6.9028,6.9645,7.0538,7.0617,7.1992,7.2053,7.2105,7.2125,7.2144,7.2266,7.2302,7.2337,7.5523,7.5909,7.5931,7.5961
-1.759,-1.4218,-1.1597,-1.1261,-0.8554,-0.8213,-0.8142,-0.8123,-0.8064,-0.8046,-0.8028,-0.7833,-0.7797,-0.7296,-0.7277,-0.6998,-0.6978,-0.693,-0.665,-0.6634,-0.6464,-0.644,-0.6259,-0.6154,-0.5897,-0.5862,-0.5846,-0.5778,-0.5758,-0.5695,-0.5628,-0.542,-0.5313,-0.517,-0.4922,-0.4904,-0.4887,-0.4767,-0.4605,-0.4584,-0.4557,-0.4259,-0.1956,-0.1937,-0.1919,0.0164,0.02,0.0233,0.0358,0.0404,0.0695,0.269,0.2966,0.2992,0.3029,0.3948,0.3965,0.4018,0.4045,0.4123,0.4216,0.5022,0.5042,0.5186,0.5357,0.5685,0.5974,0.5991,0.6011,0.603,0.6603,0.922,0.9962,1.0014,1.0042,1.0088,1.0237,1.0261,1.0607,1.0623,1.0869,1.2734,1.4315,1.5503,1.763,1.7788,1.7805,1.7831,1.786,1.9996,2.0036,2.0108,2.0182,2.0202,2.2115,2.2393,2.2416,2.2436,2.2785,2.3468,2.3628,2.3987,2.4384,2.7125,2.8072,3.0714,3.0755,3.0895,3.0939,3.1554,3.2392,3.3554,3.379,3.4316,3.4368,3.4516,3.4537,3.4591,3.4615,3.4678,3.4705,3.4966,3.5244,3.5329,3.5387,3.5404,3.5423,3.5443,3.5469,3.5535,3.5552,3.5572,3.5623,3.5671,3.6239,3.6551,3.6581,3.6743,3.7907,3.8701,3.878,3.88,3.8822,3.8877,3.9179,4.0048,4.0526,4.0565,4.0584,4.0615,4.0635,4.0694,4.1194,4.1976,4.1998,4.202,4.2157,4.2267,4.2298,4.2424,4.2876,4.3054,4.6741,4.7061,4.7267,4.8217,4.9443,4.946,4.9488,4.963,4.9647,5.1756,5.7116,5.9691,6.1308,6.1357,6.138,6.1551,6.1611,6.163,6.1679,6.1702,6.5144,6.5162,6.5223,6.7481,6.7552,6.8068,6.8419,6.8439,6.8634,6.8654,6.8853,7.0646,7.1191,7.1208,7.179,7.1875,7.1905,7.1923,7.2536,7.2555,7.2574,7.2791,7.2811,7.3202,7.3225,7.3244,7.3367,7.3419,7.344,7.3508,7.3541,7.4074,7.5263,7.5285,7.6421,7.6708,7.6728
-1.6907,-1.6889,-1.4975,-1.4794,-1.4112,-1.2774,-1.1612,-1.1011,-0.7661,-0.7436,-0.7135,-0.7098,-0.514,-0.4973,-0.4185,-0.4166,-0.3787,-0.3418,-0.3343,-0.1216,-0.0993,-0.0089,0.0162,0.0222,0.0251,0.0275,0.0313,0.0334,0.0357,0.043,0.0458,0.0579,0.2277,0.2738,0.2762,0.2791,0.3631,0.3962,0.4005,0.4025,0.4047,0.4159,0.4211,0.4356,0.4543,0.4971,0.4997,0.5027,0.5056,0.5076,0.5972,0.6004,0.6177,0.8757,0.997,0.9989,1.003,1.0217,1.0316,1.0549,1.4293,1.5967,1.5985,1.6289,1.6533,1.7624,1.765,1.7668,1.7969,1.8105,1.8733,1.9751,2.1138,2.1158,2.1252,2.1415,2.2212,2.7105,2.7245,2.7265,2.7311,2.7401,2.7423,2.7567,2.7592,3.0788,3.0808,3.0827,3.0873,3.0951,3.1052,3.1134,3.1286,3.1423,3.4563,3.462,3.4676,3.4756,3.4912,3.5048,3.5312,3.5331,3.5495,3.5543,3.5595,3.5729,3.5751,3.5783,3.5905,3.6523,3.6545,3.6704,3.6931,3.703,3.7471,3.7747,3.8063,3.8273,3.8356,3.8384,3.8405,3.8422,4.051,4.0558,4.0582,4.0682,4.079,4.0915,4.2936,4.2958,4.3032,4.6873,4.804,4.9994,5.2791,5.2812,5.3205,5.3917,5.4449,5.4576,5.4638,5.4673,5.9643,5.9664,6.1306,6.1361,6.1378,6.1479,6.1728,6.4354,6.5627,6.6043,6.8741,6.8801,6.8818,6.9226,6.9442,7.0121,7.0525,7.1105,7.2554,7.2572,7.2591,7.2709,7.3157,7.3176,7.4244,7.4785,7.4813,7.4989,7.5137,7.5208,7.5673,7.5743,7.7553,7.7712,7.7728
-1.9369,-1.933,-1.873,-1.8025,-1.7812,-1.7793,-1.7486,-1.7088,-1.6368,-1.6185,-1.5276,-1.3241,-1.2565,-1.2258,-1.2122,-1.2058,-1.1854,-1.1049,-0.9011,-0.8452,-0.5689,-0.5201,-0.5031,-0.4948,-0.4684,-0.4276,-0.4243,-0.3898,-0.3626,-0.1993,-0.1043,-0.1015,0.0152,0.0201,0.0263,0.0308,0.0369,0.054,0.0599,0.2471,0.249,0.3068,0.3292,0.3323,0.3341,0.3963,0.3985,0.4008,0.404,0.4103,0.4982,0.5007,0.5964,0.6008,0.6106,0.6314,0.7775,0.8593,0.91,0.9156,1.0002,1.0065,1.0099,1.0116,1.0302,1.0511,1.0971,1.1178,1.2029,1.2257,1.2275,1.2299,1.2351,1.2615,1.4743,1.5025,1.5197,1.5601,1.7998,1.8524,1.8541,1.9967,2.0773,2.0943,2.2527,2.2545,2.566,2.6106,2.6592,2.8015,2.8036,2.8053,2.9609,3.0376,3.0396,3.0414,3.0705,3.0742,3.0759,3.0798,3.0948,3.1198,3.1236,3.1436,3.1719,3.2396,3.2434,3.302,3.3854,3.3935,3.3971,3.4023,3.4349,3.451,3.4528,3.4545,3.4569,3.4601,3.4647,3.4708,3.4744,3.4762,3.4818,3.4843,3.4932,3.543,3.5502,3.554,3.5558,3.5589,3.563,3.5651,3.5697,3.5803,3.5891,3.6261,3.6346,3.6383,3.6401,3.6422,3.6443,3.6469,3.6489,3.6522,3.6545,3.6563,3.6582,3.6807,3.6839,3.6861,3.692,3.6939,3.6991,3.7086,3.7324,3.8413,3.9099,3.9127,3.9192,3.9209,3.9226,3.9243,3.9262,3.928,3.9304,3.9329,3.9349,4.0173,4.0273,4.0321,4.0339,4.0387,4.0435,4.0456,4.0474,4.0519,4.0551,4.0651,4.0708,4.073,4.0752,4.088,4.1901,4.1981,4.3141,4.423,4.4248,4.5555,4.5576,4.5935,4.6153,4.6178,4.6195,4.6226,5.0092,5.0404,5.0424,5.0445,5.0517,5.0886,5.1094,5.1622,5.3604,5.365,5.6601,5.6865,5.6941,5.7397,5.8531,5.8964,5.9283,5.9313,6.0133,6.0449,6.0514,6.0534,6.0591,6.0654,6.0676,6.1299,6.1361,6.1427,6.1596,6.6204,6.7217,6.7261,6.7544,6.8004,6.8298,6.8315,6.8534,7.2056,7.2073,7.2256,7.3317,7.3836,7.4361,7.438,7.4401,7.6645,7.6713,7.6831,7.7746,7.786,7.7887,7.7907
-1.981,-1.9793,-1.9777,-1.9761,-1.9727,-1.8601,-1.7449,-1.7415,-1.5168,-1.5,-1.4924,-1.3804,-1.3784,-1.3723,-1.3447,-1.2574,-1.22,-0.7874,-0.715,-0.6898,-0.6617,-0.5367,-0.4701,-0.4569,-0.4443,-0.3758,-0.3738,-0.3578,-0.3099,-0.2501,-0.248,-0.2031,-0.1034,-0.018,-0.0128,0.0156,0.0192,0.0208,0.0228,0.0281,0.0299,0.0366,0.0528,0.0607,0.0961,0.2979,0.3036,0.3972,0.3996,0.4038,0.4096,0.4165,0.4307,0.4351,0.4389,0.4447,0.4636,0.4888,0.4991,0.5011,0.5099,0.5174,0.5574,0.5591,0.5799,0.5867,0.5977,0.5995,0.6015,0.6036,0.6054,0.6105,0.6126,0.6143,0.6716,0.7289,0.7874,0.8051,0.8931,0.8953,0.9312,0.982,0.9964,1.0003,1.0037,1.0081,1.1391,1.4321,1.5698,1.6279,1.6297,1.6327,1.6349,2.1411,2.1687,2.2407,2.2675,2.2719,2.4884,2.4915,2.5975,2.7227,2.851,3.0697,3.0715,3.0746,3.0765,3.0824,3.0881,3.0984,3.2496,3.2642,3.3174,3.3282,3.4561,3.4583,3.4621,3.4664,3.4785,3.4811,3.4933,3.5078,3.5094,3.5113,3.5294,3.5364,3.5503,3.552,3.5573,3.5619,3.5716,3.6522,3.6542,3.6587,3.6639,3.6683,3.6713,3.6743,3.6781,3.6929,3.6991,3.839,3.8667,3.908,3.915,3.9184,3.923,3.9271,3.9713,3.9925,4.0498,4.0515,4.0547,4.0564,4.0682,4.0852,4.3479,4.3497,4.3677,4.5874,4.6519,4.6717,4.6736,4.8508,5.3633,5.4727,5.4827,5.4848,5.5008,5.65,5.652,5.7072,5.8365,6.0751,6.1304,6.1356,6.1509,6.1731,6.4099,6.5072,6.5113,6.5187,6.5226,6.5744,6.5763,6.6056,6.7935,6.8375,6.8585,6.9426,7.2945,7.3022,7.3305,7.4378,7.495,7.5036,7.5117,7.5149,7.5554,7.5924,7.5947
-1.7545,-1.7438,-1.7393,-1.7105,-1.7087,-1.609,-1.4821,-1.4642,-1.4412,-1.4396,-1.4378,-1.4052,-1.1958,-1.1606,-1.1512,-0.7776,-0.6338,-0.6315,-0.5795,-0.5357,-0.4179,-0.3088,-0.2592,-0.2559,-0.2406,-0.1285,-0.0467,0.0157,0.0194,0.021,0.0266,0.0309,0.0341,0.0357,0.0375,0.0434,0.0495,0.0842,0.0876,0.175,0.1822,0.2036,0.2087,0.2319,0.2785,0.3562,0.396,0.3992,0.4035,0.4094,0.4226,0.4973,0.5072,0.5394,0.5644,0.5765,0.595,0.6003,0.6068,0.6141,0.6296,0.8207,0.8225,0.8291,0.8334,0.8355,0.8415,0.8435,0.8745,0.8856,0.8874,0.9202,0.926,0.9278,0.9962,0.9987,1.0022,1.0116,1.0174,1.0966,1.1372,1.1531,1.1617,1.1635,1.1688,1.1711,1.9986,2.0864,2.0883,2.3444,2.3464,2.4012,2.6125,2.6144,2.6181,2.7806,2.8491,2.9295,3.0715,3.076,3.0782,3.08,3.0854,3.0904,3.0942,3.0958,3.1343,3.2477,3.2496,3.2547,3.4537,3.462,3.468,3.4733,3.4751,3.4813,3.4863,3.4925,3.4946,3.4969,3.5072,3.5113,3.5133,3.5535,3.5698,3.5729,3.5746,3.5804,3.6529,3.6547,3.6564,3.6581,3.6724,3.6741,3.6888,3.7529,3.8804,3.883,3.8855,3.9052,3.9101,3.9161,3.9177,3.9504,4.038,4.0399,4.0509,4.054,4.0581,4.0651,4.0708,4.0888,4.167,4.18,4.2793,4.4073,4.4994,4.7079,5.0033,5.0307,5.1718,5.5766,5.7477,5.7864,5.8058,6.1146,6.1176,6.1205,6.1348,6.6901,6.7285,6.7955,6.7982,6.8414,6.8934,6.9065,6.9289,6.969,6.9874,6.9936,7.0057,7.0254,7.1348,7.1407,7.1549,7.164,7.188,7.2154,7.2192,7.2243,7.2436,7.2455,7.2679,7.3495,7.3519,7.3552,7.3591,7.3612,7.3757,7.4224,7.4243,7.4326,7.6306,7.6481,7.6504,7.6576,7.6704,7.6754,7.7127
-1.5327,-1.4838,-1.3928,-1.3491,-1.3418,-1.327,-1.3012,-1.2918,-1.2848,-1.2795,-1.2778,-1.276,-1.2576,-1.2556,-0.9985,-0.9686,-0.9668,-0.9554,-0.9536,-0.9467,-0.6444,-0.5508,-0.5348,-0.5329,-0.5133,-0.5022,-0.5002,-0.4927,-0.4846,-0.439,-0.4373,-0.4067,-0.4003,-0.3984,-0.1486,-0.0917,0.0109,0.0166,0.0188,0.0208,0.0244,0.0262,0.0285,0.0344,0.0394,0.1851,0.1975,0.2073,0.3959,0.3988,0.4024,0.4077,0.4142,0.4159,0.4203,0.4352,0.4966,0.4997,0.5052,0.507,0.5099,0.599,0.6156,0.6469,0.9889,0.9971,0.9988,1.0016,1.005,1.015,1.0262,1.0368,1.0969,1.1032,1.1102,1.1126,1.1293,1.4351,1.5111,1.5246,1.536,1.542,1.5521,1.5782,1.5802,1.6357,1.6389,1.6409,1.6859,1.6879,1.6925,1.6962,1.699,1.7802,1.8001,1.8602,1.8658,1.8682,1.8734,1.9057,1.9365,1.9975,1.9999,2.1711,2.206,2.2115,2.2163,2.2317,2.2397,2.4326,2.4582,2.46,2.4621,2.4736,2.628,2.8169,2.8345,2.898,2.9147,2.9291,2.9338,2.9603,3.0718,3.078,3.0808,3.0825,3.0846,3.0892,3.1161,3.12,3.452,3.4545,3.4577,3.4664,3.4682,3.4706,3.5115,3.5271,3.5356,3.5521,3.5571,3.5668,3.5697,3.5728,3.5885,3.5902,3.592,3.6242,3.6279,3.6335,3.6365,3.6394,3.6412,3.645,3.647,3.6516,3.6571,3.6637,3.6655,3.6724,3.6781,3.6834,3.6862,3.7065,3.7199,3.7347,3.7564,3.7586,3.8283,3.8684,3.8947,3.8995,3.9181,3.9289,3.9369,3.9476,3.9494,3.9511,4.0514,4.0559,4.0703,4.1909,4.4593,4.4941,4.7098,4.7908,4.9967,5.0346,5.5294,5.5468,5.5487,5.5663,5.5683,5.5976,5.6782,6.1292,6.1315,6.1341,6.1359,6.1386,6.1436,6.1476,6.2232,6.4987,6.761,6.8102,6.9111,6.9939,6.9983,7.0007,7.0126,7.0164,7.0281,7.0351,7.2069,7.3323,7.3949,7.4248,7.713,7.7209
-1.9317,-1.9247,-1.9137,-1.8621,-1.819,-1.8064,-1.7704,-1.7685,-1.6185,-1.6124,-1.6035,-1.5625,-1.5575,-1.5464,-1.5326,-1.5011,-1.4903,-1.3815,-1.328,-1.3202,-1.086,-0.9933,-0.9916,-0.9417,-0.9399,-0.9312,-0.9223,-0.8967,-0.8259,-0.663,-0.6614,-0.6453,-0.6298,-0.622,-0.6015,-0.5948,-0.5833,-0.5814,-0.5793,-0.5092,-0.5065,-0.468,-0.4659,-0.4579,-0.3978,-0.3961,-0.3835,-0.3679,-0.3658,-0.3639,-0.3082,-0.1404,0.0163,0.0196,0.0214,0.0328,0.0375,0.0393,0.0592,0.0827,0.0964,0.1458,0.1815,0.2139,0.2459,0.2874,0.2892,0.2977,0.3022,0.3072,0.3357,0.3677,0.3798,0.3956,0.4008,0.4036,0.4138,0.4199,0.4253,0.4966,0.5031,0.5774,0.5952,0.5999,0.6018,0.6079,0.6122,0.8353,0.8818,0.8836,0.8893,0.9018,0.9037,0.9417,0.9958,0.9999,1.0125,1.0176,1.0657,1.0692,1.0711,1.0777,1.1342,1.1453,1.1664,1.3125,1.3142,1.3902,1.4753,1.5068,1.5686,1.5954,1.6001,1.6206,1.6801,2.0135,2.1742,2.4039,2.411,2.4128,2.4165,2.4289,2.4689,2.4778,2.4883,2.491,2.519,2.5289,2.568,2.5697,2.5761,2.9314,3.0716,3.1148,3.1179,3.1197,3.1321,3.1386,3.4516,3.4555,3.4571,3.4656,3.4691,3.4768,3.5373,3.55,3.5575,3.5593,3.5621,3.5669,3.5728,3.5798,3.5902,3.6261,3.633,3.6408,3.6523,3.6553,3.673,3.6974,3.7529,3.8542,3.8592,3.8611,3.8629,3.8649,3.8739,3.8759,3.878,3.9645,4.05,4.0521,4.0566,4.0615,4.0635,4.0692,4.0851,4.1751,4.4906,4.6288,4.6315,4.7929,4.9317,4.9381,4.9548,4.9729,5.0129,5.2046,5.2466,5.2485,5.2782,5.339,5.382,5.3839,5.4486,5.4506,5.5347,5.5372,5.6192,5.9028,5.9162,6.0556,6.1145,6.1166,6.12,6.1358,6.1627,6.1646,6.384,6.4745,6.5664,6.5961,6.769,6.9102,6.9146,6.922,6.9546,6.9583,6.9604,6.9629,7.2017,7.4084,7.4102,7.4119,7.4249,7.4271,7.4379,7.4421
-1.8819,-1.7603,-1.7154,-1.6543,-1.6156,-1.5848,-1.5537,-1.552,-1.5463,-1.5361,-1.4868,-1.4199,-1.4181,-1.3423,-1.3342,-1.2456,-1.209,-1.1088,-1.0571,-1.0554,-0.8689,-0.8603,-0.8583,-0.6607,-0.4994,-0.4325,-0.4242,-0.4213,-0.4095,-0.3734,-0.3671,-0.365,-0.3544,-0.3307,-0.3253,-0.3236,-0.3036,-0.3015,-0.295,-0.0837,-0.0675,-0.0653,0.0161,0.0192,0.0257,0.0357,0.0471,0.0619,0.2796,0.3518,0.3536,0.3599,0.3726,0.3966,0.4007,0.4041,0.4123,0.4636,0.4908,0.4967,0.501,0.5052,0.5078,0.5122,0.5926,0.5964,0.6025,0.6095,0.6132,0.6247,0.6607,0.7468,0.7485,0.8414,0.8751,0.9543,0.9956,0.9977,0.9998,1.0017,1.0146,1.0195,1.0723,1.114,1.1393,1.2151,1.217,1.2467,1.2487,1.2505,1.3171,1.3588,1.378,1.3815,1.4123,1.4148,1.4467,1.4485,1.4672,1.4715,1.5103,1.6773,1.7797,1.8078,1.8469,1.8629,1.9188,2.0072,2.0152,2.0347,2.7317,2.9105,2.9377,2.9451,2.9493,3.0709,3.0744,3.0762,3.078,3.0825,3.0928,3.1041,3.1273,3.1391,3.2449,3.3325,3.3449,3.4035,3.4122,3.4523,3.4561,3.4639,3.4657,3.4684,3.4703,3.4757,3.4803,3.482,3.4839,3.4919,3.4937,3.5007,3.5074,3.5366,3.5402,3.5532,3.5551,3.5601,3.5708,3.58,3.5838,3.6161,3.6302,3.6504,3.6564,3.6704,3.8065,3.8497,3.8627,3.8727,3.8755,3.9098,3.9117,3.9265,4.0109,4.0218,4.0522,4.054,4.0562,4.0581,4.0666,4.0708,4.0777,4.086,4.209,4.2184,4.221,4.2656,4.2773,4.3083,4.3109,4.3598,4.3675,4.3699,4.4288,4.4824,4.5448,4.5469,4.5636,4.5806,4.5823,4.5844,4.6264,4.6853,4.687,4.6914,4.703,4.7104,4.7222,4.7242,4.7564,5.1982,5.2067,5.2147,5.2915,5.2934,5.2978,5.3195,5.3484,5.3504,5.3619,5.3727,5.3798,5.3857,5.4725,5.5014,5.5034,5.8782,5.8844,5.8878,5.8918,5.8953,6.1151,6.1199,6.1221,6.1416,6.1829,6.6868,6.6951,6.7047,6.7168,6.7222,6.7293,6.7346,6.8025,6.8311,6.8493,6.8519,6.876,6.9726,6.9745,6.9817,6.9835,7.1093,7.1243,7.1265,7.2912,7.3334,7.4084,7.4137,7.416,7.5214,7.5525,7.5653,7.587,7.589,7.5949,7.5981,7.6119,7.6135,7.6155,7.6172,7.6829,7.7804

-1.8839,-1.6093,-1.5145,-0.9107,-0.9079,-0.9035,-0.9005,-0.8974,-0.8932,-0.8877,-0.8818,-0.8787,-0.8678,-0.8602,-0.8487,-0.8426,-0.8398,-0.8379,-0.8328,-0.8213,-0.8139,-0.8077,-0.8055,-0.8024,-0.7998,-0.7964,-0.7717,-0.7493,-0.7452,-0.6449,-0.6175,-0.6093,-0.607,-0.6021,-0.5444,-0.4564,-0.4488,-0.204,-0.2013,-0.1831,-0.1787,-0.145,-0.0893,-0.0853,-0.0532,0.0167,0.0206,0.0226,0.0259,0.0276,0.0318,0.0374,0.0418,0.0658,0.2149,0.2282,0.2407,0.2528,0.3408,0.3966,0.3983,0.408,0.41,0.4594,0.5006,0.5038,0.5094,0.5133,0.5165,0.5184,0.528,0.5894,0.5933,0.6123,0.9651,0.9711,0.9781,0.9904,0.9994,1.0013,1.0029,1.0051,1.0084,1.0112,1.0144,1.0163,1.0183,1.0251,1.0287,1.0329,1.035,1.0505,1.0617,1.068,1.0869,1.4687,1.4738,1.4866,1.517,1.5735,1.5945,1.6154,1.6258,1.7592,1.7629,1.9245,1.9418,1.9916,2.0259,2.3683,2.4232,2.5431,2.6388,2.6993,2.7082,2.7117,2.7344,2.8074,2.8124,2.8162,2.8199,2.9188,2.9266,2.9287,2.9598,2.9616,3.0718,3.074,3.0817,3.0909,3.0926,3.0992,3.1129,3.3118,3.3146,3.3183,3.3203,3.3317,3.3497,3.3805,3.3901,3.552,3.554,3.5615,3.575,3.6663,3.717,3.7205,3.7301,3.8113,3.8144,3.8167,3.8197,3.8231,3.8254,3.888,3.9274,3.9461,4.0565,4.0675,4.0718,4.1049,4.1201,4.1616,4.1653,4.1683,4.1855,4.1899,4.2133,4.2153,4.2176,4.2271,4.2371,4.2908,4.2929,4.362,4.4731,4.4752,4.4852,4.6228,4.6257,4.628,4.8473,4.8494,4.8514,4.8549,4.8581,4.8846,4.8879,4.8896,4.8916,4.8978,4.9093,4.9162,5.2093,5.2125,5.5043,5.5064,5.5592,5.5676,5.5795,5.6431,5.6868,5.7034,5.7051,5.8306,6.0625,6.0674,6.0715,6.0796,6.0832,6.1,6.1135,6.1198,6.1232,6.1277,6.1317,6.1437,6.1512,6.2355,6.3752,6.3884,6.4082,6.707,6.7491,6.7515,6.7628,6.7726,6.7759,6.8523,6.9793,7.1043,7.2512,7.3555
-1.9676,-1.965,-1.8298,-1.8158,-1.8043,-1.8023,-1.7801,-1.7763,-1.7285,-1.7265,-1.5951,-1.4818,-1.3907,-1.1945,-1.1801,-1.1362,-1.0405,-1.0382,-1.0228,-0.8449,-0.7895,-0.5631,-0.5445,-0.5178,-0.5141,-0.4897,-0.4879,-0.4832,-0.4338,-0.4313,-0.4074,-0.3581,-0.2549,-0.2527,-0.2504,-0.2412,-0.2203,-0.2184,-0.2052,-0.1869,-0.1384,-0.1177,0.0123,0.0148,0.0271,0.029,0.0333,0.0362,0.0463,0.0533,0.3973,0.3993,0.4015,0.4034,0.4062,0.4146,0.418,0.4213,0.4277,0.4393,0.4432,0.4959,0.4983,0.5026,0.5045,0.5142,0.518,0.5396,0.5977,0.6065,0.6151,0.6202,0.787,0.8159,0.82,0.8799,0.9967,0.9985,1.0008,1.0071,1.0095,1.0194,1.0257,1.1186,1.1579,1.208,1.2106,1.2126,1.2148,1.223,1.6069,1.6377,1.6418,1.7591,1.9307,1.9447,2.118,2.1366,2.139,2.1443,2.147,2.1641,2.1669,2.3733,2.5699,2.9625,2.9649,2.9679,2.9709,2.9729,3.0196,3.0562,3.0608,3.0642,3.0687,3.0756,3.0849,3.0867,3.2121,3.2945,3.2966,3.3088,3.3158,3.3274,3.3296,3.3324,3.3537,3.3979,3.4005,3.5032,3.535,3.537,3.5388,3.5433,3.5541,3.5694,3.5757,3.581,3.6789,3.7955,3.8062,3.8147,3.8181,3.8483,3.9172,3.9308,4.0127,4.0349,4.0368,4.0565,4.068,4.0707,4.0967,4.1646,4.1852,4.188,4.2006,4.221,4.3838,4.386,4.3883,4.4272,4.6789,4.6813,4.6832,4.6882,4.7571,4.7982,4.8006,4.8883,4.8959,5.0328,5.0485,5.1598,5.1634,5.1657,5.2908,5.2958,5.2981,5.3686,5.3783,5.3812,5.8206,5.8323,5.966,6.1144,6.1179,6.1196,6.123,6.1283,6.1326,6.1484,6.152,6.208,6.7381,6.752,6.7536,6.7554,6.762,6.7803,6.8037,7.152,7.1595,7.2056,7.524
-1.7767,-1.7323,-1.7292,-1.715,-1.708,-1.6936,-1.6797,-1.6708,-1.6541,-1.6505,-1.5793,-1.5245,-1.2701,-1.2453,-1.2085,-1.0297,-1.0266,-0.993,-0.5938,-0.5683,-0.5644,-0.5241,-0.3471,-0.2968,-0.2947,-0.0809,-0.0788,-0.0298,-0.0276,-0.0058,0.0154,0.0186,0.022,0.0255,0.0807,0.0831,0.3724,0.3823,0.3951,0.3972,0.4081,0.4103,0.4153,0.4197,0.4215,0.4246,0.4354,0.4485,0.4661,0.4951,0.5056,0.5206,0.5944,0.5966,0.5984,0.6034,0.6052,0.61,0.6118,0.6184,0.7932,0.8609,0.8639,0.8659,0.8712,0.8737,0.9038,0.9206,0.9726,0.9921,0.9955,1.0002,1.0087,1.0112,1.0129,1.3298,1.3482,1.3521,1.3555,1.3776,1.6341,1.6823,1.6938,1.6981,1.7615,2.0676,2.161,2.1631,2.1833,2.1913,2.1993,2.2033,2.2255,2.7357,2.7376,2.7591,2.7739,2.7776,2.7899,2.7991,2.813,2.8251,2.8314,2.8418,2.8483,2.8621,3.0684,3.0702,3.072,3.074,3.076,3.0803,3.0865,3.0974,3.2926,3.3102,3.3157,3.3452,3.4481,3.4574,3.4818,3.494,3.4978,3.5107,3.533,3.5389,3.5407,3.5504,3.5523,3.5605,3.572,3.5786,3.7584,3.8096,3.8114,3.8162,3.8224,3.8386,3.8599,3.8713,3.9508,4.0519,4.0552,4.0617,4.2075,4.3717,4.4143,4.4162,4.4345,4.4459,4.4917,4.5672,4.6402,4.8855,5.0489,5.1306,5.1329,5.1454,5.1497,5.1731,5.1765,5.2106,5.3712,5.3766,5.4803,5.4947,5.4965,5.4996,5.7833,5.8355,5.8942,5.9222,5.9814,5.9955,6.1278,6.1295,6.1315,6.1386,6.1417,6.1465,6.1599,6.1672,6.1924,6.4363,6.519,6.5228,6.6818,6.684,6.6868,6.696,6.7068,6.7107,6.7737,6.8048,6.8071,6.8104,6.8764,6.8791,7.0497,7.0817,7.0844,7.2795,7.2821,7.2845,7.287,7.2888,7.2927,7.2959,7.2998,7.3019,7.3066,7.3101,7.3144,7.317,7.3281,7.3329,7.3364,7.3981,7.5524,7.7202,7.722
-1.6793,-1.675,-1.6319,-1.6288,-1.5241,-1.0406,-1.0243,-0.7603,-0.7576,-0.6963,-0.6417,-0.6393,-0.6324,-0.3513,-0.1212,-0.0911,0.0147,0.0163,0.0213,0.0353,0.0424,0.0566,0.3962,0.4048,0.4111,0.4132,0.4436,0.4586,0.4966,0.4998,0.5023,0.5045,0.5071,0.5105,0.5149,0.5187,0.5951,0.5998,0.6017,0.6082,0.6134,0.6921,0.811,0.8531,0.9005,0.9208,0.9954,0.9971,1.0002,1.0022,1.0066,1.0084,1.01,1.0158,1.0218,1.0272,1.3149,1.317,1.4246,1.7011,1.9796,2.6108,2.7247,2.7817,2.7842,3.0697,3.0716,3.0733,3.0757,3.0808,3.0886,3.1138,3.3113,3.313,3.3148,3.32,3.3277,3.5492,3.5514,3.5548,3.56,3.5625,3.5664,3.5683,3.5785,3.8098,3.8116,3.815,3.8316,3.8356,3.9392,4.0429,4.0515,4.0538,4.0555,4.0613,4.0665,4.1005,4.2732,4.6318,4.6501,4.6568,4.6597,4.6619,4.68,4.6819,4.8737,5.1015,5.1036,5.8518,5.9361,5.9383,6.1288,6.1308,6.1325,6.1345,6.1769,6.3957,6.514,6.5474,6.7338,6.797,6.7987,6.8089,6.8233,6.863,6.8685,6.8704,6.8732,6.9782,6.9816,6.9833,7.0045,7.0068,7.0105,7.0388,7.078,7.0804,7.1115,7.1246,7.391,7.3931,7.4001,7.4021,7.4048,7.4291,7.4336,7.4435,7.4476,7.4555,7.4639,7.5221,7.5238,7.5323,7.5405,7.5426,7.5618,7.5723,7.7194
-1.8523,-1.7198,-1.6584,-1.6387,-1.5275,-1.3914,-1.1155,-0.8739,-0.8443,-0.8425,-0.8365,-0.8015,-0.6104,-0.6078,-0.6055,-0.5917,-0.5559,-0.54,-0.5384,-0.4811,-0.479,-0.4762,-0.4539,-0.446,-0.4442,-0.4398,-0.4367,-0.435,-0.4204,-0.4187,-0.4149,-0.4131,-0.403,-0.3015,-0.1872,0.016,0.0208,0.0256,0.0294,0.0341,0.0432,0.0482,0.0636,0.0685,0.3963,0.3996,0.4018,0.4039,0.4069,0.4104,0.4176,0.4205,0.4254,0.4641,0.4956,0.4973,0.5008,0.515,0.5207,0.5951,0.5988,0.6014,0.6034,0.609,0.6174,0.7655,0.8674,0.9942,0.9969,0.9986,1.002,1.004,1.0086,1.0116,1.0232,1.2826,1.2852,1.2882,1.3328,1.3707,1.5869,1.5996,1.6354,1.6374,2.3246,2.5791,2.5847,2.5868,2.5924,2.5948,2.6417,3.0106,3.0702,3.0742,3.076,3.0824,3.0848,3.0943,3.1011,3.1585,3.3108,3.3156,3.3174,3.3235,3.5502,3.5533,3.5552,3.5568,3.5588,3.5672,3.8099,3.8116,3.8144,3.8279,3.8964,3.9337,3.9567,4.0054,4.0072,4.0508,4.0525,4.0555,4.0586,4.0608,4.0648,4.0675,4.246,4.442,4.444,4.5036,4.5178,4.5334,4.5726,4.9051,5.1576,5.1713,5.173,5.3282,5.3351,5.3372,5.339,5.341,5.3861,5.7488,5.9599,5.9626,5.9722,6.1307,6.1324,6.1355,6.1373,6.1461,6.1486,6.1521,6.1772,6.3744,6.3762,6.7698,6.8211,6.8252,6.858,6.8603,6.9541,6.9773,7.0409,7.124,7.1409,7.2416,7.3845,7.3864,7.3882,7.399,7.463,7.5618,7.6167
-1.6457,-1.6278,-1.6255,-1.5991,-1.5865,-1.5546,-1.545,-1.5432,-1.5394,-1.5377,-1.5004,-1.4978,-1.453,-1.4285,-1.4138,-1.4014,-1.3992,-1.3975,-1.393,-1.3909,-1.3884,-1.3556,-1.3373,-1.302,-1.2999,-1.286,-1.2704,-1.1897,-1.1314,-1.0126,-0.9616,-0.694,-0.577,-0.5677,-0.5586,-0.4492,-0.3444,-0.3095,-0.2013,-0.0906,-0.0882,0.0161,0.0206,0.023,0.027,0.0319,0.0388,0.0438,0.2806,0.395,0.397,0.3995,0.408,0.4919,0.4964,0.5013,0.5029,0.5076,0.5099,0.5857,0.5964,0.6017,0.6109,0.6256,0.6558,0.6627,0.9654,0.9673,0.9948,0.9971,1.0002,1.002,1.0096,1.0148,1.0212,1.0298,1.0371,1.3011,1.4375,1.4401,1.5925,1.7956,2.0457,2.0474,2.5088,2.6103,2.621,3.07,3.0716,3.0741,3.0771,3.0826,3.0845,3.0886,3.1009,3.1403,3.2783,3.3098,3.3116,3.3178,3.326,3.3281,3.5553,3.5598,3.5638,3.5722,3.5977,3.788,3.8042,3.8063,3.8122,3.8162,3.8213,3.8239,3.8257,3.8417,3.9433,3.9596,3.9815,4.0016,4.0124,4.0505,4.0524,4.0555,4.0629,4.0654,4.068,4.0752,4.092,4.176,4.2854,4.4847,4.4868,4.496,4.6424,4.6539,4.656,4.6674,4.7384,5.1292,5.2307,5.2726,5.2774,5.6661,5.918,6.1307,6.1358,6.1445,6.1528,6.1801,6.4659,6.7932,7.0609,7.1103,7.1123,7.2687,7.2711,7.2934,7.3822,7.4405,7.5168,7.5227,7.5245,7.532,7.5338,7.5471,7.6494,7.6523,7.6542
-1.6198,-1.6132,-1.6109,-1.6091,-1.6019,-1.5839,-1.5817,-1.5665,-1.5592,-1.524,-1.3346,-1.3291,-1.3271,-1.3108,-1.3011,-1.2617,-1.2235,-1.2218,-1.2056,-1.1925,-1.0476,-0.6572,-0.475,0.0154,0.0187,0.0209,0.0265,0.0281,0.0358,0.0402,0.0421,0.0978,0.3327,0.395,0.3969,0.4002,0.4028,0.4065,0.4114,0.4674,0.4963,0.5008,0.5041,0.5076,0.5097,0.5416,0.7508,0.7558,0.9969,0.9985,1.0008,1.3576,1.4759,1.5555,1.56,2.1157,2.5959,2.8299,2.8316,3.0698,3.0716,3.0736,3.0824,3.0855,3.1025,3.1082,3.1098,3.3115,3.3137,3.3162,3.3284,3.3341,3.5498,3.5517,3.554,3.5561,3.5582,3.5607,3.5648,3.5665,3.5732,3.612,3.811,3.8263,3.8321,3.8419,3.918,3.9407,3.967,3.9771,3.981,4.0174,4.0523,4.0544,4.0619,4.0637,4.07,4.079,4.1596,4.196,4.4074,4.5153,4.5214,4.5234,4.7397,4.7419,4.9507,4.956,5.0276,5.0956,5.1149,5.117,5.1191,5.1214,5.1236,5.1595,5.1613,5.1782,5.229,5.5416,5.83,5.8317,5.8361,5.892,6.0997,6.1042,6.1076,6.122,6.1301,6.1338,6.1355,6.1467,6.1541,6.2987,6.4118,6.4248,6.4985,6.5002,6.5029,6.5054,6.785,6.7868,6.7889,6.7912,6.8078,6.8115,7.0738,7.0757,7.1122,7.1161,7.1363,7.1385,7.1415,7.1433,7.1545,7.2659,7.2952,7.2968,7.299,7.3026,7.305,7.3085,7.3118,7.347,7.349,7.4717,7.5506,7.5561,7.5853
-1.9178,-1.8855,-1.4548,-1.4159,-1.4022,-1.3775,-1.348,-1.3291,-1.3272,-1.3202,-1.3186,-1.3159,-1.3119,-1.3102,-1.3083,-1.3065,-1.3004,-1.2985,-1.2839,-1.2704,-1.2661,-1.2192,-1.2096,-1.1573,-1.1508,-1.07,-1.0457,-1.0259,-1.0225,-1.0207,-1.0187,-1.0166,-0.9973,-0.9947,-0.9927,-0.9905,-0.9156,-0.9137,-0.9118,-0.8914,-0.8744,-0.8464,-0.8423,-0.6469,-0.6453,-0.6143,-0.6124,-0.4868,-0.4191,-0.3891,-0.3871,-0.1754,-0.1432,-0.1021,-0.0994,-0.0977,-0.0906,0.0164,0.0184,0.0202,0.0278,0.0296,0.0317,0.0392,0.3972,0.4016,0.4054,0.4165,0.4262,0.4363,0.5973,0.6038,0.6146,0.6973,0.7759,0.7794,0.7858,0.7875,0.8032,0.812,0.8158,0.8176,0.8193,0.8495,0.8512,0.8925,0.8962,0.8984,0.9957,0.9974,0.999,1.0013,1.0032,1.0064,1.0169,1.0219,1.046,1.0494,1.0585,1.0935,1.0951,1.1799,1.1836,1.3917,1.7169,1.849,1.9242,1.9262,1.9924,1.9942,2.2178,2.3105,2.5752,2.9255,2.9274,2.9319,3.055,3.0589,3.0609,3.0677,3.0724,3.078,3.0873,3.2527,3.2947,3.3007,3.306,3.3109,3.3761,3.4243,3.4537,3.4818,3.5147,3.5167,3.5365,3.5382,3.5416,3.5534,3.5585,3.5605,3.7965,3.8024,3.8074,3.8129,3.9305,3.9325,3.9395,4.0367,4.0384,4.0403,4.0442,4.046,4.0602,4.0694,4.1214,4.1242,4.1678,4.1734,4.1871,4.1909,4.1987,4.2263,4.3339,4.4954,4.5051,4.5071,4.6624,4.8858,5.2353,5.2408,5.2429,5.4405,5.4422,5.4447,5.589,5.7806,5.7889,5.8549,6.1145,6.1197,6.1345,6.7074,6.7714,6.8205,6.8246,7.1111,7.1558,7.2091,7.3192,7.5402,7.5419
-1.7799,-1.6897,-1.4717,-1.4653,-1.4632,-1.4594,-1.4509,-1.4492,-1.4255,-1.4026,-1.3672,-1.3315,-1.2876,-1.2834,-1.2724,-1.2318,-1.2287,-1.2119,-1.21,-1.087,-0.9971,-0.9921,-0.9897,-0.8534,-0.8515,-0.8495,-0.8461,-0.842,-0.8404,-0.8385,-0.8368,-0.8318,-0.8081,-0.7757,-0.6707,-0.6643,-0.6556,-0.6352,-0.5907,-0.4069,-0.3189,0.0152,0.0168,0.0186,0.0205,0.0223,0.024,0.0287,0.0347,0.0429,0.0448,0.3043,0.3084,0.4022,0.4101,0.4151,0.4289,0.4484,0.4682,0.5012,0.5183,0.5298,0.5365,0.5797,0.5821,0.6025,0.6048,0.6213,0.6232,0.6327,0.7361,0.7425,0.7447,0.9974,1.0004,1.0071,1.016,1.0182,1.0236,1.0256,1.0322,1.2358,1.2858,1.2882,1.3372,1.3398,1.3588,1.3609,1.3632,1.3677,1.3718,1.3737,1.376,1.3779,1.3917,1.3937,1.4276,1.4585,1.4602,1.4712,1.4731,1.4752,1.6823,1.6866,1.7359,1.7434,1.9131,2.0115,2.158,2.4891,2.4957,2.5297,2.5383,2.6147,2.6343,2.7189,2.7271,2.8486,3.0701,3.0721,3.0746,3.0771,3.0805,3.0906,3.0928,3.118,3.1731,3.3111,3.3183,3.3293,3.3353,3.3439,3.5514,3.5532,3.5622,3.5695,3.5787,3.812,3.8153,3.8176,3.8312,3.837,3.8492,3.9085,3.9632,4.0528,4.0549,4.062,4.0743,4.3905,4.5157,4.5217,4.6976,4.807,5.115,5.1546,5.331,5.3345,5.5877,5.6439,5.6606,5.6744,6.0111,6.0135,6.1293,6.1313,6.1344,6.137,6.1497,6.1519,6.3239,6.6687,6.8103,6.8129,6.9318,7.0694,7.0777,7.1265,7.4297,7.4315,7.4962,7.5138
-1.8627,-1.7614,-1.7089,-1.7072,-1.6932,-1.6906,-1.5867,-1.5056,-1.4874,-1.4479,-0.9122,-0.8618,-0.8383,-0.8204,-0.8033,-0.8008,-0.7235,-0.7165,-0.6227,-0.5701,-0.5286,-0.5092,-0.3608,-0.3534,-0.3494,-0.3474,-0.3439,-0.3395,-0.3019,-0.2943,-0.2917,-0.2786,-0.2765,-0.2688,-0.2571,-0.2507,-0.2474,-0.2456,-0.2439,-0.2324,-0.2283,-0.226,-0.106,-0.063,-0.0516,0.0149,0.0169,0.0194,0.0211,0.0259,0.0304,0.0392,0.0453,0.0546,0.0568,0.2652,0.2841,0.3967,0.4011,0.4034,0.4139,0.5014,0.517,0.5799,0.5888,0.5908,0.5968,0.6001,0.6026,0.6095,0.6118,0.6179,0.7172,0.7603,0.7625,0.8882,0.9565,0.9992,1.0017,1.0082,1.0101,1.0132,1.021,1.0331,1.042,1.0557,1.2378,1.4661,1.6092,1.628,1.7178,1.7321,1.9926,2.0861,2.3275,2.4418,2.6951,2.7149,2.7176,2.7671,2.7689,3.0698,3.0719,3.0763,3.0853,3.0907,3.0928,3.11,3.1401,3.2801,3.3093,3.3114,3.3132,3.3164,3.3729,3.4437,3.4479,3.5516,3.5535,3.5557,3.5579,3.5692,3.6267,3.6821,3.6882,3.783,3.8094,3.8112,3.8146,3.8193,3.8262,3.8317,3.9703,3.9739,3.9925,3.9997,4.0017,4.0095,4.0328,4.0516,4.0536,4.0555,4.0576,4.0637,4.2148,4.2169,4.2423,4.2626,4.2644,4.2668,4.3122,4.4575,4.7067,4.726,4.7281,4.8062,4.9409,4.9578,4.9599,4.9616,4.9633,5.0521,5.1415,5.1539,5.2384,5.2862,5.5429,5.5448,5.5783,5.5801,5.6453,5.6913,5.6945,5.6969,5.7053,5.7821,5.7916,5.7983,5.8002,5.8346,6.1129,6.1155,6.1263,6.1293,6.1547,6.1616,6.5953,6.737,6.7556,6.7598,6.7753,6.7976,6.8466,7.0284,7.0304,7.05,7.0639,7.1248,7.1428,7.1476,7.1508,7.1599,7.1619,7.2115,7.3508,7.3641,7.3662,7.4425,7.4626,7.475,7.6564
-1.9884,-1.9668,-1.9418,-1.7959,-1.5841,-1.5467,-1.4497,-1.3878,-1.3831,-1.3808,-1.3788,-1.3768,-1.3692,-1.347,-1.3449,-1.3075,-1.3039,-0.8994,-0.8765,-0.8736,-0.859,-0.8483,-0.8438,-0.8286,-0.8231,-0.7823,-0.7792,-0.6975,-0.5936,-0.5832,-0.568,-0.4667,-0.4101,-0.357,-0.2395,-0.2367,-0.2035,-0.1949,-0.1838,-0.1691,-0.1671,-0.1604,0.0072,0.0124,0.0161,0.0191,0.0229,0.0309,0.0327,0.0406,0.0531,0.0695,0.0906,0.1223,0.3953,0.3973,0.3992,0.4009,0.4151,0.4241,0.4974,0.4993,0.504,0.5174,0.5969,0.6002,0.6026,0.6044,0.6121,0.6163,0.6481,0.6507,0.7518,0.848,0.8929,0.895,0.8977,0.8999,0.9058,0.9694,0.9954,1.0021,1.0077,1.0132,1.0177,1.0195,1.0652,1.1041,1.2848,1.6061,1.6405,1.8277,1.9786,2.0129,2.1586,2.1605,2.1722,2.2117,2.2304,2.3418,2.3543,2.4305,2.5348,2.5365,2.5433,2.5458,2.8393,3.0714,3.0746,3.0766,3.0784,3.0846,3.0901,3.0952,3.1033,3.3106,3.3148,3.3182,3.3238,3.3378,3.3469,3.371,3.3956,3.4136,3.5549,3.5581,3.5648,3.5716,3.6358,3.8112,3.8137,3.8166,3.821,3.8245,3.8362,3.97,3.9721,4.0217,4.0422,4.05,4.0519,4.0539,4.0608,4.068,4.0726,4.1274,4.1828,4.6331,4.9449,4.9519,4.9818,4.9876,4.99,4.9924,5.0205,5.1445,5.1466,5.1723,5.2546,5.3013,5.5179,5.5483,5.5817,5.5927,5.5948,5.6433,6.1317,6.1351,6.1673,6.1691,6.1784,6.4966,6.6702,6.6718,6.6745,6.7398,6.7415,6.7595,6.7615,6.7776,6.7795,6.8195,6.8249,6.8347,6.8372,6.8823,6.8845,6.887,6.9272,6.9351,7.0483,7.1241,7.1338,7.1403,7.142,7.153,7.1611,7.1709,7.3344,7.3866,7.3889,7.5604,7.5688,7.6217,7.6234,7.6589,7.7082
-1.7728,-1.7595,-1.5369,-1.4502,-1.4315,-1.4296,-1.4266,-1.4004,-1.3912,-1.3891,-1.3148,-1.1699,-0.7658,-0.6856,-0.4006,-0.2548,-0.2524,-0.2395,-0.237,-0.2353,-0.2236,-0.2025,-0.1463,-0.0899,-0.0875,-0.0165,0.0136,0.0152,0.0181,0.0198,0.022,0.0285,0.0306,0.0374,0.04,0.0418,0.0464,0.0484,0.0534,0.0588,0.0687,0.1918,0.2031,0.3595,0.3637,0.3717,0.3775,0.3797,0.397,0.3995,0.4059,0.4137,0.4224,0.4242,0.4317,0.4347,0.4478,0.4629,0.4647,0.4973,0.4993,0.501,0.5042,0.5084,0.517,0.5186,0.5306,0.5911,0.6184,0.6222,0.6574,0.6613,0.8632,0.8664,0.8904,0.8923,0.9035,0.9091,0.9964,0.9993,1.0092,1.0159,1.2491,1.4768,1.4787,1.4979,1.5197,1.5308,1.533,1.5354,1.5903,2.0804,2.0937,2.0957,2.0974,2.1259,2.1287,2.1316,2.2137,2.2167,2.4559,2.4608,2.4633,2.6954,2.8333,3.0382,3.0404,3.0712,3.0739,3.0804,3.0838,3.0928,3.1297,3.1352,3.1524,3.3109,3.3164,3.3184,3.3338,3.3356,3.3479,3.3733,3.5515,3.5534,3.5552,3.557,3.5662,3.5756,3.6083,3.6693,3.7029,3.7804,3.7846,3.7866,3.7925,3.8041,3.8116,3.8146,3.818,3.8216,3.8281,3.8317,3.8512,3.9159,3.9555,3.9573,3.9589,4.0503,4.0521,4.0546,4.0566,4.0718,4.0867,4.1015,4.1187,4.1915,4.2944,4.3868,4.4768,4.5032,4.6887,4.7636,4.8197,4.8215,4.8233,4.8353,4.8615,4.8888,4.8912,4.8935,5.6066,5.8371,6.1285,6.1353,6.1489,6.1764,6.3485,6.4014,6.4769,6.64,6.7503,6.8424,6.872,6.8791,6.9053,6.9263,7.3591,7.3832,7.4,7.4072,7.4089,7.4194,7.4448,7.4472,7.5648,7.5665,7.5917,7.6069,7.6089,7.6111
-1.9415,-1.8663,-1.6271,-1.3527,-1.3289,-1.327,-1.3252,-1.2978,-1.296,-1.2942,-1.2761,-1.2744,-1.2544,-1.1694,-1.1146,-1.1096,-1.0346,-1.0327,-1.0307,-0.8876,-0.8048,-0.5353,0.0164,0.0183,0.0356,0.1428,0.1801,0.1963,0.2018,0.2127,0.2145,0.2619,0.2638,0.3955,0.3989,0.4005,0.4044,0.4061,0.4144,0.4161,0.4266,0.4432,0.4999,0.5016,0.5067,0.5087,0.5132,0.5182,0.5233,0.5345,0.5496,0.5968,0.6007,0.6271,0.6537,0.9378,0.9963,0.9984,1.001,1.0116,1.0171,1.0191,1.2839,1.286,1.3412,1.4259,1.4432,1.4778,1.4818,1.5317,1.7829,1.8748,1.9134,2.2138,2.2357,2.2382,2.6596,2.6613,2.7111,2.7173,2.7782,2.7802,2.8124,2.9716,2.9769,3.0693,3.071,3.0796,3.0891,3.095,3.1931,3.268,3.3113,3.314,3.3183,3.3252,3.3428,3.5512,3.5537,3.5557,3.5761,3.6148,3.6166,3.7837,3.8142,3.8159,3.8185,3.8207,3.8227,3.8281,3.8915,3.9496,3.9527,3.9543,4.051,4.0528,4.0562,4.0657,4.0739,4.0764,4.0843,4.0867,4.1246,4.2724,4.7788,5.1546,5.3971,5.4176,5.4196,5.4525,5.4581,5.4598,5.4997,5.7431,5.7469,5.8041,6.1147,6.1174,6.1199,6.1251,6.1304,6.1442,6.1463,6.1514,6.5214,6.6521,6.723,6.7275,6.7304,6.7322,6.8062,6.8492,6.8562,6.8791,6.9741,6.9759,6.9907,7.0235,7.2925,7.4486,7.451,7.4902,7.5415,7.5701,7.6373
-1.9714,-1.8482,-1.8285,-1.7836,-1.6841,-1.5218,-1.1675,-1.1657,-1.1641,-1.1455,-1.1418,-1.1343,-1.0963,-1.0848,-1.0814,-1.0797,-1.078,-1.0668,-1.0491,-1.047,-1.0169,-1.0097,-1.0077,-0.9802,-0.9741,-0.9691,-0.9622,-0.9604,-0.9586,-0.9456,-0.8998,-0.6989,-0.6972,-0.3843,-0.2945,-0.2924,0.0163,0.0217,0.0234,0.0259,0.0414,0.0621,0.0824,0.1547,0.2268,0.2617,0.3329,0.3575,0.4037,0.4056,0.4121,0.4155,0.4194,0.4253,0.4371,0.4962,0.4992,0.5019,0.5131,0.5177,0.5196,0.5411,0.57,0.5844,0.588,0.5902,0.5948,0.5966,0.5985,0.6002,0.6022,0.6041,0.6119,0.616,0.6242,0.7589,0.7787,0.8393,0.8412,0.8447,0.8613,0.8633,0.9954,0.9971,0.9994,1.0031,1.0104,1.0127,1.0144,1.0161,1.3703,1.5363,1.6533,1.6573,1.9766,2.6863,2.7197,2.7627,2.8646,2.8663,2.8683,3.0021,3.0109,3.073,3.0751,3.0769,3.1008,3.1135,3.3101,3.3119,3.3151,3.3179,3.3451,3.4927,3.5512,3.5564,3.5685,3.8095,3.8116,3.8167,3.8209,3.8303,3.8839,4.0357,4.0432,4.0502,4.0523,4.0566,4.0583,4.0618,4.0689,4.0732,4.0842,4.4168,4.4225,4.6531,4.6549,4.6834,5.0355,5.0588,5.0934,5.2219,5.3254,5.3522,5.7465,5.7483,5.7537,5.7612,5.7798,5.8497,5.9708,6.129,6.1343,6.1392,6.1511,6.1698,6.4662,6.5064,6.7341,6.7358,6.7518,6.7546,6.9022,7.019,7.0207,7.0241,7.1828,7.2283,7.2539,7.2738,7.4923,7.5392,7.5568,7.6248,7.6384
-1.8759,-1.8577,-1.8546,-1.6467,-1.5547,-1.2167,-1.2024,-1.1747,-0.9172,-0.661,-0.6032,-0.3484,-0.2993,-0.2582,-0.2312,-0.1943,-0.1833,-0.1732,-0.1586,-0.145,-0.1346,-0.1329,-0.1309,-0.118,-0.1161,-0.1143,-0.0897,-0.088,-0.0647,-0.0594,-0.0573,0.0153,0.0179,0.0216,0.0237,0.0255,0.0297,0.0318,0.0384,0.042,0.0478,0.3836,0.3951,0.398,0.4014,0.4048,0.4067,0.4132,0.4187,0.4234,0.4323,0.44,0.4738,0.4792,0.4916,0.4952,0.4988,0.5033,0.514,0.5187,0.5216,0.5264,0.5534,0.5954,0.6011,0.6034,0.61,0.6126,0.6171,0.6222,0.6296,0.6512,0.7488,0.8144,0.8293,0.8654,0.9971,0.9991,1.0022,1.013,1.0219,1.1373,1.1419,1.1562,1.1633,1.3372,1.3945,1.5797,1.5919,1.6088,1.6503,1.914,2.0006,2.0029,2.0051,2.2247,2.2365,2.2382,2.2401,2.5273,2.5733,3.0696,3.0716,3.0745,3.0773,3.0809,3.0849,3.0866,3.0887,3.0998,3.1148,3.1196,3.3015,3.31,3.316,3.3268,3.3385,3.55,3.5518,3.5537,3.5558,3.5598,3.5657,3.5681,3.5717,3.5737,3.5788,3.604,3.7302,3.8099,3.8116,3.8143,3.8169,3.8214,3.8351,3.8725,4.0182,4.0503,4.0522,4.0557,4.0583,4.0657,4.0684,4.0702,4.1163,4.1913,4.2209,4.2872,4.2906,4.376,4.6977,4.849,4.8766,4.8919,4.932,4.9345,4.9507,4.9695,4.9851,5.0184,5.0621,5.0922,5.2453,5.3063,5.3499,5.3775,5.3811,5.3828,5.3854,5.3918,5.5544,5.5598,5.6316,5.6506,5.725,5.7271,5.8779,5.8801,5.8909,5.9118,5.9137,5.9955,6.1348,6.148,6.1632,6.3705,6.3999,6.4015,6.7486,6.7555,6.7663,6.7935,6.7954,6.7975,6.7992,6.8588,6.9276,6.9859,6.9939,7.0205,7.4157,7.7245

-1.9406,-1.9385,-1.9357,-1.9088,-1.8993,-1.8949,-1.8388,-1.6959,-1.4137,-1.2237,-1.215,-1.2091,-1.2072,-1.205,-1.2027,-1.1407,-1.0977,-1.0961,-1.0675,-1.0654,-1.0251,-1.0233,-0.7074,-0.6462,-0.6432,-0.6224,-0.6138,-0.6018,-0.5981,-0.5962,-0.5855,-0.5817,-0.5784,-0.5758,-0.5706,-0.5471,-0.5225,-0.4735,-0.4674,-0.4271,-0.4056,-0.4002,-0.3964,-0.3942,-0.3921,-0.3868,-0.3851,-0.3799,-0.3751,-0.3492,-0.3435,0.0161,0.0213,0.0259,0.0275,0.0364,0.042,0.0497,0.0727,0.0895,0.0988,0.2562,0.2596,0.2617,0.2739,0.4318,0.4358,0.4969,0.5,0.5027,0.5044,0.5647,0.7005,0.7571,0.7595,0.762,0.7665,0.7682,0.776,0.8631,0.8805,0.9358,0.9684,0.9714,0.9733,0.9773,0.9982,1.0028,1.0048,1.0077,1.0127,1.1038,1.15,1.1543,1.1562,1.158,1.1877,1.1896,1.1914,1.3407,1.4017,1.4261,1.4298,1.4659,1.5014,1.5592,1.6197,1.6463,1.6541,1.7599,1.7898,1.7918,1.7973,1.7992,1.8033,1.8539,1.856,1.8599,2.0391,2.0464,2.0746,2.1586,2.3126,2.3148,2.3356,2.3463,2.3722,2.3754,2.3806,2.3921,2.4575,2.6546,2.838,2.8399,2.842,2.8485,2.8504,2.8527,2.8639,2.8658,2.885,2.9037,2.9059,2.9084,2.9104,2.9335,3.0545,3.0563,3.0603,3.0646,3.1094,3.4361,3.439,3.4459,3.4507,3.4544,3.4591,3.4646,3.4793,3.4982,3.5045,3.5427,3.5538,3.5565,3.5826,3.6379,3.6495,3.6566,3.667,3.6811,3.8718,3.8871,3.889,3.9401,3.9707,3.9723,4.0349,4.0375,4.0414,4.0457,4.0476,4.0593,4.0744,4.0763,4.1322,4.1996,4.2093,4.2975,4.2992,4.3497,4.4229,4.503,4.5997,4.6257,4.6875,4.7091,4.73,4.7318,4.7659,4.7684,4.7701,4.9418,4.9625,4.9644,4.9834,5.0004,5.0388,5.0507,5.0901,5.0935,5.0953,5.1917,5.1938,5.1982,5.2013,5.224,5.2267,5.4579,5.4767,5.4813,5.4856,5.4996,5.5018,5.5136,5.5266,5.5535,5.7044,6.049,6.0514,6.0703,6.0914,6.0955,6.1141,6.1196,6.1237,6.3357,6.816,6.8472,6.8512,6.8576,6.8594,6.8615,6.8654,6.8672,6.8844,6.8898,6.8937,6.9154,6.9194,7.0965,7.1663,7.184,7.1906,7.1972,7.2064,7.2091,7.2127,7.2247,7.2562,7.3122,7.3741,7.3763,7.378,7.4278,7.4352,7.4672,7.613,7.6667,7.6712,7.6739,7.6766
-1.9498,-1.9315,-1.896,-1.8942,-1.8009,-1.7006,-1.6634,-1.6473,-1.5983,-1.3267,-1.308,-1.3056,-1.2941,-1.2817,-1.2169,-1.1047,-1.0832,-1.0807,-1.0387,-0.9963,-0.6715,-0.5749,-0.5653,-0.5621,-0.5442,-0.313,-0.3111,-0.3085,-0.0509,0.0167,0.0184,0.0215,0.0247,0.0298,0.0544,0.0781,0.2568,0.2589,0.2621,0.2638,0.275,0.2843,0.3058,0.3079,0.4268,0.4693,0.4965,0.4984,0.5041,0.5143,0.5231,0.7568,0.76,0.7616,0.7736,0.7772,0.785,0.7987,0.9907,0.9958,0.9977,1.0065,1.011,1.015,1.0174,1.0191,1.024,1.0436,1.0652,1.1095,1.1119,1.1405,1.2168,1.2188,1.2513,1.39,1.4285,1.4305,1.4402,1.4643,1.5516,1.6792,1.8112,1.8289,1.9658,2.0333,2.0488,2.1314,2.4922,2.5071,2.5094,2.5605,2.637,2.6439,2.649,2.9247,2.9616,2.9645,2.969,2.9709,3.0409,3.0698,3.0718,3.0771,3.0834,3.114,3.4515,3.4572,3.4699,3.5004,3.5598,3.5632,3.5718,3.5759,3.581,3.5878,3.5917,3.6038,3.6605,3.6673,3.6754,3.6776,3.6838,4.0509,4.0527,4.0559,4.058,4.0602,4.063,4.07,4.0744,4.0829,4.1096,4.1197,4.218,4.2404,4.2732,4.3232,4.3286,4.3379,4.6398,4.7556,4.9929,5.032,5.2298,5.2831,5.3374,5.3515,5.3545,5.3564,5.3583,5.5232,5.6809,5.6863,5.6955,5.7059,5.7164,5.727,6.1213,6.1285,6.1304,6.1343,6.1429,6.1486,6.179,6.2075,6.2118,6.2487,6.2657,6.2674,6.2766,6.3435,6.3842,6.4003,6.4444,6.4587,6.5317,6.6121,6.614,6.6709,6.6757,6.6788,6.6809,6.6841,6.6871,6.6891,6.6935,6.7614,6.9797,6.9817,6.9857,6.9988,7.0047,7.0267,7.0376,7.0857,7.0977,7.1335,7.1509,7.1738,7.1906,7.1944,7.2029,7.2284,7.2343,7.2507,7.2529,7.3723,7.4069,7.549,7.563,7.5682
-1.6329,-1.6146,-1.5611,-1.5311,-1.527,-1.4978,-1.3634,-1.3077,-1.2798,-1.2077,-1.1617,-1.1595,-1.1061,-1.0444,-1.0086,-0.9383,-0.771,-0.7284,-0.6762,-0.6411,-0.6323,-0.6302,-0.6255,-0.591,-0.5831,-0.5664,-0.564,-0.5619,-0.5543,-0.4374,-0.4354,-0.4333,-0.4309,-0.4276,-0.4256,-0.3851,-0.3567,-0.3502,-0.3485,-0.3466,-0.3443,-0.3308,-0.3291,-0.3226,-0.2919,-0.1003,-0.0983,-0.0624,-0.0435,0.015,0.0168,0.0211,0.0282,0.0316,0.0364,0.0443,0.0475,0.0491,0.2583,0.26,0.2622,0.2711,0.2734,0.2852,0.4957,0.4973,0.4991,0.5011,0.511,0.516,0.5237,0.6503,0.716,0.7558,0.7584,0.7633,0.7705,0.9966,1.0016,1.0067,1.0119,1.0135,1.0169,1.0242,1.0262,1.0439,1.0484,1.0611,1.155,1.1583,1.1701,1.2152,1.2291,1.2314,1.2443,1.2463,1.3711,1.6288,1.6396,1.8604,1.8779,1.9066,1.9935,2.0036,2.2017,2.4247,2.6255,2.6351,2.8592,2.861,3.0704,3.0751,3.0802,3.0846,3.1351,3.4505,3.4522,3.4553,3.4649,3.4707,3.4817,3.5276,3.5556,3.5766,3.585,3.655,3.6657,3.6684,3.6705,3.6749,3.679,3.6935,3.7692,3.8308,3.9283,4.0018,4.0087,4.0106,4.0123,4.0142,4.0162,4.0186,4.0238,4.0258,4.0309,4.0505,4.0552,4.0626,4.0677,4.0745,4.0841,4.1529,4.2289,4.2927,4.5781,4.6138,4.6158,4.8784,5.3809,5.6606,5.8728,5.9396,5.9695,5.9714,6.0423,6.131,6.1345,6.1361,6.1379,6.1471,6.1703,6.7452,6.8512,6.9154,6.9358,6.9635,6.9794,7.3046,7.3074,7.4325,7.4697,7.4762,7.5074,7.5093,7.6035,7.7547
-1.8679,-1.673,-1.604,-1.4419,-1.3491,-1.3159,-1.2079,-1.196,-1.194,-1.1179,-1.0477,-1.027,-0.9474,-0.9227,-0.9207,-0.87,-0.8674,-0.7676,-0.7283,-0.7265,-0.6559,-0.2454,-0.2414,-0.2095,-0.1273,-0.0997,-0.0483,-0.0463,-0.0438,-0.0385,-0.0362,-0.0344,-0.0327,-0.0286,-0.0197,0.0151,0.0169,0.0197,0.0214,0.0251,0.0287,0.0307,0.0326,0.0364,0.0402,0.0423,0.0577,0.0648,0.255,0.2569,0.2633,0.265,0.2713,0.3535,0.4343,0.4954,0.497,0.4993,0.5114,0.5132,0.5249,0.6617,0.7372,0.7568,0.7593,0.7624,0.8036,0.8627,0.8962,0.8986,0.9081,0.9161,0.9882,0.9905,0.9969,0.999,1.0018,1.0038,1.0098,1.0117,1.1193,1.2665,1.3772,1.379,1.4344,1.4387,1.4409,1.6598,1.7103,1.7125,1.7634,1.7653,1.7886,1.7911,1.8313,1.8598,1.9845,1.9865,2.1192,2.1354,2.1384,2.1475,2.1572,2.182,2.3912,2.5024,2.5072,2.5095,2.5915,3.0711,3.0741,3.0767,3.0798,3.0853,3.0964,3.1278,3.4494,3.4545,3.4572,3.4643,3.5123,3.5484,3.5512,3.5543,3.5562,3.5592,3.5633,3.5683,3.5765,3.5965,3.612,3.649,3.6518,3.6565,3.6582,3.6624,3.6653,3.6912,3.7476,3.7896,3.792,3.8381,4.0516,4.0536,4.0556,4.0615,4.072,4.1088,4.1761,4.2613,4.2634,4.2687,4.4983,4.5045,4.5066,4.6772,4.679,4.9203,4.9231,4.999,5.0412,5.0736,5.0939,5.0962,5.1306,5.5634,5.6133,5.6269,5.6454,6.1299,6.1315,6.1355,6.1442,6.1459,6.148,6.1669,6.6115,6.7086,6.7445,6.8112,6.8177,6.8263,6.921,7.0402,7.1249,7.1269,7.1443,7.1795,7.2247,7.2378,7.2397,7.2655,7.2673,7.4711,7.4771
-1.7466,-1.7325,-1.7294,-1.7211,-1.7192,-1.7023,-1.6496,-1.5987,-1.5883,-1.5387,-1.3723,-1.2029,-1.1683,-0.9578,-0.9047,-0.5531,-0.4706,-0.4363,-0.4321,-0.4091,-0.4049,-0.3893,-0.3474,-0.1402,-0.1023,-0.0178,0.015,0.0214,0.0233,0.0252,0.0276,0.0425,0.076,0.1412,0.2567,0.2623,0.2787,0.2982,0.3212,0.3235,0.3871,0.4094,0.4112,0.4161,0.4178,0.4962,0.5006,0.5038,0.51,0.7558,0.7589,0.7609,0.763,0.7664,0.769,0.7707,0.902,0.911,0.9126,0.995,0.9984,1.0019,1.0092,1.1235,1.1398,1.3951,1.5316,1.5335,1.7587,1.7605,1.7623,1.7685,1.7744,1.7817,1.7839,1.8093,1.8195,1.8243,1.9186,1.9235,1.9285,1.9466,2.0082,2.0679,2.2761,2.5723,2.5743,3.0684,3.0701,3.0721,3.0751,3.0772,3.0872,3.0898,3.0921,3.1094,3.4507,3.4556,3.4649,3.4776,3.4842,3.492,3.5021,3.5075,3.5524,3.5548,3.5594,3.5613,3.5634,3.5699,3.5854,3.6473,3.6514,3.6557,3.6583,3.6637,3.6683,3.6723,3.6759,3.9556,3.9576,4.052,4.0556,4.0582,4.065,4.0674,4.0995,4.1496,4.1966,4.2,4.2192,4.2308,4.2328,4.2347,4.237,4.4846,4.4869,4.5559,4.5577,4.6839,4.6895,4.7232,4.7535,4.7557,4.7654,4.7764,4.7872,4.7892,4.8051,5.0561,5.1605,5.1625,5.189,5.1907,5.2127,5.2177,5.2501,5.2808,5.4739,5.4757,5.7342,5.7651,5.767,5.7701,5.7718,5.779,5.7998,5.8238,5.881,5.883,6.0821,6.1306,6.136,6.1448,6.1467,6.1774,6.7035,6.7408,6.7427,6.7451,6.747,6.8068,6.8553,6.8917,7.098,7.1419,7.145,7.1812,7.1832,7.1956,7.4746,7.4767,7.479,7.6175,7.6197,7.7388
-1.8272,-1.8229,-1.6553,-1.6061,-1.5904,-1.5881,-1.5859,-1.5719,-1.4271,-1.4231,-1.4143,-1.4119,-1.3913,-1.3483,-1.3423,-1.3406,-1.3381,-1.3134,-1.3114,-1.3095,-1.2948,-1.2926,-1.2872,-1.2852,-1.2836,-1.2623,-1.2514,-1.2391,-1.2154,-1.1702,-1.1356,-1.1218,-1.1197,-1.118,-1.1127,-1.1101,-1.0853,-1.049,-1.0436,-0.9303,-0.7688,-0.7667,-0.7648,-0.7328,-0.4614,-0.4017,-0.3886,-0.3845,-0.1999,-0.1813,0.0163,0.0182,0.0214,0.0262,0.0342,0.0372,0.0392,0.2568,0.2585,0.2634,0.2656,0.2697,0.2724,0.3564,0.3617,0.4084,0.4227,0.4339,0.4446,0.4465,0.4482,0.4515,0.4915,0.4965,0.4989,0.5014,0.5033,0.5121,0.5449,0.7249,0.7555,0.7571,0.7631,0.7666,0.7745,0.7807,0.7825,0.9105,0.916,0.9178,0.9205,0.94,0.955,0.9572,0.959,0.9802,0.9826,0.9973,1.0028,1.005,1.0069,1.0163,1.0198,1.0327,1.1214,1.15,1.152,1.1546,1.1583,1.3035,1.5594,1.647,1.6698,1.6732,1.6913,1.7473,1.749,1.7509,1.7725,1.7744,1.7809,2.0503,2.0889,2.4756,2.5869,2.7242,2.726,2.8795,3.0252,3.0764,3.0807,3.0848,3.0971,3.1014,3.2467,3.2499,3.4514,3.4577,3.4624,3.4706,3.5178,3.5222,3.5524,3.5626,3.5906,3.6188,3.6383,3.6513,3.6599,3.6747,3.6826,3.7884,3.8803,3.8966,4.0528,4.0571,4.0604,4.071,4.0865,4.3929,4.455,4.4899,4.4939,4.6685,4.6706,4.8256,4.9553,5.0327,5.1068,5.1253,5.1355,5.4269,5.5245,5.5946,5.7608,5.8559,6.018,6.1299,6.133,6.1349,6.1375,6.1427,6.1466,6.1638,6.3054,6.5198,6.7472,6.8002,6.8705,6.9713,6.9783,6.9841,7.4776,7.5365,7.551,7.5554,7.564,7.5699,7.5942,7.6459,7.6807
-1.9344,-1.9325,-1.9305,-1.9026,-1.8225,-1.7646,-1.5857,-1.5795,-1.5484,-1.4962,-1.4437,-1.4417,-1.4045,-1.3407,-1.3053,-1.3016,-1.2993,-1.2318,-0.9484,-0.868,-0.8448,-0.8428,-0.836,-0.6896,-0.6861,-0.6359,-0.4995,-0.4924,-0.4793,-0.4641,-0.4541,-0.4021,-0.3995,-0.3914,-0.3882,-0.3757,-0.374,-0.3561,-0.3541,-0.3295,-0.3235,-0.321,-0.2937,-0.2897,-0.2512,-0.2026,-0.2006,-0.1799,-0.1726,-0.1233,-0.1082,0.0162,0.0178,0.0229,0.0286,0.036,0.0538,0.0573,0.0768,0.1478,0.2174,0.2566,0.2595,0.2786,0.3181,0.4684,0.5019,0.5053,0.5183,0.5932,0.6334,0.6353,0.7577,0.7609,0.7628,0.9383,0.9533,0.9813,0.9829,1.0032,1.0119,1.014,1.0182,1.0508,1.1594,1.1635,1.1703,1.1724,1.2612,1.2727,1.2746,1.4513,1.4625,1.4669,1.4694,1.4979,1.5428,1.5448,1.5601,1.6526,1.7871,2.3378,2.442,2.536,2.5462,2.5852,2.5948,2.9853,3.0664,3.0701,3.0736,3.077,3.0791,3.0816,3.0837,3.0853,3.2218,3.3192,3.3436,3.4519,3.4581,3.4648,3.4679,3.4711,3.5564,3.5625,3.5705,3.6536,3.6575,3.6592,3.6725,3.6746,3.6986,3.807,3.8598,3.8622,3.8671,4.0538,4.058,4.0618,4.0706,4.0976,4.157,4.2181,4.2331,4.447,4.473,4.5239,4.7306,4.7325,4.8801,4.9066,4.953,4.9991,5.0071,5.0142,5.3373,5.4143,5.4398,5.4433,5.4454,5.4473,5.4744,5.4826,5.5193,5.526,5.5836,5.5887,5.5908,5.7394,5.7438,5.7624,5.9177,5.9196,6.0265,6.1299,6.1315,6.1342,6.607,6.7997,6.8764,6.9145,6.9163,7.0543,7.0748,7.0954,7.1041,7.1059,7.1413,7.1438,7.1481,7.2562,7.2659,7.2764,7.2902,7.41,7.4142,7.4219,7.4241,7.4583,7.4765,7.5562
-1.8215,-1.8037,-1.7758,-1.7729,-1.7367,-1.727,-1.7124,-1.6694,-1.6047,-1.5599,-1.5544,-1.5519,-1.5502,-1.5218,-1.3576,-1.3088,-1.1057,-0.9639,-0.8567,-0.8249,-0.7591,-0.7472,-0.723,-0.7214,-0.6851,-0.646,-0.4522,-0.3743,-0.3271,-0.3253,-0.3215,-0.3196,-0.3028,-0.2986,-0.2905,-0.2821,-0.2689,-0.2531,-0.2514,-0.2484,-0.236,-0.2222,-0.1962,-0.1459,-0.1317,-0.1192,-0.1176,-0.1156,-0.1136,-0.0711,-0.0662,-0.0543,0.0162,0.0184,0.0217,0.0233,0.0287,0.0338,0.0375,0.0638,0.0753,0.0858,0.149,0.1704,0.2553,0.2572,0.2599,0.2619,0.2666,0.2734,0.282,0.3446,0.4967,0.5004,0.5052,0.5219,0.5365,0.5608,0.7556,0.7574,0.759,0.7607,0.7624,0.7642,0.7731,0.887,0.8993,0.997,0.9987,1.0021,1.0051,1.023,1.1338,1.1375,1.1666,1.4867,1.5164,1.5184,1.5203,1.5577,1.6045,1.6085,1.6111,1.7836,1.848,1.995,2.0002,2.0187,2.1746,2.1845,2.2261,2.673,2.9291,2.9313,2.9765,2.981,2.9901,2.9934,3.0549,3.0565,3.0586,3.0623,3.0654,3.078,3.0835,3.3079,3.4387,3.441,3.4516,3.4623,3.5075,3.5391,3.5411,3.5448,3.5522,3.5541,3.5576,3.5739,3.5821,3.5879,3.6007,3.6024,3.6138,3.6394,3.6411,3.652,3.6572,3.6598,3.6847,3.7679,3.7699,3.9009,3.9184,3.972,3.9768,4.0361,4.0387,4.0414,4.0457,4.0529,4.0563,4.0731,4.0861,4.1915,4.2058,4.2079,4.6196,4.6219,4.6653,4.6694,4.8342,4.8452,5.167,5.1901,5.1923,5.401,6.1146,6.1165,6.1186,6.1204,6.1237,6.4716,6.4737,6.682,6.6845,6.6866,6.6885,6.6903,6.7219,6.7239,6.7265,6.8013,6.9207,6.9422,6.9438,6.9472,6.9493,6.9577,6.9654,6.9877,7.0077,7.0107,7.0126,7.0524,7.0848,7.2133,7.4034,7.4062,7.5037,7.5054
-1.8668,-1.7958,-1.7756,-1.7017,-1.6006,-1.5064,-1.4646,-1.4629,-1.461,-1.4499,-1.4481,-1.4465,-1.4044,-1.3448,-1.2979,-1.2264,-1.1116,-1.0968,-1.0731,-0.9749,-0.967,-0.9025,-0.8747,-0.8731,-0.8575,-0.8231,-0.7071,-0.7012,-0.6625,-0.4573,-0.3241,-0.2887,-0.2867,-0.2834,-0.2517,-0.217,-0.0646,0.0158,0.0178,0.0197,0.0214,0.0236,0.036,0.0378,0.0409,0.0703,0.1022,0.2092,0.2454,0.2568,0.2586,0.2604,0.2654,0.2673,0.2741,0.2795,0.3993,0.4281,0.4688,0.4958,0.5016,0.504,0.5056,0.5111,0.5198,0.5318,0.7559,0.7599,0.7628,0.7714,0.7767,0.7791,0.8094,0.9424,0.9977,0.9996,1.0015,1.0082,1.0147,1.0168,1.021,1.062,1.1271,1.1315,1.137,1.1393,1.1411,1.1679,1.1708,1.1739,1.1769,1.2217,1.2657,1.2678,1.4596,1.4644,1.4665,1.5158,1.5191,1.5223,1.5538,1.5592,1.5969,1.8248,1.8276,1.8955,1.9338,1.9442,1.9817,2.0642,2.0693,2.2325,2.4718,2.4808,2.7176,2.7336,3.0714,3.0758,3.0804,3.0822,3.086,3.0914,3.4505,3.4547,3.4563,3.4607,3.4624,3.4675,3.4692,3.516,3.5378,3.5539,3.5557,3.5573,3.5602,3.5626,3.5651,3.5725,3.5973,3.6538,3.6603,3.668,3.6752,3.6776,3.6858,3.7378,3.7401,3.7421,3.7489,3.7526,3.8189,3.9964,4.0553,4.0595,4.0644,4.0666,4.0686,4.0763,4.1521,4.175,4.1858,4.1993,4.2014,4.4305,4.4749,4.4908,4.4927,4.4953,4.4974,4.505,4.5342,4.5657,4.8439,5.2413,5.3067,5.3133,5.3257,5.3293,5.3362,5.3816,5.3836,5.5446,5.9091,5.9382,6.0354,6.06,6.0622,6.07,6.0728,6.0821,6.0936,6.1284,6.1931,6.1994,6.2018,6.2046,6.2185,6.2211,6.547,6.6111,6.6387,6.7584,6.762,6.7752,6.7984,7.0212,7.0421,7.0457,7.2195,7.4925,7.8032,7.806,7.8131,7.8149,7.8506
-1.5776,-1.5609,-1.5007,-1.1474,-1.1447,-1.0545,-1.0465,-1.002,-1.0002,-0.8726,-0.774,-0.7722,-0.7688,-0.7553,-0.7524,-0.7305,-0.7086,-0.6949,-0.3181,-0.238,-0.1668,0.0185,0.0212,0.0273,0.0292,0.0313,0.0333,0.0408,0.1481,0.1548,0.1576,0.1596,0.1634,0.1658,0.1699,0.1904,0.2005,0.2033,0.2377,0.2393,0.2551,0.2568,0.2594,0.2666,0.2773,0.2964,0.3177,0.3206,0.3685,0.4242,0.4258,0.4972,0.5011,0.5116,0.5189,0.5207,0.5737,0.7568,0.7585,0.7604,0.762,0.7648,0.7666,0.7724,0.7742,0.7768,0.7807,0.8014,0.8924,0.9415,0.9971,0.9991,1.0009,1.0028,1.0045,1.0062,1.0145,1.0203,1.0744,1.1043,1.1059,1.109,1.1108,1.1165,1.1183,1.1209,1.1697,1.4485,1.4506,1.4897,1.5207,1.5285,1.6357,1.6494,1.6514,1.6759,1.6792,2.0055,2.3338,2.4478,2.4681,2.5916,2.5934,2.5961,2.6044,2.6589,3.0706,3.0724,3.0848,3.0878,3.0897,3.0922,3.0942,3.1174,3.4518,3.4543,3.4569,3.4604,3.4668,3.4737,3.5521,3.5569,3.5693,3.5713,3.573,3.5764,3.5858,3.6092,3.6236,3.6257,3.6455,3.6503,3.6545,3.6565,3.6585,3.6637,3.6747,3.68,3.682,3.6917,3.6941,3.7057,4.0096,4.0537,4.0566,4.0715,4.1589,4.2067,4.3053,4.5766,4.5787,4.5828,4.5878,4.5897,4.9617,5.275,5.3603,5.6393,5.6418,5.6763,5.6784,5.8856,5.9252,5.9375,5.9525,5.9542,5.9698,6.0605,6.1208,6.1302,6.7166,6.7794,6.805,6.8456,6.8482,6.9121,7.0304,7.032,7.081,7.1575,7.1863,7.1909,7.4685,7.4833,7.4852,7.4935,7.4961
-1.7309,-1.7245,-1.6597,-1.597,-1.5938,-1.5704,-1.077,-1.0752,-1.0615,-1.0597,-1.0577,-0.7009,-0.6985,-0.443,0.0163,0.0193,0.0213,0.0303,0.033,0.0441,0.1955,0.2039,0.2309,0.2403,0.2456,0.2546,0.2567,0.2586,0.2663,0.2791,0.2889,0.3272,0.4284,0.4972,0.4992,0.5008,0.5032,0.5085,0.5163,0.5377,0.5676,0.5971,0.7564,0.7588,0.7609,0.7666,0.7774,0.8308,0.8358,0.9961,0.9992,1.001,1.0031,1.0055,1.0095,1.1242,1.1339,1.1482,1.2064,1.2171,1.4231,1.442,1.4836,1.4905,1.4965,1.5078,1.5105,1.7696,1.9868,2.2079,2.2469,2.2576,2.3504,2.3581,2.7166,2.9807,3.0716,3.0745,3.0768,3.0784,3.0807,3.0861,3.0916,3.0935,3.1252,3.1471,3.1537,3.1762,3.4512,3.455,3.4741,3.487,3.5353,3.5411,3.5427,3.5447,3.5512,3.5538,3.5607,3.564,3.5662,3.5772,3.5807,3.5894,3.5954,3.6304,3.6551,3.6581,3.6686,3.675,3.7916,3.8762,3.9948,4.0497,4.0514,4.0551,4.0567,4.061,4.0632,4.0671,4.0721,4.1031,4.1731,4.1895,4.1955,4.2438,4.4076,4.4096,4.5027,4.5047,4.5066,4.514,4.5188,4.5776,4.9572,4.9598,4.9666,5.047,5.2596,5.3901,5.5694,5.5742,5.5759,5.578,5.5799,5.6101,5.7953,5.8153,5.844,5.8459,5.8496,5.8742,5.9048,5.9079,6.1274,6.1298,6.1336,6.1373,6.1626,6.7147,6.7166,6.7188,6.7432,6.7463,6.7481,6.7737,6.7766,6.7828,7.2159,7.218,7.3528,7.4528,7.4595,7.4647,7.4664,7.5374,7.5563,7.5655,7.5675,7.681
-1.9154,-1.7962,-1.6196,-1.5576,-1.3634,-1.286,-1.1391,-1.0002,-0.9328,-0.9302,-0.8752,-0.8401,-0.681,-0.6773,-0.656,-0.6298,-0.5822,-0.5789,-0.569,-0.5576,-0.4933,-0.4913,-0.483,-0.4249,-0.4183,-0.412,-0.4101,-0.3666,-0.2217,-0.1536,-0.1516,-0.0667,0.015,0.017,0.0192,0.0212,0.0232,0.039,0.053,0.0557,0.0636,0.0656,0.0752,0.186,0.196,0.2564,0.2594,0.2631,0.2682,0.2769,0.3577,0.4968,0.4995,0.5021,0.5037,0.594,0.7569,0.7587,0.7616,0.7676,0.776,0.784,0.8036,0.8466,0.9455,0.9495,0.9975,1.0001,1.0145,1.0377,1.1526,1.4,1.4016,1.4953,1.5636,1.7779,1.7798,1.9429,1.945,1.9991,2.2629,2.2658,2.3354,2.3371,2.3655,2.3982,2.4093,2.5086,2.5365,3.0713,3.0835,3.0906,3.1135,3.1352,3.3251,3.4514,3.4534,3.4575,3.4593,3.462,3.4646,3.4716,3.4838,3.5127,3.5534,3.5727,3.5744,3.6499,3.652,3.655,3.6646,3.7094,3.9834,4.0503,4.0545,4.0564,4.0581,4.0617,4.0637,4.0703,4.0761,4.1068,4.1193,4.3705,4.3729,4.4271,4.4306,4.6849,4.6904,4.692,4.694,4.7011,4.773,4.8922,4.8942,4.8967,4.9754,4.9821,5.1032,5.2087,5.222,5.3229,5.3974,5.4471,5.4708,5.4843,5.486,5.5335,5.6213,5.6737,5.6754,5.6982,5.7669,5.9282,6.002,6.0077,6.0384,6.1306,6.1362,6.1431,6.1479,6.1548,6.1569,6.4491,6.616,6.7079,6.7625,6.7648,6.8025,6.8085,6.8104,6.8269,6.8949,7.1126,7.1505,7.1958,7.4256,7.4593,7.4996,7.5046,7.5413,7.5452,7.5539,7.7028
-1.9492,-1.9474,-1.9455,-1.7621,-1.7195,-1.7174,-1.6202,-1.6176,-1.6077,-1.5963,-1.5938,-1.5688,-1.4007,-1.3929,-1.391,-1.3635,-1.1895,-1.069,-1.0617,-0.8355,-0.8322,-0.6155,-0.5761,-0.5196,-0.5134,-0.5057,-0.5036,-0.4958,-0.481,-0.479,-0.4769,-0.4323,-0.4215,-0.3846,-0.3694,-0.3643,-0.3468,-0.3389,-0.3196,-0.2477,-0.1949,-0.0299,-0.0064,0.0153,0.019,0.0227,0.0259,0.0276,0.0301,0.0337,0.0361,0.0413,0.0454,0.0474,0.0515,0.0546,0.0564,0.0654,0.0675,0.0692,0.0752,0.1316,0.2065,0.2428,0.2448,0.2562,0.2594,0.2626,0.2681,0.2776,0.386,0.4947,0.4968,0.4995,0.5015,0.5064,0.5217,0.5348,0.5372,0.5444,0.6948,0.712,0.7379,0.7571,0.7639,0.77,0.7966,0.8012,0.8144,0.8253,0.997,1.0011,1.0058,1.0109,1.0409,1.2266,1.2705,1.2846,1.4447,1.4468,1.4543,1.4847,1.5851,1.7169,1.7218,1.7687,1.8127,1.8202,1.892,1.9038,1.9164,1.9185,2.1644,2.2704,2.6004,2.6372,2.8523,3.0705,3.0743,3.077,3.0787,3.0807,3.0867,3.1055,3.1275,3.1926,3.4102,3.4543,3.4681,3.4853,3.4988,3.5526,3.5546,3.5565,3.5609,3.5729,3.653,3.659,3.6654,3.6729,3.8024,3.8552,3.8584,3.9518,4.0505,4.0525,4.0542,4.0636,4.1128,4.1367,4.2077,4.2123,4.2142,4.216,4.239,4.2673,4.2753,4.2813,4.2835,4.4185,4.4332,4.4351,4.6059,4.679,4.7746,5.3881,5.4118,5.4217,5.6359,5.7118,5.7172,5.7434,6.1083,6.1311,6.1339,6.1782,6.4069,6.4982,6.7436,6.7469,6.7664,6.7724,6.7741,6.7761,6.8842,6.8889,6.8987,6.9036,6.9574,6.9727,7.2718,7.2785,7.2837,7.3343,7.4494,7.455,7.7088
-1.7463,-1.7414,-1.7071,-1.6733,-1.5738,-1.5563,-1.4607,-1.1986,-1.1922,-1.0452,-1.009,-0.9983,-0.9829,-0.9484,-0.9202,-0.9186,-0.8824,-0.8342,-0.7462,-0.6339,-0.5479,-0.389,-0.3857,-0.3554,-0.2688,-0.2439,-0.0084,0.003,0.0152,0.017,0.0258,0.0301,0.0328,0.0435,0.0484,0.0795,0.2343,0.2368,0.24,0.2451,0.2552,0.2572,0.2663,0.2728,0.4498,0.4953,0.5009,0.5055,0.518,0.5618,0.7425,0.7557,0.7575,0.7599,0.7618,0.7639,0.7754,0.7831,0.8335,0.8381,0.8398,0.8596,0.8612,0.8848,0.8864,0.9952,0.9972,1.0003,1.0057,1.0134,1.0485,1.059,1.0698,1.3561,1.3883,1.3913,1.4654,1.5031,1.6184,1.6232,1.6596,1.6613,1.663,1.885,1.8899,1.8918,1.9217,2.1027,2.1179,2.12,2.2874,2.3986,2.6371,2.8804,2.883,2.8852,2.8869,2.9033,3.0671,3.0713,3.075,3.0788,3.085,3.0878,3.09,3.0917,3.1014,3.1253,3.1447,3.4505,3.4523,3.4566,3.4583,3.4619,3.5064,3.509,3.5236,3.5254,3.5518,3.5568,3.5585,3.5643,3.5708,3.5745,3.5793,3.5821,3.5931,3.6512,3.6565,3.6659,3.6715,3.6919,3.782,3.8939,4.05,4.0517,4.0566,4.0591,4.0608,4.063,4.3949,4.5289,4.6269,4.817,4.8352,4.8511,4.8716,4.9047,4.9648,4.9769,5.0536,5.1635,5.2432,5.2501,5.2521,5.4947,5.5003,5.7578,5.777,5.7791,5.8161,5.8258,5.8368,5.8655,5.9086,5.9107,5.9926,6.098,6.1143,6.1165,6.1199,6.1223,6.1277,6.1475,6.4405,6.6651,6.6711,6.7128,6.723,6.7861,6.788,6.7919,6.8003,6.803,6.8375,6.9014,6.9211,6.9259,6.9306,6.9667,6.9909,6.9931,7.0466,7.2254,7.2375,7.2461,7.2874,7.2905,7.2928,7.2975,7.2993,7.3012,7.325,7.3268,7.4065,7.4088,7.4797,7.5678,7.6491,7.6724,7.7414
-1.8816,-1.8796,-1.8317,-1.7378,-1.6404,-1.5416,-1.5383,-1.5295,-1.4661,-1.4643,-1.408,-1.3861,-1.3836,-1.3757,-1.3499,-1.3402,-1.2961,-1.2377,-1.1689,-1.1051,-0.6266,-0.5879,-0.5044,-0.3284,-0.3187,-0.2931,-0.1411,0.0162,0.0178,0.0198,0.0266,0.0335,0.0424,0.0486,0.2566,0.26,0.262,0.2805,0.2951,0.3696,0.3812,0.3832,0.4171,0.43,0.4954,0.4971,0.5009,0.5449,0.5547,0.7554,0.757,0.7604,0.7624,0.8824,0.9205,0.9895,0.9958,0.9974,1,1.0154,1.0301,1.103,1.1323,1.1356,1.1401,1.1806,1.1965,1.2168,1.2206,1.2414,1.2623,1.2671,1.2928,1.3221,1.349,1.3508,1.7616,2.004,2.0113,2.0565,2.0589,2.211,2.2598,2.264,2.6253,3.0701,3.072,3.075,3.0785,3.0811,3.0883,3.09,3.0919,3.1287,3.3711,3.3732,3.4497,3.4517,3.4554,3.4575,3.4644,3.5002,3.5267,3.5303,3.5503,3.5533,3.555,3.5567,3.5583,3.5659,3.5719,3.5808,3.5936,3.603,3.6089,3.6515,3.6534,3.6554,3.6681,3.6772,3.6837,3.6965,3.6994,3.7101,3.713,3.721,3.9091,3.9144,3.9233,3.9272,3.9343,3.9364,3.95,3.9607,3.9845,3.9869,4.041,4.0518,4.0537,4.0562,4.0698,4.0759,4.1625,4.1666,4.1742,4.2191,4.3162,4.5392,4.5629,4.5647,4.5668,4.5783,4.8344,5.1113,5.2342,5.3232,5.4141,5.4347,5.4365,5.4573,5.4702,5.4721,5.475,5.4768,5.4855,5.4897,5.4918,5.5157,5.521,5.5267,5.5384,5.5564,5.6094,5.6112,5.6176,5.6208,5.6333,5.6355,5.6721,5.6742,5.6833,5.6967,5.712,5.7216,5.7244,5.7283,5.7329,5.8143,5.9306,6.1301,6.1348,6.1372,6.5697,6.7838,6.8999,6.9241,7.0578,7.0755,7.1603,7.1625,7.216,7.2246,7.244,7.25,7.2642,7.2664,7.5565,7.6056,7.6081,7.656,7.6976,7.732

-1.9737,-1.921,-1.906,-1.7557,-1.7437,-1.4682,-1.4445,-1.3531,-1.3016,-1.2983,-1.2953,-1.1864,-1.1785,-1.1743,-0.8806,-0.8743,-0.8033,-0.7145,-0.7122,-0.6871,-0.6819,-0.6116,-0.5838,-0.5819,-0.5678,-0.5659,-0.4538,-0.4431,-0.4414,-0.4294,-0.3967,-0.3626,-0.3561,-0.3286,-0.3266,-0.2394,-0.2326,-0.2305,-0.2053,-0.2026,-0.2004,-0.1699,-0.1681,-0.0712,0.0162,0.0205,0.0231,0.0303,0.0365,0.0424,0.0443,0.0802,0.0863,0.1409,0.1438,0.2318,0.2557,0.2577,0.2598,0.265,0.2676,0.2709,0.2781,0.2833,0.3266,0.3891,0.4329,0.4348,0.4951,0.4979,0.4999,0.5179,0.7585,0.7634,0.765,0.7713,0.7774,0.7831,0.8139,0.8313,0.8778,0.8955,0.9214,0.9264,0.9697,0.9963,0.9983,1.0114,1.0171,1.019,1.0497,1.1034,1.1179,1.1198,1.1225,1.3384,1.3403,1.3497,1.3539,1.3755,1.3799,1.401,1.6395,1.6447,1.6707,1.7633,1.7909,1.7979,1.8303,1.8326,1.8381,1.8431,1.9038,1.906,1.9641,1.9777,2.156,2.3144,2.3864,2.4165,2.6629,2.734,2.7406,2.7426,2.8003,3.0706,3.0834,3.0909,3.102,3.1347,3.3111,3.3143,3.316,3.3199,3.3237,3.5515,3.5546,3.5733,3.5849,3.8109,3.8131,3.8149,3.8172,3.8189,3.831,3.8614,4.0515,4.0534,4.0554,4.0616,4.0702,4.0738,4.107,4.116,4.1372,4.1849,4.1867,4.1884,4.2131,4.2702,4.2721,4.3038,4.3221,4.3516,4.3535,4.3675,4.4185,4.4412,4.5434,4.5458,4.6491,5.0905,5.2029,5.2215,5.2335,5.236,5.2642,5.5064,5.5086,5.5122,5.536,5.5534,5.8347,5.8369,5.8976,5.9471,6.1312,6.1334,6.1355,6.1376,6.1445,6.1472,6.1618,6.1738,6.1759,6.4644,6.466,6.7375,6.7395,6.7801,6.7821,6.8217,6.8339,6.8447,6.8478,6.8967,6.9659,7.0395,7.2834,7.3773,7.4675,7.5056,7.5075,7.5244,7.5284,7.5563,7.6775,7.6797,7.7055
-1.9681,-1.737,-1.6368,-1.5779,-1.5698,-1.5238,-1.4403,-1.4284,-1.413,-1.3717,-1.3437,-1.1871,-1.1678,-1.1629,-1.1604,-1.1577,-1.1464,-1.1447,-1.1429,-1.1328,-1.1193,-1.1128,-1.1069,-1.104,-1.102,-1.0757,-1.0733,-1.0715,-1.0696,-1.0023,-0.9978,-0.8037,-0.7743,-0.7467,-0.683,-0.6008,-0.351,-0.3188,-0.3154,-0.2905,-0.2014,-0.1973,-0.1752,-0.1323,0.0165,0.0199,0.0236,0.0256,0.0297,0.0317,0.0362,0.057,0.2555,0.2575,0.2599,0.2648,0.2666,0.3938,0.4456,0.4476,0.4502,0.4647,0.4691,0.4967,0.4986,0.506,0.5163,0.6918,0.7568,0.7655,0.7727,0.7812,0.7859,0.895,0.9969,0.9991,1.0019,1.0047,1.0271,1.0446,1.1526,1.1546,1.1564,1.1736,1.1779,1.1798,1.1821,1.2095,1.3588,1.362,1.3644,1.3671,1.5293,1.532,1.5801,1.6773,1.6791,1.69,1.6919,1.694,1.6962,1.7405,1.7425,2.0343,2.0367,2.0647,2.0663,2.0737,2.0982,2.1662,2.2433,2.2466,2.3885,2.3965,2.4163,2.4184,2.4401,2.4443,2.4475,2.4758,2.4813,2.8696,2.8781,2.8803,3.0459,3.0541,3.0559,3.0594,3.0658,3.0686,3.0745,3.0933,3.1005,3.2052,3.2112,3.2941,3.2961,3.3018,3.3051,3.3103,3.3167,3.536,3.5402,3.5418,3.5537,3.5575,3.7858,3.7889,3.7913,3.7943,3.7962,3.7978,3.8015,3.8038,3.8056,4.0286,4.0307,4.036,4.0376,4.043,4.045,4.0474,4.0518,4.0537,4.0593,4.1506,4.1672,4.1691,4.2171,4.2468,4.4765,4.8774,4.9611,4.9672,4.9693,4.9825,4.9863,5.0227,5.152,5.187,5.1892,5.2072,5.2105,5.2671,5.5278,5.5295,5.5316,5.5338,5.5962,5.6585,5.6781,5.6939,6.0507,6.0555,6.0642,6.1138,6.1156,6.1192,6.1224,6.1279,6.1309,6.1354,6.1565,6.4545,6.6138,6.616,6.7334,6.7468,6.8307,7.0209,7.0238,7.0264,7.0354,7.0394,7.0519,7.1837,7.2219,7.3949,7.458,7.4714,7.5558,7.5577,7.5598,7.577,7.5808,7.5828,7.6194,7.6658,7.6722,7.6739
-1.8748,-1.819,-1.698,-1.6721,-1.6035,-1.5328,-1.4462,-0.9891,-0.8236,-0.765,-0.6816,-0.6573,-0.6524,-0.6115,-0.6095,-0.4956,-0.4244,-0.422,-0.3748,-0.3463,-0.3051,-0.2957,-0.2191,-0.2167,-0.18,-0.1782,-0.1666,-0.1637,-0.1577,-0.1486,-0.1404,-0.1354,-0.1027,-0.093,-0.0426,-0.0045,0.0154,0.0171,0.0208,0.023,0.0266,0.0288,0.0313,0.035,0.0387,0.0461,0.0477,0.0555,0.0728,0.0747,0.0783,0.1988,0.233,0.2583,0.2604,0.2636,0.2654,0.2736,0.2768,0.3189,0.417,0.4591,0.4951,0.5008,0.5029,0.5216,0.6503,0.7547,0.7569,0.7645,0.8938,0.995,0.997,1.0009,1.0187,1.1545,1.4597,1.6869,1.6947,1.75,1.7536,1.7555,1.7577,1.9126,1.925,2.1063,2.1297,2.4787,2.4803,2.5028,2.5078,2.783,2.789,2.7907,2.7929,3.0719,3.0753,3.077,3.0811,3.087,3.0964,3.0982,3.1057,3.3112,3.3165,3.3297,3.3319,3.424,3.5512,3.5532,3.5566,3.5611,3.5905,3.8099,3.8119,3.8136,3.817,3.8187,3.8206,3.8273,3.8307,3.9761,3.9957,4.0501,4.052,4.0555,4.0604,4.068,4.0724,4.0827,4.1169,4.3461,4.3487,4.7604,5.0423,5.312,5.5553,5.5969,5.5987,5.9075,6.1291,6.1338,6.1355,6.1379,6.1427,6.1788,6.503,6.5061,6.5078,6.5177,6.5245,6.7345,6.8441,6.8526,7.0457,7.077,7.0794,7.0998,7.201,7.2031,7.3837,7.4841,7.5295,7.5389,7.5527,7.6436,7.6453,7.6478
-1.9185,-1.8668,-1.8021,-1.7298,-1.7237,-0.8655,-0.852,-0.8392,-0.7461,-0.7439,-0.6319,-0.6004,-0.5981,-0.5879,-0.5781,-0.5764,-0.5677,-0.566,-0.5624,-0.5608,-0.5414,-0.5228,-0.5208,-0.4679,-0.4538,-0.4476,-0.4256,-0.4237,-0.4065,-0.4043,-0.3244,-0.3224,-0.3205,-0.3188,-0.3166,-0.2948,-0.2744,-0.2725,-0.2599,-0.2356,-0.1422,0.0162,0.0181,0.0213,0.0247,0.0329,0.0346,0.0466,0.0486,0.0507,0.0948,0.2549,0.2569,0.2587,0.274,0.4351,0.4386,0.4405,0.4935,0.4997,0.5023,0.5071,0.5101,0.5287,0.685,0.7556,0.7574,0.76,0.7618,0.7661,0.7761,0.8971,0.9891,0.9953,0.9973,0.9996,1.0019,1.0062,1.0164,1.0232,1.0267,1.0298,1.1533,1.1557,1.1576,1.2288,1.2414,1.2786,1.3429,1.3574,1.3712,1.3732,1.3849,1.3868,1.4017,1.415,1.4452,1.5493,1.7538,1.7576,2.053,2.3502,2.3767,2.3804,2.3872,2.4177,2.6215,2.6232,2.8158,3.0707,3.0754,3.0848,3.0865,3.0891,3.0921,3.1056,3.1125,3.3153,3.3172,3.3267,3.5251,3.5519,3.554,3.5572,3.561,3.5656,3.643,3.7147,3.7168,3.7457,3.811,3.815,3.8172,3.8203,3.8333,3.8752,3.8999,3.9027,3.9364,3.9454,3.9771,4.0493,4.0514,4.0593,4.0678,4.0708,4.0984,4.1844,4.1863,4.3545,4.3646,4.4516,4.462,4.6333,4.6354,4.661,4.6719,4.678,4.758,4.7602,4.7869,4.7891,4.7921,4.8415,4.9811,5.0088,5.1207,5.1754,5.3219,5.5042,5.5061,5.9669,6.1311,6.1328,6.1373,6.1694,6.7701,6.8248,6.8265,7.0975,7.1703,7.1765,7.1939,7.2057,7.2189,7.2209,7.2228,7.2246,7.2407,7.4225,7.4271,7.4349,7.4512,7.4534,7.46,7.5466,7.5705,7.5793,7.5814,7.5955,7.6594,7.6612,7.6634
-1.8816,-1.8616,-1.7506,-1.7384,-1.6894,-1.5239,-1.4535,-1.3617,-1.35,-1.2723,-1.128,-1.1018,-1.0399,-0.9862,-0.931,-0.8547,-0.8248,-0.711,-0.707,-0.4778,-0.4735,-0.4716,-0.46,-0.4582,-0.4516,-0.3839,-0.3371,-0.335,-0.3216,-0.152,-0.1502,-0.1481,-0.1463,-0.1443,-0.0879,-0.0857,0.0149,0.0165,0.0188,0.0225,0.0249,0.0335,0.0405,0.0425,0.0455,0.0517,0.1613,0.2556,0.2608,0.2655,0.2743,0.3899,0.4001,0.402,0.4066,0.4951,0.4969,0.5002,0.5049,0.5113,0.517,0.5264,0.5284,0.5571,0.6087,0.7568,0.7604,0.7628,0.7711,0.7833,0.8334,0.9982,1.0003,1.0022,1.0038,1.01,1.0121,1.0178,1.0246,1.0264,1.0285,1.0349,1.1154,1.126,1.1286,1.2145,1.3262,1.6267,1.633,1.6349,1.9881,2.1399,2.4412,2.4777,2.6103,2.613,2.7608,2.7686,2.7956,2.7973,2.8547,2.893,2.8948,2.8974,3.0542,3.0703,3.0745,3.0785,3.0857,3.089,3.0908,3.3116,3.3243,3.3262,3.329,3.3533,3.5011,3.5515,3.5546,3.5585,3.5715,3.5732,3.5826,3.812,3.8151,3.8167,3.8198,3.8263,3.9188,3.9234,3.9529,4.0516,4.0553,4.0574,4.0602,4.0655,4.1186,4.1658,4.2172,4.2254,4.2275,4.2345,4.2701,4.3067,4.4566,4.4635,4.4656,4.4678,4.488,4.4899,4.507,4.5169,4.5187,4.6313,4.6332,4.6352,4.65,4.6604,4.6683,4.6704,4.7359,4.7549,4.8973,4.9129,5.1852,5.1962,5.199,5.3034,5.3059,5.3079,5.4365,5.4385,5.4424,5.4868,5.5229,5.5247,5.6359,5.6619,5.6639,5.988,6.0139,6.1304,6.1331,6.137,6.1409,6.1473,6.1516,6.3637,6.3656,6.5187,6.5219,6.8866,7.0499,7.1216,7.166,7.4801,7.5767,7.5785,7.6183,7.6542,7.6604,7.6749,7.7163,7.7181,7.7432,7.7451,7.7536,7.7562,7.7581,7.7717
-1.7712,-1.7537,-1.6456,-1.5948,-1.5805,-1.5746,-1.5719,-1.5701,-1.5394,-1.5378,-1.483,-1.4524,-1.4502,-1.3049,-1.1222,-1.0793,-0.9292,-0.8856,-0.4931,-0.4825,-0.3875,-0.3724,-0.3677,-0.3657,-0.3595,-0.3567,-0.339,-0.3069,-0.3007,-0.2713,-0.2693,-0.2668,-0.2455,-0.2335,-0.213,-0.211,-0.2089,-0.2051,-0.192,-0.182,-0.1701,-0.1681,-0.1588,-0.1535,-0.1366,-0.1349,-0.1332,-0.1314,-0.1296,-0.1136,-0.1117,-0.0996,-0.0975,-0.0955,-0.0862,0.0153,0.0212,0.025,0.0304,0.032,0.0339,0.0436,0.048,0.0864,0.1541,0.2377,0.2394,0.256,0.2597,0.2681,0.2854,0.3073,0.3815,0.4195,0.4948,0.4965,0.4983,0.5002,0.5086,0.7569,0.7617,0.7688,0.7706,0.7776,0.8245,0.9041,0.9967,0.9995,1.0029,1.0083,1.0205,1.0541,1.0584,1.1493,1.1556,1.1576,1.1637,1.1726,1.1806,1.3311,1.3417,1.3435,1.3856,1.4184,1.4204,1.6286,1.633,1.6397,1.6419,1.644,1.6672,1.8317,1.8613,1.8631,2.0763,2.3887,2.4677,2.4732,2.555,2.5629,2.588,2.5901,2.6484,2.6537,2.7796,3.0702,3.072,3.0784,3.0826,3.0843,3.0963,3.1541,3.3093,3.3114,3.313,3.3151,3.3318,3.3368,3.4493,3.5516,3.5537,3.5557,3.5633,3.5726,3.7318,3.7437,3.7489,3.7528,3.7565,3.8115,3.8142,3.8163,3.82,3.8259,3.83,3.8509,4.0515,4.0542,4.0562,4.0584,4.0636,4.0666,4.0811,4.1023,4.1758,4.1781,4.1949,4.228,4.4265,4.5936,4.8633,4.8991,4.9012,4.9208,5.1473,5.1494,5.2854,5.2879,5.5142,5.5178,5.5202,5.5259,5.5803,5.5849,5.7751,6.1297,6.1347,6.1428,6.1484,6.1572,6.16,6.4589,6.7049,6.8596,6.8917,6.9903,7.0231,7.0251,7.0855,7.0893,7.1538,7.2012,7.207,7.3359,7.3408,7.3927,7.4847,7.4865,7.5147,7.7192,7.7209
-1.8368,-1.2593,-0.8668,-0.8003,-0.7843,-0.7468,-0.3248,-0.3206,-0.3186,-0.2712,-0.2511,-0.2043,-0.2023,-0.1954,-0.192,0.0167,0.0205,0.0226,0.0266,0.0287,0.0364,0.061,0.0655,0.0675,0.0711,0.2561,0.2584,0.26,0.2617,0.2647,0.2667,0.2701,0.2936,0.3171,0.3392,0.3502,0.3699,0.4967,0.4995,0.5021,0.5085,0.6115,0.6132,0.6252,0.756,0.7589,0.7623,0.7692,0.7809,0.802,0.8803,0.8841,0.8876,0.93,0.9387,0.9407,0.9557,0.9706,0.9912,0.9968,0.9993,1.0012,1.0031,1.0081,1.0101,1.0118,1.02,1.0875,1.1217,1.1238,1.1943,1.196,1.198,1.2642,1.2736,1.3093,1.3116,1.3268,1.3389,1.453,1.508,1.976,1.978,1.9829,2.3822,2.3936,2.4124,2.4695,2.5998,2.6328,2.6365,2.9747,3.0554,3.0587,3.0605,3.0624,3.0655,3.0788,3.1177,3.1601,3.2958,3.2977,3.3025,3.3065,3.3158,3.3236,3.3272,3.3312,3.34,3.4404,3.4423,3.4536,3.5071,3.5358,3.5375,3.5417,3.5487,3.5563,3.5604,3.7962,3.7988,3.8006,3.8027,3.8087,3.9544,3.9572,3.9659,3.9894,4.0353,4.0404,4.0445,4.0562,4.0581,4.0624,4.0642,4.0917,4.1618,4.1943,4.4228,4.453,4.4618,4.4641,4.4666,4.4694,4.5361,4.5381,4.5666,4.6663,4.8444,4.8511,4.9403,4.9807,5.1418,5.4043,5.5504,5.6825,5.7748,5.787,5.9324,5.9991,6.0182,6.0201,6.0223,6.0336,6.1158,6.1205,6.1222,6.124,6.1345,6.1456,6.1485,6.1507,6.2191,6.6893,6.7769,6.8308,6.8514,6.8592,6.8624,6.9422,7.0125,7.201,7.203,7.2201,7.2262,7.2908,7.3696,7.4869,7.4904,7.4926,7.4949,7.545,7.5468,7.6382
-1.7824,-1.5862,-1.5773,-1.5634,-1.561,-1.5569,-1.5457,-1.5411,-1.5315,-1.5064,-1.4898,-1.4881,-1.4812,-1.4773,-1.4641,-1.4495,-1.4158,-1.4086,-1.4065,-1.3803,-1.3768,-1.3686,-1.3668,-1.3144,-1.3128,-1.3109,-1.2193,-1.2174,-0.9799,-0.8762,-0.8744,-0.8702,-0.8181,-0.8103,-0.8084,-0.7708,-0.7691,-0.756,-0.7408,-0.7384,-0.7222,-0.7057,-0.704,-0.3819,-0.3773,-0.3754,-0.3734,-0.18,-0.1774,-0.1477,0.0148,0.019,0.0268,0.034,0.2332,0.235,0.2566,0.2595,0.2615,0.2697,0.3741,0.3758,0.4192,0.4638,0.4953,0.5011,0.5072,0.5115,0.6193,0.6921,0.7052,0.7245,0.7569,0.7587,0.7613,0.767,0.7796,0.7858,0.8125,0.8145,0.824,0.8334,0.8382,0.8605,0.8624,0.9546,0.9728,0.9745,0.9925,0.9965,1.0007,1.0053,1.0074,1.01,1.0116,1.0162,1.018,1.0228,1.026,1.034,1.0394,1.203,1.2137,1.2154,1.2714,1.2769,1.4217,1.4236,1.441,1.4509,1.4595,1.4653,1.7926,1.7945,1.7965,2.0499,2.0531,2.0562,2.0751,2.1348,2.2967,2.6101,2.7282,2.8289,3.0537,3.0714,3.0752,3.0814,3.0922,3.313,3.3151,3.3209,3.3251,3.3304,3.3402,3.5522,3.5567,3.5614,3.7001,3.811,3.8129,3.8174,3.8221,3.8701,3.9678,4.0519,4.0539,4.0557,4.0575,4.0612,4.0664,4.0712,4.0729,4.089,4.1753,4.1799,4.2013,4.2056,4.215,4.217,4.2192,4.2226,4.4993,4.5011,4.6482,4.6732,4.6753,4.686,4.8192,4.846,4.848,4.8498,4.9333,4.935,5.1874,5.2948,5.3025,5.3064,5.7258,5.7757,5.7807,5.784,5.7994,5.8029,5.8648,6.001,6.129,6.1308,6.1334,6.1365,6.1439,6.1478,6.1578,6.5618,6.7422,7.0402,7.0606,7.0934,7.0954,7.1001,7.1349,7.2724,7.2777,7.294,7.3497,7.4902,7.5541,7.5662,7.5702,7.5751,7.6254,7.672
-1.983,-1.9725,-1.928,-1.7387,-1.5812,-1.5497,-1.5472,-1.5386,-1.5333,-1.5211,-1.5176,-1.4155,-1.3958,-1.3879,-1.3519,-1.1487,-1.1426,-0.993,-0.8961,-0.8937,-0.6413,-0.6231,-0.6211,-0.6134,-0.6039,-0.5805,-0.5775,-0.5758,-0.5741,-0.5646,-0.5564,-0.5541,-0.5519,-0.4922,-0.4901,-0.4662,-0.4115,-0.3939,-0.375,-0.3717,-0.3692,-0.3673,-0.3507,-0.3418,-0.3093,-0.304,0.0146,0.0168,0.0194,0.0217,0.0263,0.0287,0.0325,0.0361,0.0428,0.257,0.2618,0.2646,0.2664,0.2686,0.2768,0.3485,0.4481,0.4653,0.4949,0.4971,0.4996,0.5019,0.5089,0.5137,0.5182,0.5352,0.7372,0.7535,0.7551,0.7589,0.7626,0.7758,0.7911,0.8889,0.9006,0.9522,0.9583,0.9623,0.9665,0.9961,0.999,1.0043,1.0151,1.1406,1.1494,1.1511,1.1877,1.1897,1.2011,1.2031,1.345,1.5451,1.6417,2.0049,2.5062,2.5142,2.5735,2.7102,2.7197,2.8045,2.8069,3.0715,3.0741,3.0782,3.0803,3.089,3.0936,3.0954,3.1046,3.1517,3.1763,3.31,3.3142,3.3161,3.3181,3.32,3.3334,3.3629,3.5505,3.5526,3.558,3.57,3.8122,3.8173,3.8218,3.8283,3.8351,3.8802,4.0235,4.0334,4.048,4.0512,4.0548,4.0829,4.0975,4.2678,4.2773,4.2859,4.2877,4.327,4.3292,4.5168,4.7413,4.7719,5.0233,5.6733,5.7451,5.8142,5.8601,6.131,6.1328,6.1356,6.1379,6.1655,6.251,6.4641,6.8361,6.989,6.9923,6.9962,7.0119,7.0294,7.0312,7.1732,7.1898,7.199,7.4848,7.5056,7.5109,7.6122,7.6157,7.7453
-1.8569,-1.8118,-1.6315,-1.5865,-1.5843,-1.5047,-1.3346,-1.3051,-1.2991,-1.286,-1.2835,-0.9113,-0.73,-0.7236,-0.7217,-0.6936,-0.6904,-0.6805,-0.6784,-0.6744,-0.6703,-0.6682,-0.6561,-0.6542,-0.5955,-0.5934,-0.5906,-0.5844,-0.5818,-0.5768,-0.575,-0.5511,-0.5403,-0.5386,-0.4702,-0.4679,-0.447,-0.429,-0.4269,-0.3755,-0.3725,-0.368,-0.266,-0.1916,0.015,0.0167,0.0187,0.0203,0.024,0.0258,0.0283,0.0332,0.038,0.0462,0.0685,0.1722,0.257,0.2588,0.2631,0.2719,0.2735,0.2813,0.2832,0.3848,0.3897,0.4112,0.4221,0.4966,0.4995,0.5016,0.5055,0.5075,0.5134,0.5446,0.7034,0.7583,0.7604,0.7623,0.7643,0.7755,0.7797,0.9372,0.9963,0.9992,1.0044,1.0127,1.0146,1.0174,1.0208,1.1561,1.1584,1.3384,1.7615,1.7719,1.9153,1.9181,1.9525,1.9921,2.1716,2.1808,2.5428,3.0698,3.0716,3.0765,3.0801,3.0882,3.0919,3.105,3.1135,3.1333,3.3108,3.3151,3.321,3.4095,3.5071,3.5512,3.5545,3.5582,3.5703,3.6291,3.6672,3.8108,3.8131,3.816,3.8206,3.8232,4.0517,4.0536,4.0561,4.0587,4.0605,4.0671,4.0714,4.0944,4.1168,4.296,4.2979,4.4832,4.4861,4.4969,4.4987,4.723,4.7316,4.8005,5.0318,5.385,5.7011,5.8087,5.8144,5.8491,5.9896,6.1313,6.1339,6.1355,6.1393,6.1589,6.1637,6.1674,6.1805,6.8122,6.8263,6.8284,6.8329,6.8362,6.8474,6.853,6.8639,6.8719,6.9587,7.1503,7.2113,7.41,7.4119,7.4364,7.5625,7.5641,7.6729,7.7071,7.718,7.7218,7.7322
-1.8116,-1.7892,-1.7133,-1.7115,-1.6732,-1.5363,-1.4446,-1.4246,-1.3453,-1.2779,-1.271,-1.2553,-1.1701,-1.1355,-0.979,-0.9333,-0.7386,-0.4627,-0.4606,-0.444,-0.4245,-0.3913,-0.3892,-0.3774,-0.2826,-0.2796,-0.2601,-0.2098,-0.2079,-0.1425,-0.1307,-0.1138,0.0019,0.0162,0.019,0.0219,0.0298,0.0316,0.0336,0.0353,0.0388,0.0594,0.0801,0.1146,0.2325,0.2495,0.2561,0.2597,0.2618,0.2732,0.2928,0.4293,0.4313,0.439,0.4529,0.4548,0.4964,0.4984,0.5014,0.503,0.5106,0.5174,0.5235,0.5358,0.6596,0.6804,0.6876,0.6953,0.7019,0.7387,0.7553,0.7571,0.76,0.7644,0.7662,0.771,0.8766,0.8797,0.8877,0.8938,0.9041,0.9346,0.9381,0.9952,0.9974,0.9991,1.0011,1.0059,1.0109,1.0167,1.0211,1.126,1.1303,1.1369,1.1987,1.2165,1.2676,1.3473,1.5919,1.8022,1.8151,1.8251,2.018,2.1347,2.3409,2.5866,2.6066,2.6087,2.6848,2.7847,2.8257,2.8325,2.8414,2.9791,2.981,2.9828,2.9849,3.0092,3.0517,3.0538,3.0555,3.0582,3.06,3.0631,3.0664,3.0696,3.0777,3.0817,3.0888,3.2947,3.2963,3.2989,3.3008,3.3175,3.3224,3.5352,3.537,3.5389,3.5413,3.5441,3.5496,3.588,3.7942,3.7959,3.7976,3.7995,3.8014,3.8035,3.8079,3.8191,3.932,3.9339,3.9472,3.9543,3.9612,3.9639,3.9796,3.9859,4.0372,4.0397,4.0413,4.0485,4.0506,4.0536,4.0723,4.0934,4.1686,4.1749,4.1817,4.293,4.2952,4.3018,4.3093,4.5731,4.8903,5.0292,5.0311,5.0906,5.1137,5.1161,5.1489,5.1554,5.1712,5.2783,5.3056,5.5742,5.579,5.5895,5.5916,5.8033,5.9212,5.973,5.9941,5.9995,6.008,6.1134,6.1153,6.1201,6.1244,6.1298,6.1532,6.163,6.4577,6.8461,6.9299,6.9469,7.0281,7.0313,7.0333,7.054,7.0582,7.2409,7.4164,7.4184,7.5187,7.6106,7.6127,7.6237,7.7139
-1.7615,-1.6438,-1.6086,-1.5809,-1.4049,-1.3958,-1.3808,-1.3111,-1.3094,-1.2402,-1.2382,-1.1838,-1.1819,-1.1416,-1.066,-1.0508,-0.697,-0.4217,-0.2661,-0.1836,-0.1216,-0.0943,0.0195,0.0298,0.076,0.0827,0.0986,0.1739,0.2092,0.2193,0.2344,0.2375,0.2394,0.2423,0.2537,0.2556,0.2605,0.2645,0.2689,0.277,0.2795,0.3176,0.4874,0.4973,0.5002,0.5023,0.5062,0.5078,0.5113,0.5508,0.5554,0.5641,0.6439,0.6686,0.756,0.7578,0.7595,0.8965,0.9236,0.9421,0.9472,0.9846,0.9953,0.9969,0.9997,1.0047,1.0078,1.0212,1.0376,1.1217,1.2352,1.4551,1.4837,1.4853,1.5117,1.5151,1.5201,1.5499,1.7673,1.9392,2.021,2.0998,2.1019,2.1833,2.201,2.2235,2.2328,2.5411,2.5842,2.6137,2.6154,2.618,2.6266,2.6432,2.6451,2.6478,2.6702,2.9267,3.0555,3.0587,3.0641,3.0687,3.0707,3.0737,3.0816,3.099,3.1201,3.295,3.2989,3.3011,3.3028,3.3156,3.3205,3.3355,3.5342,3.5388,3.5452,3.5567,3.5725,3.5941,3.7951,3.799,3.8027,3.81,3.8179,3.8214,3.8232,3.8801,3.9179,3.936,3.9384,3.941,4.0281,4.0349,4.037,4.0388,4.0465,4.0506,4.0531,4.0611,4.0897,4.1878,4.9183,5.1039,5.2647,5.4829,5.5424,5.5487,5.5505,5.5529,6.0434,6.0745,6.1145,6.1187,6.1214,6.147,6.1703,6.6556,6.8263,6.8315,6.841,6.844,6.894,6.9829,7.0641,7.0664,7.0707,7.1061,7.1082,7.2304,7.3997,7.4794,7.5314,7.5762,7.5804,7.6178,7.6848,7.7352
-1.9306,-1.8953,-1.8744,-1.85,-1.7006,-1.1571,-1.1362,-1.1343,-1.1285,-1.1268,-1.1251,-1.12,-1.0278,-1.026,-1.0242,-0.9455,-0.9236,-0.883,-0.8814,-0.8796,-0.878,-0.77,-0.0762,-0.0399,-0.0196,0.0165,0.0185,0.0273,0.0295,0.0349,0.0552,0.1361,0.2565,0.2583,0.2612,0.2629,0.2735,0.2934,0.3416,0.3835,0.4203,0.4518,0.4957,0.4973,0.4993,0.5062,0.5118,0.5184,0.5205,0.6807,0.7548,0.757,0.7599,0.762,0.7695,0.7738,0.7775,0.9484,0.9502,1.0016,1.0827,1.3144,1.316,1.3352,1.3369,1.3481,1.3915,1.3997,1.4182,1.4215,1.4246,1.4405,1.4449,1.447,1.6294,1.6329,1.9689,2.1291,2.1343,2.1763,2.1784,2.2068,2.441,2.8199,2.8346,2.9422,3.0704,3.0754,3.0774,3.0814,3.0911,3.2972,3.3107,3.3135,3.3224,3.3326,3.3743,3.5497,3.5517,3.5544,3.5604,3.5642,3.8097,3.8143,3.8163,3.8182,3.8218,3.8242,3.8326,3.8644,4.0474,4.0491,4.052,4.0538,4.057,4.0614,4.0634,4.0657,4.0977,4.1229,4.1725,4.1767,4.1796,4.1813,4.1972,4.2015,4.3771,4.3792,4.5441,4.7644,4.854,4.879,4.9183,4.9203,4.9465,5.0225,5.1422,5.1441,5.3422,5.6039,5.6058,5.6325,5.7495,5.757,5.7634,5.7701,5.7815,5.8857,5.9616,5.9789,6.0976,6.1238,6.1304,6.1341,6.1361,6.1816,6.4188,6.5005,6.5136,6.7398,6.7738,6.9071,6.9117,6.9157,6.9704,7.0155,7.0348,7.5569,7.5614,7.7663,7.7683,7.7916,7.7941,7.7997
-1.7303,-1.6418,-1.6375,-1.5207,-1.4944,-1.2677,-1.1401,-1.1178,-1.1025,-1.075,-1.0558,-1.0311,-1.0294,-0.991,-0.9857,-0.9623,-0.9606,-0.9506,-0.9465,-0.9433,-0.941,-0.936,-0.9226,-0.8976,-0.879,-0.875,-0.688,-0.4921,-0.4606,-0.4584,-0.4562,-0.4099,-0.4042,-0.4025,-0.4003,-0.3454,-0.3423,-0.2622,-0.2173,0.0155,0.0171,0.0199,0.0215,0.0234,0.0262,0.0313,0.0538,0.056,0.2555,0.2572,0.2603,0.2674,0.2722,0.3373,0.4732,0.4969,0.4985,0.5057,0.515,0.5615,0.7567,0.7585,0.7612,0.7642,0.7796,0.7829,0.7846,0.789,0.7922,0.7974,0.804,0.8144,0.862,0.8672,0.9051,0.9341,0.9367,0.9398,0.9421,0.9487,0.951,0.9976,1.0036,1.0068,1.0142,1.016,1.0208,1.0242,1.044,1.0971,1.0989,1.1014,1.127,1.1496,1.1516,1.1544,1.1713,1.1729,1.1747,1.6088,1.6855,1.7413,1.8046,1.9193,2.0467,2.0483,2.2725,2.5191,2.9109,2.9126,2.9457,3.0717,3.0755,3.0815,3.0892,3.3146,3.317,3.3294,3.3338,3.4615,3.4637,3.4789,3.5491,3.5515,3.5544,3.5564,3.5589,3.5608,3.5706,3.8106,3.8123,3.8141,3.816,3.8179,3.8305,3.8665,4.031,4.0336,4.0514,4.0531,4.0699,4.1002,4.1342,4.1393,4.1619,4.1831,4.1852,4.2006,4.2296,4.2316,4.2925,4.3159,4.349,4.3526,4.3546,4.4653,4.489,4.4978,4.5092,4.524,4.5347,4.5369,4.8266,5.2143,5.2183,5.2463,5.2491,5.8791,6.0245,6.0522,6.1293,6.1456,6.1475,6.1594,6.1895,6.1952,6.2936,6.507,6.5092,6.7912,6.7934,6.8213,7.0594,7.0843,7.0899,7.0917,7.0935,7.1886,7.3195,7.3358,7.3399,7.5256,7.5386,7.5461,7.5481,7.5767,7.579,7.6193,7.8014,7.8048,7.8068,7.8357,7.8395,7.8695,7.9506,7.9562,7.9732,7.9757,7.996
-1.9661,-1.9374,-1.8975,-1.8933,-1.8255,-1.7957,-1.7769,-1.6851,-1.6222,-1.6181,-1.6073,-1.6056,-1.5872,-1.5844,-1.582,-1.5705,-1.5642,-1.4863,-1.4754,-1.4455,-1.3999,-1.3969,-1.395,-1.3649,-1.3584,-1.3312,-1.3002,-1.1857,-1.167,-1.16,-1.1582,-1.0974,-0.9885,-0.7127,-0.5569,-0.2651,0.0143,0.0165,0.0198,0.0226,0.035,0.0489,0.0642,0.1797,0.2568,0.2603,0.2751,0.35,0.372,0.4147,0.4303,0.4951,0.4973,0.5012,0.5039,0.5154,0.5404,0.7556,0.7583,0.7622,0.7647,0.7756,0.8102,0.9536,0.9578,0.9605,0.9965,0.9991,1.042,1.3745,1.4323,1.4344,1.4367,1.4391,1.4868,1.6903,1.7238,1.9333,1.9353,2.1073,2.1091,2.2315,2.4322,2.5452,2.5506,2.7852,2.7873,2.7897,2.7938,2.7959,2.7989,2.802,3.0555,3.0572,3.0607,3.0623,3.0643,3.0677,3.0739,3.0827,3.0863,3.2944,3.2965,3.2985,3.3049,3.315,3.3442,3.4058,3.4279,3.4297,3.4862,3.536,3.5383,3.5399,3.5447,3.5529,3.5639,3.5999,3.726,3.7947,3.7965,3.799,3.8015,3.8033,3.8076,3.8148,3.8415,3.8472,4.0362,4.04,4.0418,4.054,4.0735,4.0785,4.1413,4.1549,4.1797,4.1966,4.2111,4.2134,4.5232,4.7387,4.7418,4.8394,4.8482,4.8499,4.8975,4.9006,4.9075,4.9338,4.9356,4.9676,4.9914,5.1248,5.1317,5.1524,5.1561,5.1691,5.1955,5.1974,5.3572,5.4424,5.8472,5.8539,5.8677,5.8843,5.8957,6.0973,6.0994,6.1017,6.1037,6.108,6.1135,6.1412,6.1537,6.7975,6.805,6.8272,6.8291,6.8329,6.8503,6.852,6.8604,6.8628,6.8646,7.0471,7.0587,7.0902,7.0961,7.1043,7.1195,7.2711,7.3976,7.4567,7.4899,7.6751
