-0.8226,-0.4893,-0.2473,-0.0048,0.0145,0.0166,0.0197,0.0231,0.0269,0.0315,0.0336,0.0355,0.0396,0.043,0.3966,0.4003,0.4126,0.4237,0.5009,0.5163,0.5244,0.5953,0.6003,0.6031,0.6096,0.6141,0.6174,0.6236,0.9948,0.9965,0.9995,1.0066,1.018,1.0259,1.4583,3.0558,3.0578,3.0596,3.0654,3.0765,3.0832,3.0848,3.4215,3.428,3.4332,3.4357,3.4436,3.4454,3.456,3.5376,3.5461,3.5564,3.6356,3.6373,3.6404,3.6431,3.6569,3.6586,4.0346,4.0393,4.0431,4.0488,4.0573,4.0645,4.5981,6.0984,6.1002,6.104,6.1091,6.1126,6.2842,7.2621,7.3655
-0.7751,-0.6368,0.0152,0.0171,0.0276,0.0319,0.0352,0.0379,0.3949,0.3975,0.3996,0.403,0.4154,0.4291,0.436,0.4929,0.4983,0.5022,0.5175,0.5972,0.6245,0.9952,0.9995,1.0062,1.0149,1.0166,3.0698,3.0718,3.08,3.082,3.0912,3.0928,3.4504,3.4544,3.464,3.471,3.5541,3.5571,3.5654,3.6522,3.6564,3.6643,4.0517,4.0547,4.0567,4.0603,4.8438,5.7385,6.0518,6.1145,6.1163,6.1202
-1.7235,-1.3453,-0.2469,0.0151,0.0168,0.0237,0.0254,0.0271,0.0388,0.0417,0.0454,0.3966,0.3994,0.4023,0.4042,0.4164,0.4182,0.4327,0.5432,0.5951,0.604,0.6095,0.6164,0.9951,0.9971,0.9996,1.0086,1.015,1.0168,1.2165,2.3934,2.4313,2.4382,3.0544,3.0691,3.0755,3.0788,3.4344,3.4407,3.4441,3.46,3.5365,3.5563,3.6343,3.6369,3.6387,3.6544,3.6673,4.0359,4.0387,4.0482,4.8701,5.798,5.8161,6.0972,6.0993,6.101,6.8677,6.8964
-1.7105,-1.4752,-1.0404,-0.902,-0.6122,0.0141,0.0162,0.0194,0.0235,0.0307,0.4008,0.4062,0.4122,0.4217,0.4269,0.4287,0.4954,0.5,0.5079,0.5143,0.5184,0.5203,0.5962,0.5994,0.6014,0.6031,0.9651,0.9958,0.9998,1.0112,1.0262,1.5499,2.7735,2.9723,3.0542,3.06,3.0632,3.0715,3.0798,3.0819,3.4349,3.4379,3.4403,3.4435,3.4453,3.4521,3.4631,3.5346,3.5506,3.6358,3.6378,3.6562,3.658,3.7938,3.8029,4.0336,4.0354,4.0379,4.042,4.0448,4.051,4.0529,4.055,4.0635,4.4679,4.6003,5.1433,5.6227,5.6422,6.1037,6.63,7.226,7.4191,7.4598
-1.5346,-0.9432,-0.9416,-0.94,-0.6557,0.0188,0.0293,0.0411,0.4,0.4096,0.4114,0.418,0.4244,0.4278,0.4995,0.5041,0.5278,0.5954,0.5974,0.6014,0.9959,0.9995,1.0013,1.0155,1.0197,1.0217,1.0253,3.0528,3.0548,3.0622,3.0647,3.0694,3.0794,3.0812,3.4343,3.4388,3.4521,3.4571,3.4724,3.5348,3.5371,3.541,3.5449,3.5488,3.6238,3.6348,3.6391,3.6408,3.6472,3.6488,3.6651,4.0217,4.0347,4.0391,4.0501,5.0203,5.2339,5.2401,6.0446,6.0997,6.1014,6.1036,6.1066,6.1161
-0.0086,0.0143,0.0198,0.0218,0.0238,0.0287,0.0443,0.3253,0.3325,0.3959,0.4,0.4018,0.408,0.4164,0.4224,0.5003,0.5026,0.5089,0.5289,0.5996,0.6075,0.9958,0.9975,0.9995,1.0074,1.0094,1.017,1.0191,1.0238,1.7435,3.0546,3.0579,3.0655,3.0672,3.0689,3.0751,3.0825,3.3732,3.4354,3.4386,3.4561,3.463,3.4648,3.5351,3.5392,3.5455,3.5494,3.5544,3.6344,3.6362,3.6394,3.6478,3.8016,3.87,4.0349,4.0386,4.0432,4.0471,4.0548,4.0567,4.0633,4.4627,4.7592,6.099,6.1007,6.1033,6.3283,7.0014,7.5585
-1.7601,-1.7301,-1.1086,-0.7882,0.0157,0.0195,0.0232,0.0251,0.0405,0.0423,0.046,0.0487,0.197,0.209,0.3993,0.4092,0.4279,0.4323,0.4954,0.4971,0.4995,0.5031,0.5075,0.5095,0.5167,0.5969,0.5992,0.6017,0.6167,0.6222,0.7259,0.997,1.0082,1.0177,1.0271,2.1766,2.4089,2.4263,3.055,3.0582,3.0603,3.0631,3.0676,3.0755,3.0775,3.084,3.3003,3.4351,3.438,3.4475,3.4566,3.4594,3.4615,3.4691,3.4709,3.5348,3.5397,3.5581,3.6361,3.6417,3.6621,3.8447,3.8491,4.0359,4.0393,4.0428,4.0559,4.0593,4.0615,4.0666,4.7391,4.9638,5.3861,6.0979,6.0995,6.1137,7.5148,7.674
0.0166,0.0212,0.0239,0.0271,0.0375,0.3962,0.4053,0.4107,0.4158,0.4179,0.5006,0.5046,0.5176,0.5973,0.6016,0.6134,0.6179,0.8583,0.9968,1.0004,1.0063,1.0098,1.0159,1.0179,1.0931,1.2351,1.4008,2.9116,3.055,3.0571,3.0601,3.0677,3.0761,3.0844,3.4406,3.4455,3.5367,3.5403,3.5434,3.5471,3.5679,3.6443,3.6466,3.6529,3.6572,3.6588,4.0356,4.0401,4.0418,4.0447,4.0484,4.0609,4.6621,4.9311,5.0197,6.0975,6.0992,6.1014,6.1114,6.1133,6.4023,7.4091,7.4542
-1.1158,0.0207,0.0243,0.0262,0.0345,0.4021,0.404,0.4059,0.4086,0.5007,0.5024,0.5062,0.5978,0.6038,0.9967,0.9988,1.001,1.0056,1.0072,2.0896,2.1289,3.0082,3.0132,3.0561,3.0649,3.0716,3.0762,3.258,3.4361,3.4413,3.4446,3.4483,3.5354,3.5375,3.5437,3.5538,3.6359,3.6406,3.6436,3.6583,4.0434,4.3669,4.7618,4.9099,6.1022,6.1063,7.2791,7.5068,7.5685
-1.2405,-0.6594,-0.104,0.0148,0.0199,0.0325,0.0354,0.0404,0.3958,0.3977,0.4019,0.4104,0.4142,0.4201,0.4234,0.4973,0.5026,0.5068,0.5124,0.5968,0.5998,0.6018,0.6039,0.6131,0.6184,0.6269,0.9959,1,1.0029,1.0083,1.0123,1.018,1.0268,1.1526,2.0438,2.3508,2.7231,3.0548,3.0584,3.0755,3.0774,3.0843,3.4344,3.4387,3.4425,3.4465,3.4578,3.4598,3.4615,3.5343,3.5406,3.5481,3.5557,3.5596,3.6361,3.6382,3.6401,3.8497,3.8677,4.0386,4.0418,4.0497,4.0536,4.0601,4.0618,4.6624,5.0428,5.1225,5.1877,5.8988,6.1021,6.3013,6.3359,6.3607,6.5902,6.6812,7.0322,7.1356,7.1826,7.3087
-1.8256,-1.4943,-1.4538,-1.0924,-0.7494,-0.4387,-0.0236,0.0156,0.0218,0.0252,0.0292,0.0406,0.3966,0.4024,0.404,0.4058,0.4095,0.4158,0.497,0.5051,0.5094,0.5147,0.5183,0.6013,0.6058,0.6164,0.9959,0.9993,1.0014,1.0048,1.0083,1.6787,2.4542,2.4559,2.9807,3.0559,3.0578,3.0789,3.4357,3.4394,3.4448,3.4655,3.4676,3.5364,3.5412,3.546,3.5563,3.5609,3.5629,3.6349,3.6367,3.6383,3.6423,4.0342,4.0386,4.0406,4.0429,4.0457,4.0545,4.0651,4.852,4.8568,5.3759,6.0981,6.1046,6.3324,6.3731,6.4864,6.746,6.7809,7.1374,7.4499,7.4549
-0.9333,-0.7492,-0.3464,-0.3443,0.0163,0.018,0.0234,0.0278,0.0338,0.0537,0.3961,0.3981,0.4143,0.4161,0.5007,0.516,0.5965,0.5985,0.6032,0.6096,0.6161,0.9085,1.0013,1.0047,1.0088,1.0164,1.0775,2.496,2.7898,3.0573,3.0627,3.4497,3.4543,3.5355,3.5375,3.541,3.5536,3.5554,3.6348,3.6417,3.6441,3.6565,3.6646,3.84,4.0362,4.0416,4.0587,4.2182,4.931,5.1087,5.9328,5.9464,5.9587,6.0978,6.1029,6.3403,6.3439,6.4498,7.2335,7.559
-1.7272,-0.1455,0.0144,0.0165,0.0201,0.0219,0.0275,0.0319,0.0426,0.0909,0.2686,0.3957,0.3998,0.4037,0.4074,0.4207,0.5018,0.505,0.5071,0.5233,0.6015,0.6168,0.9957,0.9995,1.0014,1.0035,1.0099,1.0134,1.0216,1.0233,2.5091,2.5747,2.7144,2.7589,3.0546,3.0604,3.064,3.0673,3.0709,3.076,3.3855,3.435,3.4449,3.4544,3.4583,3.4641,3.4684,3.47,3.5352,3.5371,3.5404,3.5545,3.5602,3.6343,3.6361,3.6397,3.6446,3.6536,3.6568,3.6597,3.6615,4.0341,4.0402,4.0437,4.0588,4.3409,4.5114,4.5958,4.5984,4.9761,5.1917,5.1992,5.4513,6.101,6.1046,6.196,6.2713,6.2768,6.4894,7.3429
-1.7661,-1.7645,-1.6545,-1.648,-1.5777,0.0156,0.0196,0.0216,0.0241,0.026,0.0288,0.0386,0.0482,0.3562,0.396,0.3989,0.4124,0.4268,0.4286,0.4356,0.4957,0.5,0.5142,0.5946,0.5964,0.5999,0.603,0.9584,0.9652,0.9949,0.9965,1.0167,1.0331,1.0946,1.4169,1.5986,1.791,1.934,1.9587,2.3979,2.4609,3.0549,3.0585,3.0711,3.0765,3.0819,3.0869,3.4337,3.4354,3.439,3.4409,3.4513,3.4704,3.526,3.5333,3.5353,3.538,3.5398,3.5505,3.5559,3.5618,3.5656,3.6396,3.6421,3.6625,4.0329,4.0348,4.0385,4.0448,4.0522,4.0583,4.0668,4.7713,4.773,5.3029,5.4175,5.4895,6.1049,6.1115
-1.7082,-1.2309,-0.4973,-0.3136,-0.3096,0.016,0.02,0.0242,0.0421,0.2164,0.3997,0.4062,0.4121,0.4167,0.4195,0.4323,0.4989,0.5028,0.5071,0.5107,0.5126,0.5161,0.5259,0.5992,0.6026,0.6221,0.6237,0.996,0.9995,1.0013,2.9009,3.055,3.0578,3.0611,3.0651,3.0686,3.322,3.3636,3.4063,3.4346,3.4392,3.4412,3.4479,3.4614,3.4633,3.5456,3.5553,3.5644,3.636,3.6388,3.6409,3.6454,3.6475,3.655,3.6613,4.0375,4.0393,4.0412,4.0496,4.0732,4.6369,5.122,6.1002,6.1035,6.1058,6.1719,6.3403,6.4681,7.3736,7.3822,7.675

0.0175,0.0208,0.0248,0.0298,0.0334,0.0374,0.396,0.4004,0.4038,0.4083,0.4975,0.5015,0.5157,0.5313,0.5976,0.6023,0.6055,0.6146,0.9974,1.002,1.014,1.0165,1.2847,2.2562,3.0613,3.0631,3.0682,3.2276,3.2966,3.3043,3.3076,3.312,3.3137,3.5375,3.5479,3.5543,3.7947,3.7974,3.8002,3.8051,4.0373,4.0412,4.0453,6.0986,6.1099,6.4254
-1.4858,-1.4765,-1.0348,0.0148,0.0194,0.0211,0.0246,0.0316,0.0371,0.3999,0.4017,0.405,0.414,0.4182,0.4966,0.4989,0.5151,0.5245,0.5951,0.597,0.6057,0.6141,0.9958,1.0142,1.0205,1.8083,2.2313,2.3079,3.0538,3.0557,3.0595,3.0622,3.0668,3.0709,3.0727,3.2951,3.2992,3.3013,3.3065,3.3114,3.3139,3.3191,3.5352,3.5383,3.5404,3.5429,3.5526,3.7528,3.795,3.7988,3.8009,3.8055,3.8076,3.8147,4.0344,4.0441,4.055,5.0305,5.034,5.0494,5.5055,6.0988,6.1008,6.1119,7.1588,7.4541
-0.8372,-0.7336,-0.3148,-0.2859,0.0155,0.0234,0.034,0.0367,0.0384,0.0453,0.0491,0.3958,0.3988,0.4006,0.4134,0.4456,0.4966,0.5011,0.5102,0.5186,0.528,0.5953,0.5992,0.603,0.6047,0.9951,0.9989,1.001,1.0106,1.017,1.1136,1.5971,1.9795,2.264,2.4313,3.0587,3.0619,3.0651,3.0709,3.0782,3.085,3.2942,3.3002,3.3154,3.462,3.535,3.539,3.5427,3.7931,3.7976,3.8003,3.805,3.8105,4.036,4.038,4.04,4.045,4.0508,6.1007,6.105,6.1092,6.1113,6.4828,6.7531
-1.4995,-1.4742,-1.4718,-1.4679,-1.2929,-0.7917,-0.7068,0.0184,0.0247,0.0321,0.034,0.0378,0.0451,0.2442,0.3955,0.4004,0.4959,0.5022,0.508,0.5104,0.5245,0.6006,0.6091,0.8056,0.9979,0.9999,1.0079,1.0182,1.0267,1.9677,2.1692,2.7904,3.0545,3.0565,3.0587,3.0674,3.0695,3.0763,3.082,3.0916,3.2943,3.2989,3.3082,3.3147,3.3239,3.3433,3.5348,3.5389,3.5429,3.5589,3.717,3.7253,3.795,3.7969,3.8006,3.8022,3.8084,4.0384,4.0412,4.0442,4.0489,6.0993,6.1012,6.1035,6.1091,7.4348,7.6387,7.6435,7.6503
0.0216,0.0281,0.038,0.0424,0.3947,0.4017,0.4059,0.4103,0.4158,0.424,0.4259,0.496,0.4992,0.5014,0.51,0.5971,0.6001,0.6065,0.6128,0.6224,0.6348,0.9956,0.9974,1.0052,1.0075,1.0095,1.0155,1.0243,3.054,3.0678,3.0705,3.0764,3.0839,3.2973,3.2993,3.3028,3.3084,3.3164,3.3316,3.525,3.5345,3.5391,3.543,3.5487,3.7939,3.796,3.7982,3.8002,3.8041,3.8081,3.8171,3.8213,4.0351,4.0383,4.0419,4.0459,4.0585,5.0888,5.463,5.4733,6.0982,6.1,6.1053,6.1973,6.2251,6.3248,6.9994
-1.8955,-1.7672,-1.7656,-1.7615,-1.5255,-0.3993,0.0165,0.024,0.0317,0.0363,0.0398,0.0417,0.0455,0.3202,0.3974,0.3995,0.4023,0.4067,0.413,0.4209,0.5006,0.503,0.505,0.5103,0.5213,0.6013,0.603,0.609,0.6201,0.6485,0.9958,0.9978,1.0016,1.0069,1.0213,1.4159,1.5701,2.0943,2.1992,2.4522,3.0551,3.0596,3.0613,3.0647,3.0767,3.0839,3.2941,3.2959,3.2994,3.5341,3.5401,3.5427,3.5447,3.5512,3.5586,3.5658,3.7961,3.7983,3.8005,3.8023,3.8067,3.8108,4.0351,4.037,4.0394,4.042,4.046,4.0573,4.1049,4.2932,5.1265,5.4974,5.5587,5.7955,6.1002,6.1038,6.1068,6.1131,6.1346,6.6697,6.8373,6.8455,6.884,6.8857,6.8965,6.9205,7.3073,7.3624
0.0164,0.0201,0.0235,0.0265,0.0314,0.3966,0.3999,0.4036,0.4061,0.4088,0.4108,0.4163,0.4181,0.4974,0.5014,0.5168,0.5185,0.6003,0.6019,0.6059,0.6115,0.6164,0.6182,0.624,0.8246,0.8281,0.8408,0.8427,0.9307,0.9958,1.0007,1.0114,1.0149,1.0262,3.0549,3.0592,3.0705,3.0751,3.294,3.2998,3.3076,3.318,3.5342,3.5359,3.5403,3.5486,3.5525,3.5542,3.5561,3.5587,3.7938,3.7955,3.8002,3.8053,3.8103,3.8158,3.8216,4.0389,4.0406,4.0435,4.0456,4.0491,4.0532,4.0554,5.6831,5.6852,5.946,6.1005,6.1023,6.1057,6.111,6.339,6.3411,6.7755,7.2285
-1.8334,-1.6333,-1.6303,-1.5049,-0.3353,0.0169,0.019,0.0208,0.0275,0.032,0.0339,0.0378,0.042,0.0704,0.3968,0.3997,0.4059,0.4126,0.416,0.4221,0.4372,0.4955,0.4972,0.5012,0.5146,0.5175,0.6002,0.6242,0.9957,1.0001,1.0062,1.0119,1.0158,3.0553,3.0595,3.065,3.0731,3.077,3.2936,3.2969,3.2989,3.3088,3.3132,3.5262,3.5354,3.5399,3.5467,3.565,3.6026,3.7943,3.7992,3.8012,3.8068,3.8116,3.8153,3.8294,4.035,4.0391,4.0414,4.0497,4.0519,4.0546,4.0577,4.065,4.2497,4.6458,5.1967,5.2993,5.8557,5.9642,5.9736,5.9754,6.0989,6.1019,6.5758,6.9345,7.0541,7.1265,7.3395
-1.5173,-1.2152,-1.0633,-0.5809,0.0149,0.0196,0.0224,0.0266,0.0284,0.0378,0.0442,0.0462,0.3041,0.3554,0.3967,0.3989,0.4052,0.4096,0.4154,0.4175,0.4224,0.4267,0.496,0.4977,0.5056,0.5093,0.5163,0.518,0.5304,0.5975,0.6001,0.6182,0.6246,0.995,0.9996,1.0028,1.008,1.0163,1.0182,1.0249,1.0826,1.5141,2.0528,2.4255,3.0538,3.0556,3.0586,3.0642,3.0682,3.0737,3.0781,3.0845,3.2939,3.2956,3.2987,3.3063,3.3152,3.3187,3.3204,3.5342,3.536,3.5388,3.5429,3.5479,3.5611,3.5713,3.7955,3.8002,3.806,3.8136,3.8172,4.0341,4.0358,4.0419,4.0482,4.0554,4.0593,4.0624,4.6379,5.8164,6.099,6.1013,6.7384,7.0996
-1.5868,-0.6247,-0.4969,0.017,0.0199,0.0243,0.0286,0.0371,0.0446,0.3972,0.3992,0.4039,0.4173,0.4229,0.4975,0.5032,0.509,0.5168,0.5974,0.6003,0.6118,0.9962,1.0002,1.0021,1.005,1.0234,1.0943,1.5753,1.5968,1.8148,2.1977,2.2022,2.5528,3.0541,3.0558,3.0627,3.0657,3.0709,3.0756,3.0839,3.2942,3.3024,3.3049,3.5353,3.5392,3.5435,3.5464,3.5633,3.7962,3.7991,3.8016,3.8039,4.0349,4.0366,4.0411,4.0542,4.0595,4.8205,5.2211,5.5776,5.7705,6.0985,6.1022,6.3231,6.3645,7.0148,7.4659
-1.414,-1.1616,-0.2925,-0.2632,-0.0092,0.0159,0.0221,0.0249,0.0356,0.0374,0.055,0.3948,0.3994,0.4078,0.4245,0.4293,0.4431,0.5035,0.5141,0.5173,0.5985,0.6056,0.802,0.9954,0.9973,1.0007,1.0155,1.0294,1.6365,1.6943,1.7844,1.8137,1.8371,3.0551,3.0618,3.0686,3.0727,3.0767,3.0799,3.2768,3.2956,3.3008,3.3063,3.3129,3.3148,3.5344,3.5542,3.7948,3.798,3.8025,3.8128,3.8198,3.832,3.9496,4.0351,4.0401,4.0447,4.0516,4.0536,4.8739,6.1007,6.1197,6.3888,6.3933,6.6721,6.7241,6.9665,6.9685,7.2522,7.6123
-0.4992,-0.2977,-0.1819,-0.1597,0.0226,0.0243,0.0275,0.0302,0.0353,0.0415,0.0488,0.0545,0.3956,0.4041,0.4112,0.4133,0.4199,0.4261,0.4949,0.4998,0.5061,0.5123,0.5184,0.5966,0.5999,0.6132,0.9938,0.9954,1.0076,1.0158,1.1684,1.7985,2.0401,2.2955,2.7151,2.8838,3.0703,3.0747,3.0787,3.0976,3.1107,3.3091,3.3108,3.3141,3.3191,3.3315,3.339,3.3481,3.5492,3.5508,3.5544,3.5592,3.8097,3.814,3.8158,3.8201,3.8257,3.8302,3.8378,4.0493,4.0535,4.0552,4.059,4.0724,4.0774,4.0857,4.3695,4.4325,4.5314,4.7498,5.5037,6.1184,6.1211,6.4032,7.0692,7.0709,7.3572
-1.6967,-1.5026,-1.3787,-0.6003,0.0148,0.0192,0.0234,0.0362,0.0383,0.045,0.0476,0.3946,0.3963,0.3991,0.4103,0.4159,0.4239,0.4257,0.4956,0.4996,0.5017,0.5085,0.5174,0.5244,0.5951,0.6008,0.6243,0.6276,0.9958,0.9998,1.002,1.018,1.0277,1.9868,2.2524,2.908,3.07,3.075,3.0824,3.0903,3.0959,3.0991,3.1008,3.107,3.3092,3.3129,3.3167,3.3205,3.3253,3.3457,3.4791,3.5493,3.5548,3.5567,3.5651,3.571,3.5789,3.8094,3.8156,3.8177,3.8239,3.8312,3.8386,4.0492,4.051,4.055,4.0598,4.0645,4.0798,4.0815,4.5772,5.0693,5.5252,5.6698,5.9553,5.9841,6.1309,6.1343,6.2949,6.8856,6.8876,7.0694,7.2635
-1.5458,-1.2866,-1.285,-1.1634,-1.1604,-1.0709,-0.6636,0.0016,0.0156,0.0179,0.0209,0.0347,0.0364,0.0384,0.0412,0.0432,0.0464,0.3947,0.3965,0.3985,0.4005,0.4048,0.4077,0.4218,0.4957,0.4976,0.4998,0.508,0.5166,0.5952,0.5971,0.6013,0.6167,0.6188,0.6248,0.6266,0.7694,0.9956,1.0014,1.006,1.013,1.0154,1.0195,1.0241,1.4732,1.6104,1.921,3.0542,3.056,3.0587,3.0612,3.0755,3.1092,3.2952,3.3047,3.3066,3.3162,3.3233,3.3333,3.5337,3.5357,3.5387,3.5406,3.5621,3.5724,3.7942,3.796,3.7988,3.8054,3.8253,4.0354,4.0393,4.0427,4.0565,4.0603,4.4136,4.4466,4.7557,5.9952,6.082,6.0991,6.1009,6.1089,6.4008,6.818,6.8332,6.9817,7.1
0.0158,0.0177,0.0332,0.0386,0.3591,0.3611,0.3951,0.4024,0.6052,0.9522,0.9809,0.9981,1.0041,1.0071,1.0201,1.0553,3.0557,3.0633,3.0712,3.0751,3.2959,3.2995,3.3046,3.3128,3.4883,3.5355,3.5378,3.5416,3.5525,3.8014,3.8061,3.8132,3.8182,3.8616,4.0371,4.0407,4.0445,4.0518,4.0539,4.0568,5.9395,6.0983,6.1002,6.1033,6.6864,7.0652,7.2219,7.5213

0.0169,0.0269,0.0409,0.0443,0.2554,0.2592,0.2691,0.4963,0.4999,0.5034,0.5176,0.5254,0.7569,0.759,0.7618,0.7673,0.7711,0.7752,0.7824,0.9952,0.9985,1.0005,1.0025,1.0076,1.0185,1.825,1.8579,2.7185,2.8911,3.0698,3.075,3.0794,3.0821,3.0887,3.0907,3.0927,3.4095,3.4498,3.4521,3.4554,3.4603,3.4658,3.475,3.4771,3.5551,3.5725,3.5756,3.6525,3.6554,3.66,3.6691,3.671,3.6726,3.7631,4.0504,4.0527,4.055,4.0588,5.0639,6.1155,6.1182,6.1633,6.3678,6.4894,7.0791
-1.447,-1.4454,-1.3746,-0.6452,-0.0968,0.0166,0.0211,0.0251,0.0335,0.039,0.2593,0.2674,0.2725,0.2794,0.2819,0.3118,0.3198,0.4952,0.5032,0.5117,0.5136,0.7627,0.7661,0.768,0.7751,0.777,0.9949,0.9969,1.0014,1.0096,1.0145,1.7215,1.8311,2.9451,3.0717,3.075,3.0816,3.0833,3.0881,3.4507,3.4551,3.4584,3.5559,3.5576,3.5685,3.5741,3.6496,3.6513,3.6565,3.6808,4.0574,4.0709,4.3772,4.4089,6.1178,6.134,6.1404,6.147
-1.4701,-1.4528,-0.7679,-0.7429,0.0158,0.0202,0.022,0.0242,0.0286,0.0322,0.2552,0.259,0.2637,0.2747,0.2814,0.495,0.4992,0.5071,0.525,0.7551,0.7601,0.7653,0.8535,1.0001,1.0018,1.0052,1.0211,1.0234,3.0707,3.0761,3.0876,3.0896,3.1045,3.451,3.453,3.4623,3.4756,3.4923,3.5497,3.5518,3.5557,3.5576,3.5807,3.6507,3.6554,3.6575,3.6709,4.003,4.0091,4.0306,4.0488,4.0525,4.0556,4.0588,4.0666,4.0767,4.4275,4.4295,5.0233,5.5562,5.7112,6.13,6.1316,6.1346,6.1391,6.7489,6.7534,7.5905
-1.8543,-1.2134,-1.1841,-1.1532,-0.6575,0.0157,0.0242,0.0285,0.0353,0.0412,0.043,0.2603,0.2654,0.2811,0.2855,0.4942,0.4966,0.4988,0.5009,0.5061,0.5124,0.5141,0.7556,0.7579,0.771,0.7757,0.7822,0.996,0.9992,1.0072,1.014,1.0182,1.0262,1.2042,2.5645,3.0541,3.0589,3.0635,3.0721,3.0742,3.435,3.4387,3.4436,3.4542,3.4575,3.5351,3.5392,3.545,3.5646,3.6349,3.6393,3.6426,3.6455,3.6472,3.6529,3.6575,3.6628,4.0348,4.0379,4.04,4.044,4.0536,4.1106,4.1503,5.9284,6.099,6.1011,6.1039,6.1062,6.7107,6.7288,6.7794,7.382,7.4519,7.4667,7.525
0.0136,0.0152,0.0201,0.0282,0.0351,0.037,0.0387,0.0437,0.0455,0.0498,0.2565,0.26,0.2683,0.2701,0.2765,0.2789,0.2841,0.286,0.4084,0.4957,0.5018,0.5092,0.5191,0.524,0.5795,0.7561,0.7593,0.7642,0.778,0.9867,1.0002,1.004,1.0076,1.0165,1.0249,1.2846,1.889,1.8907,1.9282,2.5234,3.0703,3.0753,3.0803,3.0824,3.0931,3.1008,3.3265,3.4502,3.453,3.4604,3.4623,3.4732,3.4942,3.55,3.5516,3.5548,3.5628,3.5652,3.5732,3.6524,3.655,3.6635,3.6769,4.0509,4.0534,4.0586,4.0703,4.0765,4.0798,4.9619,5.1148,6.1144,6.1183,6.2644,6.3353,6.9545,7.3482,7.5814
-1.6161,-1.5833,-1.1949,-1.1734,0.0154,0.0173,0.0193,0.0214,0.0263,0.0347,0.0448,0.0477,0.0524,0.2759,0.2844,0.2863,0.4955,0.5008,0.5142,0.5164,0.5205,0.5759,0.7548,0.7571,0.7596,0.7612,0.7653,0.7745,0.7776,0.7824,0.9952,0.9979,1,1.0184,1.0223,1.4403,2.6939,3.0552,3.0605,3.0634,3.0677,3.0733,3.0758,3.0804,3.3258,3.414,3.4342,3.4361,3.4396,3.4445,3.4462,3.4527,3.4547,3.4589,3.4755,3.4984,3.5345,3.5377,3.5468,3.5572,3.559,3.6449,3.6469,3.6538,3.6561,3.8472,4.0392,4.0569,4.0614,4.0677,4.1289,5.2554,6.0991,6.1039,6.2812,6.822,6.9215,7.3702
-1.9416,-1.5613,0.0157,0.0176,0.0236,0.0255,0.0282,0.0322,0.2572,0.2643,0.2691,0.2822,0.4973,0.5023,0.5043,0.5064,0.7551,0.7584,0.7617,0.7635,0.7655,0.7695,0.9951,1.1669,1.194,1.6112,1.7934,3.0539,3.0565,3.063,3.0777,3.4358,3.4374,3.4414,3.4485,3.5377,3.5404,3.5442,3.5526,3.5557,3.5657,3.6369,3.6412,3.6437,3.6509,3.6537,4.0371,4.0456,4.7689,5.2056,5.748,6.1149,6.1165,6.1204,6.9295,7.1716,7.1881,7.2553,7.436
-1.3208,-0.6118,-0.1786,-0.0186,0.0151,0.0203,0.0285,0.0322,0.0378,0.0497,0.2565,0.2654,0.2873,0.3226,0.3247,0.4953,0.4974,0.4994,0.5113,0.5133,0.5179,0.5211,0.755,0.757,0.7623,0.7709,0.9951,0.997,1.0003,1.0131,1.02,1.3066,1.3849,2.1192,2.4381,3.0549,3.0588,3.062,3.0698,3.0719,3.0763,3.0815,3.4339,3.4359,3.44,3.4458,3.4513,3.4583,3.5496,3.5537,3.5694,3.6411,3.6512,3.655,3.9695,4.0338,4.0411,4.0498,4.0531,4.0635,4.0662,4.4918,4.6189,5.0761,5.4151,6.0343,6.0988,6.1009,6.1067,6.1109,6.7093,6.9447,7.3964,7.6427,7.6447
-0.5082,-0.5065,-0.2429,0.0165,0.0193,0.0214,0.0273,0.0307,0.036,0.0428,0.0456,0.224,0.2258,0.2546,0.2564,0.2588,0.2629,0.2672,0.2758,0.2857,0.2874,0.4961,0.5001,0.5082,0.5152,0.7551,0.7596,0.7632,0.7702,0.7762,0.7785,0.7841,0.883,0.9955,0.9996,1.0045,1.0078,1.0265,1.825,3.0539,3.056,3.0587,3.061,3.0654,3.0671,3.0752,3.0811,3.0854,3.4342,3.4386,3.441,3.4454,3.4471,3.4564,3.4632,3.5491,3.5538,3.5725,3.6444,3.6552,3.6572,3.671,4.0342,4.0389,4.045,4.0477,4.8148,6.0975,6.0996,6.1042,6.1068,6.3596,7.4373
-1.4464,-1.1592,-0.5635,0.0164,0.0208,0.0286,0.0307,0.0357,0.0377,0.0398,0.043,0.0449,0.2552,0.2624,0.2677,0.2735,0.2807,0.497,0.5038,0.5059,0.5173,0.7549,0.7568,0.7587,0.7606,0.7699,0.7749,0.7769,0.787,0.9895,0.9947,0.9996,1.016,2.5225,3.0553,3.0571,3.0594,3.0624,3.0656,3.0702,3.0755,3.0779,3.4378,3.4463,3.4558,3.4576,3.461,3.4661,3.4873,3.5341,3.536,3.5455,3.6351,3.645,3.6545,3.6603,3.9945,4.0343,4.0399,4.0562,4.0625,4.3334,6.1001,6.103,6.1076,6.1114,6.6494,7.4945,7.5007
-1.2078,-0.0407,0.0145,0.0209,0.0249,0.0278,0.0351,0.041,0.0431,0.257,0.2589,0.2611,0.2651,0.2757,0.2817,0.4952,0.4969,0.5007,0.5038,0.5057,0.5147,0.5173,0.5243,0.5888,0.7567,0.7595,0.7624,0.7666,0.7745,0.7762,0.9956,1.0007,1.0159,1.0176,1.4516,1.5205,1.6751,1.9334,1.9518,2.0076,2.502,3.0562,3.0605,3.0648,3.0667,3.0737,3.0818,3.4363,3.4396,3.4414,3.4452,3.4525,3.4546,3.4588,3.6367,3.6397,3.6451,3.6486,3.6505,3.6562,3.6589,4.039,4.0434,4.0502,4.0538,4.6613,5.4632,6.0982,6.1023,6.1049,6.1072,6.1153,6.4167,6.5402
-1.4531,-1.3982,-1.3921,-0.6123,-0.3325,0.0156,0.02,0.0219,0.0292,0.0351,0.1996,0.2589,0.2636,0.2866,0.496,0.5001,0.5043,0.5119,0.5195,0.574,0.7554,0.7571,0.7614,0.765,0.7731,0.7749,0.7782,0.7834,0.9998,1.0038,1.0154,1.5187,1.9785,3.0041,3.0547,3.0575,3.066,3.0725,3.0767,3.0794,3.1862,3.4356,3.4418,3.4546,3.5463,3.5547,3.5638,3.6352,3.6368,3.6447,4.0347,4.0366,4.0399,4.0419,4.0464,4.0544,4.0629,4.968,5.8845,6.0976,6.3267,6.3802,6.4805,6.7624
-0.6051,-0.6013,-0.1988,-0.1751,-0.13,0.0142,0.0162,0.0188,0.0243,0.0311,0.0332,0.0405,0.0472,0.2054,0.2546,0.2593,0.264,0.2763,0.2847,0.2922,0.4279,0.4624,0.5006,0.503,0.5112,0.5199,0.5216,0.7565,0.7596,0.7648,0.7667,0.7712,0.7731,0.9957,0.9989,1.0218,1.3704,1.4695,2.1817,2.4428,2.4447,2.4465,2.457,3.07,3.0763,3.0791,3.0861,3.0933,3.1047,3.1066,3.4488,3.4511,3.4565,3.4609,3.4669,3.4695,3.4819,3.4842,3.5558,3.5585,3.5619,3.5637,3.5683,3.5744,3.6509,3.6568,3.6608,3.6674,3.6752,3.6933,4.0512,4.0544,4.0562,4.061,4.0686,4.0787,4.0803,6.0798,6.1153,6.1197,6.1237,6.8467,6.8524,6.9084,7.1191,7.1222,7.1331
-1.4596,-0.6938,-0.4917,0.0134,0.0155,0.0198,0.0218,0.0254,0.0299,0.0362,0.0391,0.0484,0.0555,0.2547,0.2597,0.2617,0.2674,0.2737,0.2763,0.2859,0.2934,0.4948,0.4997,0.5059,0.5109,0.5159,0.5224,0.5256,0.6619,0.755,0.7596,0.7718,0.7813,0.7885,0.9003,0.9944,0.9964,0.9989,1.0078,1.0097,1.0175,1.0195,1.0269,1.5503,1.5528,1.5585,3.0539,3.0556,3.0661,3.0687,3.0742,3.079,3.0958,3.1477,3.4358,3.4386,3.4403,3.449,3.4556,3.459,3.4647,3.5344,3.5383,3.5409,3.5467,3.5485,3.5643,3.6348,3.6369,3.6399,3.6484,3.6562,4.0004,4.0352,4.0401,4.0545,4.0644,4.0717,4.0784,4.2377,4.3158,4.3179,6.099,6.1027,6.1043,6.7071,7.0703,7.113,7.2579,7.3098
-1.8052,-1.5045,-1.4146,-1.3219,-1.3188,-1.3167,-1.1254,-0.4984,0.0164,0.0227,0.0267,0.0356,0.0388,0.0455,0.2591,0.2669,0.2746,0.2765,0.2836,0.3761,0.497,0.4991,0.5009,0.5033,0.5052,0.5164,0.5184,0.5224,0.5243,0.7552,0.7573,0.776,0.7814,0.7921,0.9952,0.9981,1.0023,1.0055,1.0165,1.0182,2.0734,2.084,2.2021,2.2216,3.0544,3.0588,3.0731,3.0767,3.0808,3.0834,3.4354,3.4394,3.443,3.4449,3.4476,3.4552,3.4637,3.5376,3.5412,3.553,3.5573,3.6363,3.6398,3.6453,3.6536,3.656,3.6579,3.9355,3.9523,4.0357,4.0375,4.054,4.0561,4.0641,4.4346,4.5446,4.5663,5.9035,6.099,6.1009,6.1033,6.4715,6.6207,6.8927,7.0805,7.1724,7.5942

0.0192,0.0243,0.0328,0.0386,0.2596,0.4995,0.5022,0.5131,0.5159,0.519,0.7607,0.7751,0.7881,0.9961,0.9997,1.0173,1.019,1.024,2.3022,2.3192,2.3215,2.6401,3.0526,3.0547,3.0563,3.0583,3.0652,3.0768,3.0829,3.0848,3.2947,3.299,3.3246,3.5343,3.5363,3.5389,3.5426,3.7947,3.7964,3.8003,3.8055,3.8253,4.0346,4.0365,5.5717,5.7592,6.1138,6.7831
-0.2148,0.0161,0.023,0.0267,0.038,0.2551,0.2569,0.2639,0.2748,0.2855,0.4966,0.5167,0.6289,0.7116,0.7573,0.7618,0.7684,0.7764,0.9959,0.9993,1.0019,1.004,1.0057,1.0189,2.6266,2.6468,3.0559,3.0697,3.0808,3.2969,3.3029,3.5309,3.5334,3.5415,3.7951,3.8043,3.8088,3.8199,4.0397,4.0471,4.0523,4.0549,4.0639,4.4076,4.4791,5.4972,6.1026,6.1054,6.8713,7.1828,7.401,7.437,7.5569
0.0158,0.0258,0.0309,0.0346,0.0465,0.2558,0.2577,0.2598,0.2737,0.2761,0.2781,0.5028,0.5062,0.5167,0.7592,0.7633,0.7662,0.7777,0.9991,1.0018,1.0036,1.0066,2.6623,2.664,3.056,3.0747,3.0779,3.0854,3.2944,3.2964,3.2989,3.3018,3.3048,3.3173,3.5342,3.5361,3.5393,3.5411,3.5444,3.5543,3.5579,3.7941,3.7961,3.8006,3.8041,3.81,3.8256,4.0364,4.0386,4.0422,4.0444,4.0478,4.0497,4.0544,4.0639,4.3217,5.4781,5.684,6.1146,6.1216,6.3812,7.2759
0.0153,0.0185,0.0231,0.0325,0.0442,0.0474,0.0494,0.2538,0.259,0.2705,0.2766,0.2824,0.4957,0.4994,0.5051,0.5133,0.7559,0.7598,0.7703,0.995,0.9977,0.9997,1.0056,1.0239,1.9192,1.9318,2.3398,3.0328,3.0542,3.0595,3.0631,3.0652,3.071,3.0808,3.0882,3.0898,3.2953,3.2986,3.3003,3.3106,3.3127,3.3257,3.5341,3.5397,3.5528,3.5584,3.563,3.7165,3.8001,3.808,3.8222,3.9269,4.0351,4.0388,4.0409,4.0454,4.0471,4.0573,4.0607,4.0638,4.0703,5.2707,6.3605,6.3621,6.6454,7.1157
-1.8975,-1.8213,-0.2724,-0.2682,0.0157,0.0187,0.0227,0.0245,0.0304,0.0327,0.0427,0.2544,0.259,0.2828,0.2857,0.4955,0.4976,0.5004,0.5048,0.5176,0.5235,0.7563,0.7803,0.9702,0.9955,0.9995,1.0097,1.0118,1.024,2.0242,2.0549,3.0558,3.0603,3.0644,3.068,3.0715,3.0809,3.0861,3.2945,3.2987,3.304,3.3129,3.3159,3.3228,3.3246,3.5349,3.5383,3.5433,3.5471,3.5554,3.7952,3.8004,3.8054,3.8128,3.8262,4.0393,4.0433,4.0452,4.0535,4.0594,4.1535,6.1007,6.1026,6.1045,6.6579
-1.0866,-0.6751,0.0157,0.0214,0.0262,0.0299,0.0413,0.0431,0.2557,0.2597,0.2615,0.2659,0.2698,0.2758,0.2781,0.2835,0.2946,0.4947,0.4994,0.5173,0.7556,0.7596,0.7629,0.7784,0.7828,0.7847,0.9947,0.9988,1.0091,1.0158,1.0259,1.0281,1.6534,1.6554,2.2919,2.6146,3.0553,3.0588,3.0648,3.0744,3.088,3.0926,3.2946,3.2986,3.3107,3.315,3.3227,3.3245,3.5383,3.5589,3.5643,3.5668,3.5752,3.7935,3.7977,3.8049,3.8066,3.8322,4.0339,4.0381,4.0399,4.0444,4.0559,4.0739,4.3108,4.9772,5.0649,6.0982,6.1062,7.4085,7.6195,7.6386
-1.1489,-0.3799,0.0158,0.0202,0.0219,0.0263,0.0289,0.0349,0.0422,0.0479,0.0632,0.2563,0.2608,0.2667,0.2847,0.4967,0.4997,0.5063,0.5159,0.518,0.5253,0.527,0.7551,0.7589,0.7658,0.7696,0.7755,0.7846,0.9949,0.9983,0.9999,1.0023,1.0072,1.0139,1.0164,1.5745,1.6609,2.2355,2.663,2.9249,3.0539,3.0578,3.0596,3.0645,3.0662,3.0749,3.0876,3.2955,3.2983,3.3064,3.3112,3.3144,3.5341,3.5385,3.5421,3.5439,3.5466,3.5551,3.5589,3.5661,3.7995,3.8051,3.8149,3.8207,4.0346,4.0364,4.0389,4.0416,4.0621,4.2606,4.7514,4.982,5.2342,5.8429,5.846,6.072,6.0999,6.1046,6.1078,6.4237,6.4692,6.8483,7.3309
-1.9202,-1.8746,-0.2297,0.0162,0.0198,0.0409,0.2561,0.258,0.2617,0.2706,0.2735,0.2805,0.4971,0.5153,0.5237,0.7573,0.7619,0.7733,0.7751,0.7837,0.9971,0.999,1.0036,1.0227,1.6958,1.7396,1.9199,3.0563,3.0592,3.0619,3.0663,3.0737,3.0755,3.0789,3.1753,3.3034,3.3082,3.311,3.3154,3.3209,3.5299,3.5343,3.536,3.5377,3.5411,3.5558,3.7543,3.7977,3.8014,4.0349,4.0398,4.0418,4.0443,4.0536,4.0557,5.0927,5.0985,6.1003,6.1089,6.1489,6.4701,6.5895,6.6674,6.914,6.9163,7.0599,7.0622,7.2036,7.5413
-1.4666,0.0164,0.0215,0.0231,0.0257,0.0275,0.0303,0.0331,0.0398,0.0418,0.049,0.0574,0.2556,0.2573,0.2606,0.2644,0.2678,0.271,0.2767,0.281,0.4994,0.5054,0.5199,0.7564,0.7599,0.764,0.7713,0.7743,0.7794,0.7897,0.9985,1.0017,1.0058,1.0163,1.0183,1.6409,1.7674,3.0562,3.0592,3.0627,3.0658,3.0697,3.0746,3.0816,3.126,3.2954,3.2991,3.3102,3.3181,3.328,3.5358,3.5442,3.5522,3.7942,3.7962,3.8001,3.8027,3.807,3.8125,3.8189,4.0354,4.0371,4.0414,4.0448,4.0544,4.0568,4.0642,4.7049,5.1695,5.1757,5.1864,5.5057,5.6618,5.7659,5.8132,6.097,6.1038,6.11
-1.2432,-1.2391,-1.2374,-0.3246,0.0156,0.0192,0.0223,0.0262,0.0279,0.0498,0.2562,0.2595,0.2665,0.2739,0.2851,0.4952,0.4989,0.5036,0.5064,0.5115,0.5176,0.5239,0.7568,0.7593,0.7757,0.7777,0.7954,0.8715,0.9959,0.9987,1.0094,1.0186,1.1809,1.1825,1.3034,1.3055,1.687,2.6691,3.055,3.0568,3.0625,3.0658,3.0736,3.0801,3.2719,3.2944,3.2964,3.3002,3.3037,3.312,3.3153,3.3212,3.5347,3.5384,3.5434,3.5456,3.5727,3.7951,3.8044,3.8124,3.8265,4.0353,4.0387,4.042,4.046,4.056,4.0578,4.0632,4.0698,5.1381,5.7035,5.7055,6.0978,6.1004,6.1037,6.1185,6.393,6.7273,6.7557,6.7597,7.117
-0.9958,-0.8434,-0.6295,0.0168,0.0198,0.0219,0.0251,0.0357,0.2542,0.2634,0.2668,0.2703,0.2751,0.2844,0.4466,0.4961,0.4994,0.5049,0.5118,0.5162,0.5248,0.755,0.7568,0.7604,0.7661,0.7922,0.889,0.9948,0.9993,1.6267,3.0702,3.0801,3.0819,3.0898,3.0936,3.308,3.3101,3.3121,3.3144,3.3193,3.3246,3.3313,3.3339,3.336,3.3395,3.5512,3.5547,3.5563,3.5583,3.5628,3.572,3.8113,3.8199,3.8226,3.8316,4.0045,4.0504,4.0549,4.057,4.0622,4.0645,4.0692,4.0709,4.0751,5.1,5.6768,5.8119,6.0011,6.1154,6.123,6.2226,6.2645,6.79,6.9682,7.1392,7.5,7.5146,7.5244
-1.8395,-1.835,-1.7766,-1.7406,-1.5992,0.0147,0.0164,0.0212,0.0262,0.0333,0.0395,0.0414,0.255,0.2566,0.2599,0.2665,0.2713,0.2747,0.2804,0.4967,0.5,0.5122,0.5183,0.5872,0.7555,0.7575,0.7599,0.7624,0.7806,0.9131,0.9959,0.9997,1.0025,1.0064,1.0148,1.0184,1.4401,3.0547,3.0563,3.0597,3.0635,3.0688,3.0707,3.0777,3.0794,3.0881,3.3,3.3031,3.3131,3.317,3.3217,3.4813,3.5355,3.5389,3.5407,3.5434,3.5524,3.56,3.5631,3.6438,3.7944,3.7994,3.8014,3.8144,3.8213,3.9858,4.0426,4.0456,5.4461,5.9802,6.0985,6.1024,6.1047,6.1094,6.1623,6.1644,6.3881,6.5165,6.5183,6.8437,6.867,7.3078,7.5451,7.7261
-1.4804,0.0146,0.0191,0.0255,0.0315,0.0334,0.2542,0.2561,0.2592,0.2618,0.2683,0.2738,0.4981,0.5004,0.5051,0.5137,0.728,0.7545,0.7562,0.7602,0.7635,0.7696,0.7726,0.9958,0.9993,1.0221,1.533,1.8611,1.9807,1.9916,2.0541,2.0641,2.6749,3.0539,3.0581,3.0635,3.0725,3.0783,3.295,3.2981,3.301,3.3059,3.5338,3.5358,3.5444,3.5567,3.5605,3.7936,3.7984,3.8048,3.8117,3.8136,3.9132,4.0252,4.0351,4.0383,4.0528,4.0546,4.0612,4.3835,4.6935,5.0211,5.5475,6.0977,6.1009,6.1037,6.111,7.3719
-0.7609,-0.7401,-0.0942,-0.0853,0.0148,0.0165,0.0184,0.0336,0.0419,0.0515,0.209,0.2545,0.2602,0.2733,0.2813,0.285,0.4948,0.4993,0.5024,0.5132,0.5239,0.5261,0.5347,0.7557,0.759,0.7728,0.7773,0.7797,0.7882,0.9949,0.9993,1.0027,1.0109,1.0152,1.454,1.7586,2.0727,2.8528,2.9506,3.0545,3.0591,3.0646,3.0663,3.0705,3.0763,3.0793,3.0814,3.2946,3.2999,3.3018,3.3061,3.3107,3.3125,3.3172,3.3196,3.3246,3.3267,3.5342,3.5382,3.54,3.544,3.5541,3.5585,3.5613,3.563,3.5683,3.7948,3.7988,3.8052,3.8103,3.8121,3.819,3.8214,3.8262,3.9843,4.0176,4.0337,4.0356,4.0393,4.0434,4.0496,4.0593,4.0612,4.264,4.2661,4.9317,5.688,6.1019,6.1044,6.1069,6.3473,6.5875,7.0992
-1.6398,-1.2914,-0.0305,0.0145,0.0192,0.0247,0.0265,0.0296,0.036,0.2598,0.2632,0.2699,0.2762,0.4958,0.4994,0.5183,0.5232,0.5302,0.7549,0.7594,0.7625,0.766,0.7681,0.7697,0.7788,0.9799,0.996,0.9996,1.0027,1.0084,1.013,1.0184,1.0225,1.7933,1.9888,2.04,2.1294,2.804,3.0592,3.0675,3.0694,3.0739,3.0794,3.0814,3.0838,3.2946,3.2982,3.2998,3.3031,3.3089,3.3162,3.3179,3.3214,3.5337,3.5354,3.5392,3.5412,3.5532,3.5567,3.7685,3.7941,3.7963,3.7988,3.806,3.8095,3.816,3.8176,3.8234,3.8254,4.0042,4.0061,4.033,4.0349,4.0383,4.0437,4.048,4.055,4.0632,4.0677,4.175,4.1772,4.2108,4.5249,4.7621,4.9322,5.112,6.0988,6.1027,6.106,6.3572,7.5294
