-1.4755,-1.473,-1.2682,-1.2663,-1.2241,-1.2047,-1.1977,-1.1731,-1.1712,-0.8005,-0.7362,-0.7344,-0.6867,-0.6849,-0.6517,-0.5939,-0.3873,-0.3853,0.0159,0.0179,0.0203,0.022,0.027,0.0311,0.044,0.3954,0.4002,0.4166,0.4191,0.4754,0.5052,0.5089,0.5134,0.5182,0.5866,0.5922,0.5965,0.5992,0.6021,0.6037,0.6193,0.6211,0.6365,0.9959,0.9991,1.003,1.005,1.0081,1.0368,1.2304,1.5756,1.5772,1.8978,1.8996,1.9701,1.9737,2.1417,2.1556,2.1588,2.1651,2.4199,2.9445,2.9466,3.07,3.073,3.0751,3.0773,3.0863,3.0883,3.0913,3.4561,3.4655,3.4678,3.4739,3.5551,3.5571,3.5688,3.5786,3.6008,3.6571,3.6715,3.9541,4.0252,4.0503,4.0547,4.0573,4.059,4.0683,4.0701,4.0842,4.0902,4.1303,4.2485,4.4242,4.722,4.9962,5.008,5.0105,5.1289,5.3813,5.4174,5.5633,5.5651,5.5669,5.682,6.1303,6.1334,6.1372,6.139,6.1433,6.162,6.1661,6.3735,6.3751,6.3956,6.9333,6.9363,7.1557,7.18,7.1819,7.3413,7.3501,7.3552,7.5266,7.5315,7.5421,7.5446
-1.8824,-1.8378,-1.8259,-1.8236,-1.6605,-1.6585,-1.4338,-1.4279,-1.4262,-0.8999,-0.5916,-0.5875,-0.4305,-0.4285,-0.2925,-0.2905,-0.2032,-0.2011,0.0193,0.0226,0.0271,0.0294,0.0318,0.0337,0.0393,0.0765,0.3958,0.3987,0.4016,0.4034,0.4053,0.41,0.4158,0.4182,0.4973,0.499,0.502,0.5154,0.5174,0.5698,0.596,0.5985,0.6004,0.6035,0.6171,0.9207,0.9959,0.9977,1.001,1.0029,1.0077,1.0098,1.0117,1.026,1.0599,1.3348,1.376,1.3776,1.4553,1.457,1.5725,2.1101,2.2987,2.3711,2.4574,2.4593,2.5406,3.0703,3.0734,3.0752,3.0918,3.1615,3.4484,3.458,3.4683,3.4722,3.4761,3.4819,3.4908,3.4928,3.4946,3.5121,3.5232,3.525,3.5302,3.5529,3.5563,3.5583,3.5825,3.5896,3.6315,3.6554,3.6937,3.7027,3.7045,3.7082,3.9716,3.9734,4.0542,4.0562,4.063,4.0655,4.0684,4.0744,4.0763,4.0857,4.1353,4.7491,4.7508,4.7552,4.757,4.7599,4.7616,4.7841,5.9688,5.9709,6.0041,6.1293,6.134,6.1358,6.1386,6.1624,6.1645,6.5142,6.5297,7.0464,7.1795,7.1998,7.2757,7.4228,7.6434
-1.6022,-1.5407,-1.4712,-1.4673,-1.4231,-1.2175,-0.9957,-0.9939,-0.7279,-0.6692,-0.5986,-0.5587,-0.5211,-0.3942,-0.387,-0.3193,-0.2391,-0.2375,-0.2216,-0.1796,-0.1773,-0.1082,0.0183,0.0225,0.0276,0.031,0.0341,0.0432,0.0456,0.0741,0.1026,0.1098,0.3985,0.4077,0.4118,0.4147,0.4346,0.4975,0.5013,0.5037,0.5157,0.6003,0.6182,0.6255,0.6452,0.7972,0.8736,0.9117,0.915,0.9961,0.9986,1.0032,1.0085,1.0114,1.0168,1.0186,1.0578,1.3206,1.3222,1.3473,1.3758,1.7999,1.8728,2.011,2.1132,2.2938,2.812,3.071,3.0741,3.0809,3.0904,3.0954,3.1037,3.1327,3.4187,3.4214,3.4525,3.4572,3.459,3.4673,3.4701,3.4783,3.4816,3.4882,3.4993,3.5053,3.5092,3.5503,3.5549,3.5569,3.5697,3.5763,3.6522,3.6556,3.6677,3.6701,3.6735,3.6799,3.8017,3.976,3.9808,4.0026,4.0048,4.0529,4.0546,4.0623,4.0788,4.0811,4.1097,4.4243,4.4283,4.4301,4.4905,4.5065,4.7335,4.8761,4.878,5.0625,5.0692,5.0755,5.494,5.5306,6.1328,6.1373,6.1412,6.1443,6.1461,6.1515,6.1724,6.2212,6.2832,6.3528,6.7624,7.2599,7.4454,7.4472
-1.7779,-1.7743,-1.5687,-1.5666,-1.2523,-1.1503,-1.0884,-0.9609,-0.8944,-0.8666,-0.7362,-0.707,-0.7045,-0.6682,-0.6569,-0.5704,-0.5688,-0.5624,-0.4513,-0.4495,-0.1019,-0.0967,-0.0948,0.0238,0.0255,0.0362,0.0432,0.0451,0.0689,0.3959,0.4025,0.4043,0.4067,0.4202,0.4421,0.507,0.5287,0.531,0.5967,0.6004,0.6066,0.6136,0.9623,0.9973,1.0028,1.0064,1.0084,1.0187,1.0239,1.027,1.0488,1.0621,1.4862,1.4946,1.5469,1.8605,1.8664,1.9061,1.9092,2.1854,2.3984,2.4078,2.6605,2.6633,2.9096,2.9561,3.0726,3.0772,3.0833,3.1041,3.1259,3.4265,3.4504,3.4634,3.4712,3.4735,3.4818,3.4838,3.4934,3.4982,3.5018,3.5067,3.5092,3.5605,3.5657,3.5712,3.6588,3.664,3.6772,3.6863,3.7083,3.7185,3.7213,3.7235,3.8368,3.8471,3.8487,3.8537,3.8575,3.9519,4.0513,4.0535,4.0565,4.0588,4.0616,4.0652,4.0678,4.0697,4.0828,4.0944,4.1014,4.1202,4.4546,4.5702,4.5889,4.6638,4.6727,4.676,4.679,4.6872,4.8414,6.1314,6.1349,6.1399,6.1531,6.1612,6.8289,6.8494,7.1391,7.2886,7.4466,7.45,7.4552,7.4569,7.4857,7.5259
-1.6809,-1.6149,-1.6133,-1.5956,-1.5309,-1.5288,-1.5268,-1.3733,-1.2486,-1.2047,-1.1343,-0.912,-0.6,-0.533,-0.4606,-0.4558,-0.2243,-0.1777,-0.1479,-0.1457,-0.1428,-0.1218,-0.0571,0.0162,0.0197,0.0213,0.0239,0.0303,0.0385,0.0401,0.0622,0.0749,0.3959,0.398,0.4033,0.4072,0.4183,0.4334,0.5055,0.5155,0.5956,0.5989,0.6019,0.6241,0.6455,0.6578,0.8104,0.9696,0.9993,1.0147,1.0336,1.337,1.6175,1.8771,2.0068,2.1359,2.5526,2.6052,3.069,3.0714,3.08,3.0827,3.406,3.4295,3.4515,3.4586,3.4613,3.4667,3.4691,3.4723,3.4757,3.4817,3.4835,3.4855,3.4912,3.4957,3.5147,3.5503,3.558,3.5686,3.5733,3.5755,3.582,3.6202,3.6538,3.6573,3.6751,3.6797,3.7015,3.7718,3.8725,3.9112,3.9851,4.05,4.0537,4.0564,4.0596,4.0702,4.0774,4.1024,4.1057,4.2545,4.29,4.4404,4.4947,4.6914,4.6955,4.9607,5.2251,5.4338,5.4355,5.571,5.5889,5.7839,5.7925,5.7989,5.8058,5.8516,6.1304,6.1361,6.138,6.148,6.1539,6.1609,6.1658,6.3835,6.9189,6.9466,6.9989,7.169,7.495,7.6783
-1.921,-1.7922,-1.3518,-1.29,-1.1839,-1.1434,-1.0922,-1.0894,-0.7264,-0.6913,-0.6885,-0.6689,-0.5997,-0.4202,-0.2465,-0.1983,-0.1967,-0.1553,-0.1347,-0.133,-0.0128,-0.0008,0.0144,0.02,0.0228,0.0255,0.0359,0.0414,0.0442,0.0461,0.0523,0.0646,0.3179,0.3197,0.3475,0.4005,0.4045,0.4116,0.4994,0.5039,0.5122,0.5139,0.5472,0.5975,0.6012,0.6196,0.7086,0.9945,1.0019,1.0036,1.0056,1.0089,1.1215,1.2781,1.28,1.6994,1.7024,1.7308,1.9129,1.9501,2.0959,2.1561,2.1578,2.308,2.3097,2.571,2.6997,2.703,3.0705,3.0753,3.0775,3.0796,3.0864,3.0898,3.0918,3.1839,3.3471,3.3488,3.3809,3.4293,3.4348,3.4406,3.453,3.4595,3.4648,3.4667,3.4696,3.4729,3.4797,3.4945,3.5064,3.5162,3.5513,3.561,3.5662,3.574,3.5764,3.6503,3.6535,3.6557,3.659,3.6606,3.6624,3.6654,3.6696,3.6807,3.6834,3.7532,3.9897,3.9922,4.0014,4.0511,4.0563,4.0601,4.0624,4.0651,4.0724,4.075,4.1291,4.5242,4.5258,5.0529,5.2199,5.3114,5.461,5.5222,5.5628,5.5898,6.1293,6.1316,6.1398,6.1489,6.2023,6.3326,6.5466,6.6982,6.8362,6.8392,6.9226,6.9305,7.1203,7.122,7.1542,7.175,7.2038,7.2577,7.2629,7.5455
-1.963,-1.2393,-1.2376,-1.1279,-1.0849,-1.0024,-0.9536,-0.9186,-0.8977,-0.6943,-0.3228,-0.3195,-0.2885,-0.2854,0.0146,0.0169,0.0188,0.0257,0.0323,0.0597,0.0806,0.3961,0.3987,0.4009,0.4035,0.4083,0.4201,0.4254,0.4957,0.4992,0.5079,0.5253,0.5273,0.5982,0.601,0.6074,0.8482,0.9945,0.9995,1.0029,1.0055,1.0088,1.0135,1.0254,1.8436,1.8765,1.8791,1.9179,2.3086,2.8196,2.8832,3.0706,3.0731,3.0785,3.0808,3.0849,3.0866,3.0966,3.1002,3.4113,3.4199,3.4536,3.4559,3.4611,3.4637,3.4657,3.4759,3.5153,3.544,3.5459,3.5478,3.5496,3.552,3.5568,3.5638,3.5661,3.5826,3.5925,3.6576,3.6642,3.9018,3.908,3.9099,3.9538,3.9555,4.051,4.0531,4.056,4.0594,4.0636,4.0663,4.0699,4.0733,4.1167,4.2501,4.2627,4.4731,4.7278,5.2109,5.2125,5.5662,5.5698,5.6271,5.7018,5.7036,6.0195,6.0213,6.0531,6.0642,6.0796,6.0832,6.1331,6.1351,6.1373,6.1424,6.1523,6.1573,6.1694,6.1882,6.2383,6.3926,6.4495,6.9767,6.9802,7.0127,7.3391,7.3428,7.3495,7.4282,7.5217,7.7078,7.7108,7.7125,7.7168
-1.7711,-1.7599,-1.7583,-1.7028,-1.6917,-1.6901,-1.4061,-1.3767,-1.3325,-1.3307,-1.2194,-1.2168,-1.2151,-1.1366,-1.1313,-1.0968,-1.0652,-0.8549,-0.8415,-0.8399,-0.838,-0.7888,-0.7857,-0.637,-0.6064,-0.6033,-0.5511,-0.5495,-0.5087,-0.5071,-0.3729,-0.3702,-0.321,-0.0768,0.0148,0.0171,0.0192,0.0244,0.027,0.0297,0.0315,0.0344,0.0396,0.0457,0.0893,0.3722,0.3775,0.3929,0.3956,0.3993,0.4038,0.4183,0.4232,0.4959,0.5019,0.5107,0.5407,0.5962,0.5984,0.6005,0.6038,0.6079,0.6095,0.62,0.8888,0.9232,0.9393,0.9682,0.9954,0.9997,1.0015,1.006,1.0087,1.0116,1.0186,1.0226,1.025,1.2889,1.2925,1.4276,1.4648,1.5709,1.5737,1.5945,1.9095,1.9729,1.9857,1.9887,2.1057,2.1076,2.1268,2.2267,2.2533,2.4816,2.5936,2.6627,2.6901,2.7162,2.7184,3.0704,3.075,3.079,3.0896,3.0918,3.4522,3.457,3.4617,3.4786,3.494,3.4984,3.5326,3.5396,3.5441,3.5498,3.5543,3.5586,3.563,3.5753,3.5958,3.6077,3.6203,3.6225,3.651,3.6546,3.6569,3.6631,3.6649,3.6897,3.9459,4.0504,4.0547,4.0604,4.0624,4.0683,4.5442,4.5629,4.5674,4.6837,4.8036,4.8148,5.0349,5.0537,5.3423,5.5425,5.6297,6.133,6.1358,6.1447,6.1474,6.1506,6.1528,6.1575,6.4233,6.4267,6.4288,6.7949,6.9402,6.9506,7.0222,7.0252,7.0455,7.0484,7.1534,7.1578,7.5085,7.5218,7.5403,7.5655,7.6127
-1.0739,-0.7314,-0.6457,-0.5523,-0.532,-0.5304,-0.4888,-0.4566,-0.3498,-0.3459,-0.3145,-0.3124,-0.2458,0.0161,0.0198,0.0233,0.0262,0.0296,0.0393,0.0454,0.0589,0.0718,0.3468,0.3949,0.3986,0.4003,0.4222,0.4279,0.4782,0.5008,0.5028,0.5046,0.5069,0.5168,0.5438,0.5961,0.5988,0.6009,0.6046,0.7577,0.8962,0.9972,0.9995,1.0096,1.0157,1.1654,1.1682,1.3846,1.9888,1.996,2.0449,2.0466,2.0482,2.2609,2.289,2.3597,2.4882,2.4899,2.5225,2.5242,2.5335,2.6136,2.7859,2.8192,2.8208,2.8225,2.9142,3.0459,3.0481,3.0703,3.072,3.0742,3.0782,3.0824,3.0948,3.1346,3.4053,3.4095,3.4377,3.4448,3.4568,3.4637,3.4731,3.4749,3.4769,3.4891,3.4961,3.5599,3.5619,3.6539,3.6611,3.6628,3.6777,3.7071,3.903,3.9588,3.9645,3.9743,3.9845,3.9953,3.9986,4.0521,4.0544,4.0572,4.0628,4.1188,4.1235,4.1255,4.3068,4.6897,4.8724,4.9456,5.3479,5.4485,5.6087,6.13,6.1328,6.1361,6.1394,6.1445,6.1564,6.3581,6.9559,6.9625,6.9731,6.9749,6.9773,6.9803,7.0166,7.1115,7.1201,7.3601,7.613,7.6628,7.6646
-1.3302,-1.2294,-1.2264,-1.2067,-1.2051,-1.0558,-1.0272,-0.8635,-0.2858,-0.1833,0.0178,0.0202,0.0253,0.0302,0.0363,0.0451,0.0837,0.1492,0.2274,0.2503,0.2532,0.3963,0.3986,0.4064,0.4139,0.4203,0.4573,0.4989,0.504,0.5067,0.5156,0.5184,0.5975,0.6007,0.6042,0.6244,0.9664,0.9941,0.9977,1.0007,1.0069,1.0214,1.3619,1.6654,1.6686,1.755,1.7566,1.7588,1.9671,1.9706,2.1008,2.514,2.5214,2.5263,2.5439,2.5456,2.7243,2.9862,2.9881,3.0708,3.075,3.0801,3.087,3.0947,3.0964,3.1034,3.1122,3.1144,3.1497,3.1831,3.3039,3.4526,3.4567,3.4608,3.4656,3.4853,3.5066,3.517,3.5252,3.5272,3.5356,3.5501,3.552,3.5594,3.5619,3.5796,3.598,3.6465,3.6997,3.7022,3.7459,3.8446,4.0217,4.0484,4.0574,4.0607,4.063,4.0706,4.075,4.1019,4.1875,4.2801,4.283,4.4028,4.4055,4.7679,4.7696,4.8097,5.0069,5.4882,5.9113,5.9299,6.1313,6.1345,6.1381,6.1501,6.1548,6.1574,6.2239,6.6249,6.8163,6.8386,6.8487,6.9017,7.0062,7.0312,7.5036,7.542,7.5438
-1.845,-1.5906,-1.5716,-1.5643,-1.5611,-1.4474,-1.3959,-1.3085,-1.0354,-0.6738,-0.6483,-0.4758,-0.394,-0.3401,-0.3165,-0.3149,-0.1804,0.0073,0.0177,0.0194,0.0213,0.0234,0.0251,0.0293,0.0314,0.038,0.058,0.1039,0.3965,0.3997,0.4018,0.4047,0.4286,0.4965,0.5049,0.5167,0.5311,0.537,0.6001,0.6049,0.6075,0.6193,0.7934,0.8039,0.8055,0.8979,0.9405,0.9421,0.9437,0.9952,0.9981,1.0015,1.0055,1.0121,1.0237,1.045,1.143,1.3006,1.3028,1.663,1.8339,2.1405,2.173,2.2301,2.488,2.8425,2.8507,2.8948,2.9677,2.9714,3.0709,3.0735,3.0825,3.0866,3.0947,3.1128,3.4534,3.4559,3.466,3.4692,3.4709,3.475,3.4819,3.4859,3.4885,3.5047,3.5063,3.522,3.5417,3.5579,3.5688,3.5712,3.5979,3.6574,3.6613,3.7125,3.7853,3.7986,3.8094,3.8315,3.8332,3.8356,3.9062,3.908,3.9098,4.0046,4.0539,4.0558,4.0577,4.0601,4.0619,4.0689,4.0845,4.0936,4.5635,4.7581,4.9068,4.9096,4.9517,4.9553,4.9581,4.9948,4.9987,5.0298,5.1108,5.1217,5.1243,5.1493,5.1514,5.1852,5.187,5.3307,6.005,6.1296,6.1328,6.1347,6.1475,6.1542,6.1628,6.1689,6.4952,6.4999,6.8369,6.8548,6.9141,6.941,6.9847,7.0933,7.1369,7.1611,7.1629,7.185,7.1914,7.244,7.2703,7.3401,7.4323,7.4342,7.5116,7.6778
-1.8712,-1.8617,-1.4538,-1.4515,-1.4309,-1.2847,-1.1971,-1.0579,-1.0562,-0.8569,-0.8363,-0.8164,-0.8134,-0.6709,-0.63,-0.6186,-0.617,-0.5889,-0.4232,-0.42,-0.4171,-0.3558,-0.3476,-0.3322,-0.3117,-0.31,0.0173,0.0197,0.0228,0.0326,0.045,0.0601,0.0797,0.1085,0.3364,0.3732,0.4011,0.4039,0.4077,0.4141,0.4176,0.4241,0.4971,0.5,0.5033,0.5073,0.5211,0.5966,0.6015,0.6049,0.6067,0.9964,1.003,1.0099,1.0117,1.0155,1.0233,1.0251,1.0312,1.5861,1.5897,2.0802,2.3793,2.5609,2.957,3.0723,3.0819,3.085,3.0874,3.0921,3.0939,3.4505,3.4548,3.4595,3.4719,3.4736,3.4783,3.4876,3.4893,3.4962,3.5028,3.5091,3.5303,3.5421,3.5537,3.559,3.5656,3.5722,3.5744,3.5766,3.5808,3.6553,3.6576,3.6745,3.7095,3.77,3.8004,3.8908,3.9113,4.0333,4.051,4.0546,4.0583,4.0608,4.0756,4.0928,4.3286,4.6285,4.6327,4.7026,4.8487,4.8703,5.1993,5.3635,5.5067,5.7367,5.7398,5.7996,5.8073,6.0128,6.1307,6.1331,6.1359,6.1407,6.1499,6.1598,6.3652,6.3789,6.3811,6.8288,6.8309,6.9618,6.9846,7.4773
-1.9185,-1.893,-1.8617,-1.3649,-1.3293,-1.0633,-0.6292,-0.5569,-0.3411,-0.3393,-0.2582,-0.2562,-0.2545,-0.0697,0.0153,0.0176,0.0196,0.024,0.0257,0.0336,0.0355,0.0421,0.0454,0.0479,0.0725,0.401,0.4031,0.407,0.4167,0.4212,0.4251,0.4287,0.4989,0.5026,0.5209,0.6011,0.6029,0.6061,0.6077,0.6178,0.9964,0.9982,1.0001,1.0019,1.0035,1.0076,1.0154,1.018,1.0198,1.0218,1.0246,1.4448,1.4465,1.5058,1.551,1.7474,1.749,1.8268,1.8414,1.8434,1.8961,2.0551,2.0569,2.1575,2.1595,2.1809,2.6724,2.8571,2.8957,2.8974,3.0713,3.074,3.0759,3.0782,3.08,3.0819,3.1159,3.4459,3.4516,3.4538,3.4557,3.4674,3.4712,3.4766,3.4791,3.4841,3.4924,3.5149,3.5274,3.5311,3.5468,3.5537,3.5557,3.5575,3.5675,3.5721,3.5764,3.6159,3.655,3.7141,3.7159,3.7176,3.8147,3.8166,3.831,3.8327,3.8343,3.8405,3.9688,4.0515,4.0537,4.0555,4.0573,4.063,4.0747,4.3511,5.1579,5.3714,5.4119,5.4726,5.4967,5.5163,6.1343,6.1481,6.1614,6.1919,6.1948,6.1965,6.3055,6.4047,6.6405,6.6504,6.6525,6.7777,6.7793,6.8349,6.8369,7.0951,7.1663,7.1682,7.17,7.1978,7.5622,7.567,7.6829,7.6849,7.6866
-1.6691,-1.36,-1.3582,-1.3352,-1.3335,-1.2436,-1.2101,-0.9944,-0.8826,-0.8676,-0.8657,-0.8641,-0.8623,-0.6683,-0.6663,-0.6264,-0.5889,-0.1365,-0.1188,-0.1172,-0.0893,0.0184,0.0208,0.0225,0.0278,0.0299,0.0342,0.0439,0.0635,0.1383,0.29,0.2919,0.3957,0.4026,0.4167,0.423,0.469,0.5009,0.5071,0.5158,0.5308,0.5329,0.5961,0.5994,0.6038,0.8606,0.8649,0.9659,0.9678,0.9957,0.9993,1.0026,1.0078,1.0317,1.0336,1.0561,1.1716,1.2584,1.2823,1.3956,1.3976,1.4249,1.4269,1.4514,1.4533,1.5274,1.5295,1.625,1.6269,1.6545,1.7618,1.795,1.7966,1.8494,1.8513,1.9002,1.9325,2.0937,2.2407,2.3301,2.6966,2.7153,2.7173,2.8069,2.8086,2.9,2.902,3.0748,3.0789,3.0837,3.123,3.143,3.1555,3.436,3.4534,3.4551,3.463,3.4662,3.4729,3.4772,3.4791,3.4826,3.4968,3.5274,3.5314,3.5529,3.5576,3.5616,3.5651,3.5754,3.5773,3.5793,3.6318,3.6537,3.6553,3.6569,3.6596,3.6722,3.7373,3.8159,3.8244,3.8301,3.8395,3.8416,3.8531,3.8552,3.8805,3.976,4.0162,4.0504,4.0528,4.0549,4.0574,4.0656,4.0715,4.0757,4.1007,4.3249,4.3269,4.3285,4.4743,4.5103,4.7281,4.7298,4.8574,4.8921,5.0751,5.1771,5.1792,5.2303,5.232,5.2542,5.2585,5.2605,5.2637,5.2708,5.2752,5.2769,5.2908,5.2955,5.3009,5.422,5.424,5.8144,5.8162,5.818,6.1298,6.1324,6.1344,6.1378,6.1538,6.163,6.1675,6.196,6.198,6.2506,6.823,7.0348,7.0366,7.0383,7.0538,7.2433,7.2453,7.4901,7.4921
-1.6463,-1.6381,-1.2103,-0.955,-0.7693,-0.6935,-0.6789,-0.3153,-0.3062,-0.2315,-0.195,-0.1931,-0.1581,-0.1563,-0.1544,-0.147,-0.041,0.0064,0.0109,0.0157,0.0175,0.0191,0.022,0.0236,0.0258,0.0301,0.0322,0.0358,0.0395,0.0841,0.086,0.0945,0.1121,0.386,0.3881,0.3947,0.3972,0.3992,0.4014,0.4052,0.4119,0.4165,0.419,0.453,0.4549,0.4652,0.4672,0.4983,0.5003,0.5095,0.5115,0.5169,0.5241,0.5545,0.5982,0.6005,0.603,0.6055,0.6214,0.7142,1.0003,1.0022,1.0042,1.0062,1.0078,1.0102,1.0121,1.0196,1.0233,1.0272,1.0579,1.153,1.1548,1.2788,1.39,1.3916,1.4692,1.4711,1.4742,1.488,1.4944,1.4965,1.4989,1.5197,1.5358,1.586,1.5927,1.5946,1.6318,1.634,1.8057,2.0161,2.1774,2.2068,2.2087,2.3623,2.3821,2.5417,2.5436,2.937,2.9389,3.0728,3.0746,3.0771,3.0791,3.0827,3.0905,3.0965,3.0981,3.3744,3.3952,3.4106,3.4511,3.453,3.4547,3.4564,3.4623,3.4648,3.4847,3.4895,3.5055,3.5079,3.5336,3.5381,3.5447,3.5514,3.5533,3.555,3.5799,3.5965,3.6523,3.657,3.6613,3.6706,3.6792,3.6811,3.6854,3.7621,3.7883,3.8827,3.8872,3.8891,3.8926,3.8955,3.8979,3.9067,3.9085,3.9326,3.9699,3.9716,4.0529,4.0549,4.0582,4.0627,4.0647,4.0762,4.1191,4.1209,4.4361,4.4381,4.6886,4.7908,4.8766,4.8832,5.0564,5.1169,5.1186,5.7566,5.7586,5.8256,6.1298,6.1352,6.1426,6.1477,6.1532,6.3362,6.5419,6.5571,6.5592,6.5612,6.7802,6.7822,7.0019,7.0038,7.0079,7.0183,7.0237,7.0257,7.0509,7.0821,7.0841,7.214,7.2648,7.2667,7.5176,7.522,7.5528,7.603,7.634

-1.9922,-1.9904,-1.6878,-1.6859,-1.4985,-1.4967,-1.478,-1.1362,-1.1312,-1.1293,-0.944,-0.9421,-0.8438,-0.8421,-0.4315,-0.0792,-0.0169,-0.0143,0.0162,0.0201,0.0224,0.0249,0.0332,0.0368,0.0589,0.0748,0.095,0.3964,0.3988,0.4018,0.4054,0.4187,0.4527,0.5008,0.5042,0.5058,0.5083,0.5123,0.5199,0.5985,0.6001,0.6022,0.6043,0.6059,0.6094,0.9956,0.9973,0.9997,1.0017,1.0037,1.0187,1.4061,1.4081,1.5818,1.6967,1.7047,1.7068,3.0703,3.0719,3.0782,3.0801,3.1878,3.3138,3.3156,3.3186,3.3204,3.3289,3.3321,3.345,3.5506,3.5524,3.5543,3.5565,3.5603,3.5638,3.5664,3.5753,3.5771,3.8114,3.8149,3.8185,3.8289,3.8335,3.8474,4.0534,4.0567,4.0597,6.13,6.133,6.1346,6.1364,6.1381,6.1464,6.1485,6.1619,6.4291,6.9838,7.0405,7.2376,7.7066,7.7197,7.7217,7.7306
-1.978,-1.0847,-0.7854,0.0167,0.0183,0.023,0.0246,0.0387,0.0574,0.3981,0.4038,0.4148,0.4165,0.4185,0.428,0.468,0.5028,0.5045,0.5986,0.6002,0.6074,0.6124,0.6651,0.6992,0.8332,0.9941,0.996,0.9997,1.0027,1.0075,1.0092,1.0229,1.0249,1.0578,1.0603,1.754,1.7576,1.8817,1.8835,2.1307,2.1326,2.2324,2.473,2.6927,2.9513,3.0761,3.0781,3.0805,3.0827,3.0854,3.0967,3.1057,3.1215,3.1926,3.312,3.3154,3.3183,3.3247,3.3331,3.5508,3.5551,3.5649,3.5684,3.5723,3.6213,3.6315,3.8147,3.8164,3.8184,3.8204,3.8285,3.8376,3.8394,3.8483,4.0504,4.0522,4.0548,4.0565,4.0592,4.061,4.0706,4.0759,4.425,5.1721,5.1743,5.3564,5.7137,6.0842,6.1292,6.1312,6.1337,6.1358,6.1378,6.1434,6.15,6.1601,6.1644,6.4198,6.4231,6.5276,6.5714,6.6084,6.7404,6.9355,6.9375,7.0874,7.4107,7.4232,7.425,7.4652
-1.9777,-0.7219,-0.6251,-0.5773,-0.4903,-0.3717,-0.37,-0.2934,-0.2914,-0.2765,-0.0123,0.0147,0.0188,0.0276,0.0295,0.0337,0.0363,0.0419,0.0641,0.0828,0.2901,0.292,0.388,0.3921,0.3957,0.3977,0.3995,0.4032,0.4077,0.4097,0.4284,0.4939,0.4962,0.4996,0.5084,0.5959,0.5993,0.6011,0.6051,0.6095,0.6142,0.9958,0.9981,0.9998,1.0015,1.0035,1.0141,1.0204,1.022,1.3417,1.3948,1.3964,1.3981,1.464,1.6067,1.7031,1.7048,1.8208,1.8227,1.8523,1.8543,1.8563,1.9869,2.8215,3.0005,3.0715,3.0769,3.0801,3.0878,3.0905,3.3137,3.3159,3.3186,3.3222,3.3329,3.3989,3.55,3.5526,3.5546,3.5562,3.5578,3.5628,3.567,3.6074,3.8116,3.8145,3.8165,3.8214,3.8234,4.0536,4.0573,4.0616,4.0643,4.7027,4.9808,4.9834,4.9853,5.234,5.2356,5.5405,5.545,6.0551,6.0579,6.0832,6.13,6.1349,6.1486,6.163,6.1667,6.2982,6.2998,6.4271,6.9648,7.0153,7.5206
-1.8164,-1.8081,-1.7023,-1.7005,-0.7413,-0.4757,-0.4652,-0.4364,-0.4345,-0.4104,-0.4051,-0.4004,-0.3987,-0.3357,-0.3055,-0.3021,-0.2482,-0.2463,-0.2446,-0.2101,-0.1946,-0.1801,-0.1138,-0.1118,-0.035,-0.0334,0.0181,0.0206,0.0268,0.0297,0.0316,0.0336,0.0369,0.0388,0.0443,0.0577,0.3974,0.4046,0.4076,0.4218,0.4392,0.4469,0.498,0.4999,0.5016,0.5061,0.5962,0.598,0.5998,0.6021,0.6068,0.6118,0.6171,0.6189,0.6234,0.9697,0.9963,0.9984,1,1.0027,1.0048,1.0068,1.0085,1.0108,1.0145,1.0196,1.2152,1.2174,1.7302,1.9015,1.9031,1.905,1.9151,2.0293,2.0311,2.3835,2.4005,2.8917,2.8936,2.905,3.0701,3.0736,3.0753,3.078,3.08,3.0833,3.0892,3.0941,3.3122,3.3139,3.3163,3.3228,3.3335,3.3413,3.5558,3.5624,3.5645,3.5675,3.5694,3.5727,3.6025,3.6106,3.8041,3.8111,3.8156,3.8176,3.8193,3.8213,3.8237,3.8329,3.843,3.9396,3.9561,3.9581,3.99,4.0166,4.0516,4.0536,4.056,4.0626,4.0646,4.0684,4.0712,4.0813,4.0907,4.1073,4.1384,4.5608,4.5626,4.6695,4.6714,4.6732,4.6802,4.7219,4.7581,4.8212,5.4334,5.4702,5.4723,6.1295,6.1327,6.1345,6.1363,6.1381,6.1597,6.1665,6.1771,6.2608,6.515,6.8108,6.8168,7.0544,7.197,7.1996,7.202,7.3765,7.6769
-1.741,-1.7153,-1.6623,-1.5365,-1.4226,-1.0308,-0.9883,-0.9309,-0.7925,-0.7816,-0.7762,-0.7727,-0.7565,-0.7234,-0.6829,-0.561,-0.5591,-0.2684,-0.2647,-0.2616,-0.1655,0.0153,0.0172,0.0188,0.023,0.0274,0.0304,0.0353,0.0436,0.0823,0.0936,0.3961,0.3987,0.4006,0.4023,0.407,0.4098,0.4141,0.4158,0.4571,0.4965,0.4988,0.5011,0.5093,0.5151,0.5192,0.5238,0.5382,0.598,0.6027,0.6126,0.7602,0.9958,0.999,1.0072,1.0131,1.0216,1.062,1.3967,1.3984,1.5558,1.5577,1.6976,1.6996,1.7359,1.7378,1.7543,1.7562,1.8008,1.8026,1.852,2.0974,2.0993,2.3379,2.6713,2.7892,3.0731,3.0747,3.0766,3.0784,3.0821,3.0854,3.0898,3.3152,3.3194,3.3353,3.3377,3.3754,3.4096,3.5514,3.5575,3.5603,3.5642,3.6322,3.8115,3.8133,3.8151,3.8172,3.8212,3.8367,3.937,4.0524,4.0541,4.0569,4.0656,4.0724,4.0766,4.0807,4.3401,4.7536,4.7556,4.7766,4.7788,4.7807,4.7823,4.7913,4.7932,4.8114,4.9647,4.9869,5.1352,5.1544,5.1562,5.4401,5.6813,6.0094,6.1304,6.1345,6.1479,6.1539,6.1595,6.1616,6.1859,6.189,6.8269,7.2684,7.2929,7.465,7.4672
-1.8993,-1.8455,-1.8435,-1.8404,-1.5272,-1.5161,-1.3088,-1.3071,-1.1103,-0.9927,-0.9909,-0.9886,-0.9803,-0.6756,-0.6739,-0.6589,-0.5774,-0.5756,-0.574,-0.4802,-0.4397,-0.438,-0.3877,-0.3623,-0.1697,-0.1222,-0.1185,-0.1157,0.0167,0.0183,0.0204,0.0224,0.0283,0.0305,0.0371,0.0472,0.2004,0.3974,0.3992,0.4017,0.4103,0.4155,0.496,0.4984,0.5021,0.6015,0.6146,0.6165,0.911,0.998,0.9996,1.0043,1.0129,1.0157,1.0192,1.243,1.2824,1.3596,1.3623,1.3887,1.3907,1.3933,1.3949,1.5458,1.9121,1.9492,1.9513,3.0725,3.0759,3.0815,3.0891,3.0918,3.1411,3.1674,3.313,3.318,3.3197,3.3219,3.3282,3.3327,3.3369,3.3386,3.3488,3.3665,3.5507,3.5526,3.571,3.5731,3.5774,3.6235,3.8116,3.8711,3.8868,3.8895,3.9361,4.0523,4.0723,4.0747,4.1249,4.4022,4.4351,4.9442,5.3887,5.4333,5.4353,5.4372,5.6774,6.1329,6.135,6.1366,6.1637,6.7186,6.7598,6.7722,6.9554,7.239,7.259,7.4082,7.4292,7.4309,7.5642,7.5668,7.5826,7.647,7.6492
-1.6926,-1.6022,-1.5064,-1.168,-1.1061,-0.9069,-0.8595,-0.8526,-0.7068,-0.5682,-0.5403,-0.4993,-0.0952,0.0162,0.0196,0.0215,0.0291,0.0395,0.0415,0.0438,0.0492,0.0641,0.0732,0.1064,0.1287,0.3324,0.3959,0.3999,0.4021,0.4038,0.411,0.4325,0.4819,0.495,0.5026,0.5044,0.5127,0.5192,0.5514,0.5583,0.5613,0.5637,0.5728,0.5888,0.6023,0.6118,0.6254,0.6557,0.6701,0.682,0.6845,0.7632,0.9993,1.002,1.0055,1.0142,1.0535,1.2254,1.2911,1.3825,1.4346,1.8049,1.8066,1.8211,1.8644,1.866,1.8681,1.9056,1.9073,2.1146,2.1166,2.5361,2.5553,2.5644,3.066,3.0677,3.0703,3.0727,3.0776,3.0818,3.0883,3.0929,3.1358,3.3117,3.3155,3.3305,3.3456,3.3532,3.4869,3.5372,3.5403,3.554,3.5564,3.5597,3.5744,3.7487,3.7822,3.8026,3.8112,3.8143,3.818,4.057,4.0601,4.0711,4.1787,4.3334,4.3719,4.4881,4.9779,5.0794,5.3636,5.4562,5.4994,6.08,6.0816,6.1402,6.1473,6.1497,6.6143,6.6265,6.74,6.7615,6.7648,6.9237,6.9299,7.2986,7.3491,7.4303,7.432,7.4417,7.4591,7.6454,7.6472
-1.5277,-1.4159,-1.1887,-1.1847,-1.1393,-0.985,-0.9381,-0.9365,-0.8733,-0.8706,-0.8074,-0.7906,-0.7877,-0.7519,-0.6941,-0.6915,-0.6173,-0.6109,-0.5657,-0.511,-0.3701,-0.367,-0.2245,-0.1607,0.0007,0.017,0.0191,0.0245,0.0261,0.0328,0.0405,0.0428,0.0593,0.0892,0.3751,0.3966,0.3984,0.4007,0.4039,0.4148,0.4514,0.4958,0.5018,0.5138,0.5167,0.5357,0.5737,0.5984,0.6038,0.6063,0.7555,0.9951,0.9973,0.9991,1.0038,1.0073,1.0155,1.0216,1.065,1.5514,1.5826,1.5842,1.7502,1.9631,2.0303,2.1065,2.9216,2.9256,2.995,2.9968,3.069,3.0719,3.0758,3.0964,3.0982,3.3102,3.3121,3.3159,3.3178,3.3433,3.4725,3.5497,3.5549,3.5578,3.5603,3.5666,3.5768,3.805,3.8137,3.8196,3.8217,3.8242,3.8261,4.0501,4.0518,4.0643,4.066,4.0696,4.0734,4.2142,4.2848,4.3047,4.3434,4.5429,4.5697,4.7244,4.7277,4.8366,5.0414,5.5766,5.8572,5.9118,6.1228,6.1333,6.1354,6.142,6.1504,6.2009,6.3825,6.3898,6.43,6.6196,6.8909,6.9124,6.9171,6.9191,7.1454,7.24,7.3042,7.4434,7.4709,7.4837
-1.9141,-1.444,-1.0504,-1.0151,-0.9148,-0.9118,-0.189,0.0157,0.0209,0.0242,0.0267,0.093,0.3947,0.3969,0.4004,0.4026,0.4051,0.4079,0.4124,0.4142,0.4994,0.5037,0.5059,0.5116,0.5957,0.6006,0.6025,0.6104,0.6152,0.6246,0.6538,0.7007,0.7807,0.823,0.9957,0.9989,1.0014,1.0061,1.011,1.0131,1.0153,1.0507,1.0586,1.4037,1.5852,1.5889,1.6018,1.6397,1.7125,1.8018,2.0434,2.6151,3.0698,3.0748,3.077,3.0813,3.0849,3.0887,3.0933,3.1706,3.3109,3.3175,3.3392,3.5508,3.555,3.5618,3.5655,3.5709,3.5758,3.8111,3.8145,3.8161,3.8214,3.8261,3.8328,3.9682,3.9713,4.0523,4.0544,4.0577,4.0694,4.0748,4.1276,4.1293,4.8359,4.8412,4.869,4.905,4.9947,5.5053,5.6774,5.6805,5.7106,5.7124,5.7146,6.0535,6.0737,6.0805,6.0827,6.0885,6.0901,6.102,6.1387,6.1428,6.1476,6.1597,6.1625,6.424,6.4446,6.4516,6.5987,6.6037,6.6055,6.7887,6.7905,6.8204,7.352,7.6715,7.726
-1.2544,-1.1299,-1.0531,-1.0493,-0.9145,-0.9126,-0.6923,-0.6413,-0.4671,-0.4568,-0.336,-0.1212,-0.1196,-0.0265,-0.016,-0.0138,0.0153,0.019,0.022,0.024,0.0282,0.0306,0.0405,0.0471,0.294,0.2972,0.3959,0.4003,0.4053,0.4084,0.4105,0.4162,0.4208,0.4271,0.4433,0.4979,0.5001,0.5039,0.5056,0.5087,0.5196,0.524,0.5337,0.5987,0.6021,0.6081,0.6163,0.62,0.7684,0.7734,0.8397,0.8426,0.9959,0.9976,0.9999,1.0025,1.0068,1.0123,1.2688,1.4319,1.4337,1.5263,1.7459,1.8289,1.8486,1.9383,1.959,2.2214,2.4184,2.4203,2.8058,2.8087,2.8385,2.8401,3.07,3.0745,3.0765,3.0813,3.0872,3.0904,3.0968,3.1779,3.185,3.3144,3.3173,3.3262,3.5507,3.5545,3.8105,3.8142,3.8158,3.8237,3.856,3.8797,3.9807,4.0508,4.0563,4.0587,4.0604,4.0627,4.0669,4.0718,4.333,4.4773,4.6106,5.032,5.2888,5.3155,5.7539,5.7572,6.1305,6.1334,6.1373,6.1407,6.1444,6.1522,6.1588,6.1763,6.1789,6.2357,6.5615,6.7698,6.8262,6.9425,6.9814,7.0493,7.103,7.2871,7.3004,7.3873,7.4235,7.4365,7.4381,7.4735,7.5755
-1.7129,-1.7095,-1.5853,-1.5184,-1.4067,-1.3451,-1.3422,-1.3073,-1.2337,-1.2299,-1.1531,-1.1514,-1.1487,-1.1471,-1.029,-0.8838,-0.8769,-0.6991,-0.6762,-0.6049,-0.2619,-0.2545,-0.0798,-0.0334,-0.0002,0.0176,0.0206,0.0228,0.0249,0.0268,0.044,0.0806,0.0883,0.1286,0.2291,0.3974,0.3995,0.405,0.416,0.4985,0.5195,0.5237,0.6015,0.7613,0.9958,0.9976,1.0031,1.0073,1.0158,1.0427,1.0514,1.0614,1.1703,1.1738,1.392,1.6002,1.8528,1.9436,1.9452,1.9481,2.0415,2.0533,2.0561,2.0597,2.063,2.1206,2.1259,2.1932,2.1975,2.3751,2.4589,2.5499,3.0703,3.072,3.0757,3.0818,3.1213,3.3114,3.3144,3.3183,3.3211,3.3238,3.331,3.3335,3.3445,3.5525,3.555,3.5599,3.5619,3.5731,3.5773,3.8113,3.8141,3.8161,3.8246,3.9275,4.0511,4.0528,4.0565,4.0599,4.0629,4.0663,4.0765,4.1485,4.1764,4.2495,4.3814,4.3919,4.4749,4.4777,4.5132,4.5188,4.7641,4.7706,4.7734,4.8294,5.1323,5.1877,5.1893,5.3664,5.3683,5.5916,5.6713,5.6745,6.1319,6.1359,6.1407,6.1484,6.164,6.1657,6.1752,6.178,6.8292,6.933,7.0745,7.0989,7.1108,7.1137,7.1153,7.5203,7.5259,7.532,7.54,7.5418,7.5435,7.5838
-1.893,-1.3981,-1.2065,-1.0958,-1.0684,-1.0621,-0.9264,-0.9245,-0.9228,-0.8511,-0.8151,-0.7597,-0.7454,-0.7086,-0.707,-0.617,-0.4137,-0.3327,-0.1556,-0.1539,-0.0666,-0.0646,-0.0471,0.0121,0.0195,0.0223,0.0248,0.0317,0.0342,0.0401,0.0881,0.3948,0.3993,0.4063,0.4112,0.4144,0.4214,0.4433,0.4572,0.4607,0.4958,0.4985,0.5019,0.5055,0.5963,0.6047,0.6162,0.6189,0.7183,0.9976,0.9999,1.0027,1.0092,1.2394,1.2411,1.3272,1.3304,1.3367,1.3418,1.3434,1.6481,1.6501,1.6922,1.6939,1.71,1.7311,2.2744,2.2862,2.6211,2.6405,2.6422,2.7269,2.7302,2.7496,2.7526,2.7938,2.855,2.8682,2.879,2.8813,3.0705,3.0727,3.0744,3.0786,3.0984,3.3098,3.3119,3.314,3.3158,3.3176,3.3301,3.3319,3.337,3.3469,3.3651,3.4776,3.5544,3.5592,3.5755,3.8135,3.8168,3.8192,3.8255,3.8315,3.8344,3.8688,4.038,4.0463,4.0524,4.0559,4.0578,4.0604,4.0625,4.0762,4.0784,4.1017,4.6554,4.8842,4.899,4.9014,5.3066,5.4097,5.426,5.4285,5.5108,6.1386,6.1407,6.1428,6.1689,6.1772,6.6828,6.7477,6.752,6.8729,6.908,7.0351,7.1809,7.4002,7.4031,7.4261,7.659,7.6606
-1.6386,-1.6093,-1.411,-1.3926,-1.2858,-1.2751,-1.2727,-1.2415,-1.2398,-1.1267,-1.1205,-1.1188,-1.1103,-1.1087,-1.1069,-1.0905,-1.0782,-1.0702,-1.0054,-0.8747,-0.8133,-0.6522,-0.6493,-0.2089,-0.2011,-0.1895,-0.1867,-0.1816,-0.1787,-0.1714,-0.1317,-0.1042,0.016,0.0178,0.0199,0.0222,0.0338,0.0425,0.0772,0.0791,0.1896,0.2549,0.2585,0.3993,0.401,0.4032,0.4093,0.4123,0.4241,0.499,0.5117,0.5182,0.5995,0.6158,0.635,0.8762,0.9971,1.0001,1.0017,1.0043,1.0176,1.3118,1.3646,1.7643,1.7691,1.7742,1.7778,1.9629,2.0134,2.1599,2.1619,2.4906,2.5085,2.5408,2.7505,2.7903,2.9958,3.0718,3.0745,3.0764,3.0833,3.0901,3.0929,3.1108,3.1147,3.1311,3.3102,3.3163,3.3219,3.3571,3.5532,3.5688,3.5753,3.5792,3.8135,3.8154,3.8187,3.835,3.8381,4.0236,4.0532,4.0567,4.0632,4.0885,4.3114,4.4296,4.491,4.7813,4.7831,5.0864,5.0881,5.2469,5.3347,5.573,5.5914,6.0245,6.1316,6.1426,6.1631,6.1678,6.1782,6.1911,6.5971,6.6013,6.744,6.9458,7.0383,7.1639,7.3618,7.3722,7.4236,7.4263,7.4612,7.4646,7.5329,7.5919
-1.97,-1.9682,-1.6173,-1.5748,-1.5727,-1.4534,-1.4518,-1.4458,-1.298,-1.2925,-0.9931,-0.9911,-0.9886,-0.9868,-0.6981,-0.6858,-0.6663,-0.664,-0.6601,-0.6511,-0.6463,-0.6284,-0.6195,-0.6177,-0.4925,-0.4824,-0.4679,-0.4662,-0.1521,-0.1501,0.0187,0.021,0.0247,0.0353,0.0391,0.0468,0.3968,0.3996,0.4014,0.4041,0.4088,0.4615,0.4986,0.5004,0.5869,0.5987,0.6006,0.6133,0.617,0.6473,0.8399,0.8933,0.9193,0.9214,0.9247,0.9602,0.9889,0.9954,0.9981,1.0004,1.0027,1.0046,1.0194,1.0255,1.034,1.0897,1.2696,1.2723,1.2742,1.2903,1.3391,1.3409,1.5479,1.5499,1.7478,2.5136,2.627,2.6343,2.6683,2.7663,2.9254,2.9271,3.0699,3.0732,3.0758,3.0789,3.0881,3.0911,3.093,3.0951,3.105,3.1113,3.2055,3.3122,3.3139,3.3188,3.3205,3.3237,3.3253,3.3302,3.3549,3.5527,3.5543,3.5691,3.5711,3.8102,3.8125,3.8144,3.8178,3.8277,3.831,3.9684,3.9727,3.9823,4.0316,4.0336,4.052,4.0539,4.0565,4.0622,4.0786,4.5173,4.5193,4.5257,4.5277,5.1124,5.1236,5.3605,5.3622,5.3762,5.3781,5.3987,5.5619,5.5636,5.6234,5.6254,6.1336,6.1363,6.1384,6.1414,6.5785,6.9145,7.0475,7.058,7.0726,7.1296,7.3436,7.3456,7.3623,7.4436,7.4455,7.4502,7.4525,7.6146
-1.5718,-1.3881,-1.378,-1.3761,-1.2535,-1.2519,-1.2008,-1.1989,-1.1323,-1.0991,-1.094,-0.7952,-0.6283,-0.4731,-0.4293,-0.4275,-0.3765,-0.3536,-0.3421,-0.0857,-0.0271,-0.0202,0.0158,0.0176,0.0195,0.0212,0.0232,0.0268,0.0286,0.0304,0.0347,0.0368,0.0621,0.0641,0.0918,0.3173,0.3193,0.3958,0.3982,0.4003,0.4022,0.4046,0.407,0.4111,0.4153,0.4173,0.4907,0.4997,0.5077,0.5571,0.5587,0.5618,0.5974,0.6024,0.6044,0.6067,0.6166,0.6342,0.7767,0.7784,0.7926,0.8315,0.8345,0.924,0.937,0.9514,0.9976,0.9997,1.0035,1.0067,1.0163,1.0185,1.399,1.6818,1.6942,1.6963,1.9613,2.0215,2.1122,2.1141,2.1196,2.1215,2.3166,2.3186,2.6902,2.9505,3.0701,3.0741,3.0759,3.0789,3.0807,3.0842,3.0862,3.0893,3.0915,3.094,3.1005,3.2349,3.2513,3.2549,3.2621,3.3136,3.3156,3.3175,3.3327,3.5481,3.5513,3.5532,3.5575,3.5621,3.5639,3.5656,3.5705,3.8126,3.8152,3.8177,3.8294,3.8314,3.8333,3.8629,3.9433,3.9453,3.9809,3.983,4.003,4.0166,4.021,4.0231,4.0248,4.0334,4.0514,4.0533,4.0592,4.0635,4.0667,4.0755,4.1426,4.2815,4.553,4.5595,4.5614,4.6779,4.6798,5.14,5.436,5.6809,5.6829,5.8326,5.9155,5.9173,6.0818,6.1322,6.137,6.1646,6.2233,6.4209,6.4226,6.5568,6.5875,6.6168,6.6248,6.6265,6.6353,6.7669,6.7689,7.0846,7.0967,7.1553,7.3061,7.3445

-1.4578,-1.456,-0.9757,-0.9642,-0.7477,-0.7261,-0.643,-0.3648,-0.3629,-0.2741,-0.2358,-0.2339,-0.2238,-0.2222,-0.2203,-0.2185,-0.1787,-0.1331,-0.107,-0.1049,0.0182,0.0198,0.0219,0.0255,0.0271,0.0323,0.0357,0.0567,0.0702,0.2097,0.2476,0.2565,0.2651,0.2672,0.2755,0.2789,0.3242,0.4962,0.4985,0.5019,0.5132,0.5154,0.517,0.5235,0.5549,0.7564,0.758,0.7606,0.7622,0.7643,0.7682,0.8726,0.9222,0.9842,0.9956,0.9983,1.0003,1.0025,1.0046,1.0063,1.0141,1.0181,1.0379,1.1772,1.1793,1.251,1.2535,1.3822,1.3975,1.4,1.4044,1.4397,1.547,1.5486,1.907,1.9087,2.6636,2.6655,3.0752,3.08,3.0824,3.0879,3.0929,3.0995,3.4511,3.4536,3.4559,3.4577,3.4598,3.462,3.4639,3.4727,3.4746,3.4808,3.5538,3.5578,3.5673,3.656,3.6605,3.6623,3.6673,3.6693,3.7818,3.9154,3.9182,4.0543,4.0562,4.0582,4.0623,4.0669,4.071,4.0747,4.0849,4.3501,4.4506,4.757,4.885,4.887,4.8895,5.0844,5.1055,5.3516,5.3605,6.1312,6.1349,6.1431,6.1481,6.1606,6.3896,6.3914,6.3932,6.4068,6.4234,6.4274,6.4297,6.6385,6.6405,6.8982,7.0055,7.0654,7.1408,7.1437,7.5326,7.5618
-1.2096,-1.198,-1.1927,-1.191,-1.1796,-1.1778,-0.9749,-0.9335,-0.9317,-0.6323,-0.616,-0.6081,-0.5732,-0.1618,-0.1268,-0.1004,-0.0356,0.0176,0.0212,0.0288,0.0337,0.043,0.046,0.0564,0.0808,0.2591,0.2624,0.2647,0.4976,0.5029,0.7582,0.7618,0.7653,0.8303,0.9966,1,1.0016,1.0038,1.0118,1.0179,1.0423,1.0583,1.4,1.4425,1.4525,1.8255,1.8273,1.8293,2.0315,2.0364,2.0384,2.3334,2.3353,2.364,2.7117,2.7177,2.7203,2.733,3.074,3.077,3.0795,3.4549,3.4598,3.4704,3.5531,3.557,3.56,3.562,3.5907,3.6394,3.6459,4.0531,4.057,4.059,4.0612,4.1011,4.1576,4.1734,4.2716,4.2752,4.2773,4.5335,4.5629,4.5648,5.2407,5.2437,5.2794,5.4454,5.8796,6.1329,6.1351,6.1372,6.1455,6.1518,6.1546,6.208,6.4049,6.425,6.4429,6.5928,6.8263,7.0364,7.0384,7.0811,7.0941,7.5491,7.5548,7.5565,7.5923
-1.7919,-1.7898,-1.4453,-1.1108,-1.0021,-0.9432,-0.9196,-0.9178,-0.6882,-0.6479,-0.6455,-0.2874,-0.285,-0.1024,-0.1003,0.0202,0.0225,0.033,0.0367,0.0514,0.0727,0.0781,0.2593,0.261,0.263,0.2647,0.2749,0.3132,0.4989,0.5008,0.503,0.5046,0.5164,0.5252,0.7586,0.7611,0.7636,0.7673,0.7889,0.9968,0.9984,1.0001,1.0026,1.013,1.1991,1.2233,1.2283,1.2424,1.2444,1.2759,1.2785,1.2847,1.3059,1.5454,1.5474,1.7287,1.7305,1.7713,1.7731,1.7817,2.2918,2.3198,2.3218,2.3247,2.5956,2.7485,2.7503,2.783,2.785,3.0749,3.077,3.0791,3.0857,3.3572,3.4505,3.4525,3.4546,3.4576,3.46,3.468,3.4698,3.5541,3.5558,3.5589,3.5647,3.5669,3.6544,3.6662,3.6713,3.7245,3.8944,4.052,4.0546,4.0567,4.0584,4.0602,4.062,4.0647,4.0687,4.0703,4.0733,4.076,4.147,4.1883,4.1904,4.3198,4.3379,4.7816,4.7835,4.8015,4.8032,4.8057,4.8993,4.9012,4.9821,5.0108,5.0128,5.7162,5.718,6.1318,6.134,6.1392,6.1434,6.1452,6.147,6.1499,6.1523,6.1647,6.1886,6.4102,6.6274,6.6294,6.7248,6.8331,6.8367,7.017,7.0291,7.031,7.0364,7.0452,7.43,7.4874,7.5956,7.6058,7.6078,7.6374
-1.9416,-1.9382,-1.8812,-1.8532,-1.8109,-1.8092,-1.7934,-1.7918,-1.6182,-1.5613,-1.5587,-1.4075,-1.3448,-1.0644,-0.9328,-0.9083,-0.9058,-0.8976,-0.6121,-0.6101,-0.6022,-0.251,-0.0912,-0.0705,0.0059,0.0172,0.0209,0.0299,0.0389,0.0508,0.0612,0.2579,0.2639,0.2661,0.2738,0.2801,0.282,0.4975,0.5041,0.5193,0.521,0.7558,0.7584,0.7628,0.7736,0.7882,0.9955,0.9979,1,1.0202,1.6403,1.9834,2.1887,2.2005,2.2067,2.2886,2.6971,2.7798,2.7919,3.0706,3.0723,3.076,3.0785,3.082,3.0887,3.1036,3.1317,3.4511,3.4532,3.4769,3.4854,3.4971,3.5506,3.5532,3.5549,3.5592,3.5672,3.5717,3.5737,3.6584,3.6691,3.6718,3.6736,3.7061,3.7183,4.0546,4.0687,4.0707,4.0892,4.4746,4.6671,4.8695,4.9217,5.2061,5.2768,5.5025,5.5063,5.6284,5.8669,6.0356,6.0475,6.0521,6.1307,6.1342,6.1505,6.1616,6.3689,6.9404,6.9643,6.9679,7.163,7.5093
-1.6976,-0.9097,-0.9079,-0.8928,-0.8911,-0.7999,-0.3504,0.0161,0.0179,0.0225,0.0272,0.0294,0.0392,0.0748,0.1494,0.2577,0.2637,0.2659,0.2785,0.2832,0.3127,0.345,0.3537,0.4959,0.4979,0.5035,0.5056,0.5158,0.7559,0.7599,0.7787,0.9974,0.9996,1.0012,1.0146,1.0175,1.0294,1.0311,1.0897,1.095,1.1231,1.1261,1.1568,1.1853,1.3416,1.3445,1.3938,1.415,1.4167,1.4544,1.5418,1.5435,1.616,2.3045,2.3063,2.3094,2.3118,2.5199,2.5827,3.073,3.0768,3.0803,3.0875,3.0896,3.0921,3.1164,3.335,3.4408,3.4515,3.4611,3.4699,3.477,3.4917,3.5072,3.5324,3.5341,3.5517,3.5575,3.56,3.5886,3.601,3.6132,3.6558,3.6592,3.6627,3.6649,3.7228,3.7367,3.8894,4.0367,4.042,4.0518,4.0545,4.0618,4.07,4.113,4.1456,4.3057,4.3073,4.8268,4.9323,4.9418,4.9471,4.9503,5.4251,5.4786,5.6929,6.1151,6.1169,6.1306,6.1335,6.1361,6.1379,6.1428,6.1451,6.1509,6.1621,6.173,6.1748,6.2406,6.2441,6.8108,7.0557,7.0956,7.1681,7.2807,7.3942,7.3971,7.4482,7.4673,7.5086,7.5208,7.526,7.6047,7.6064,7.679,7.7091,7.711
-1.7165,-1.71,-1.5641,-1.5621,-1.3041,-1.3009,-1.2591,-1.2572,-1.0659,-1.0502,-0.9332,-0.7849,-0.0763,-0.0102,0.015,0.0171,0.0199,0.0247,0.0286,0.0312,0.0344,0.0428,0.0558,0.2556,0.2593,0.2622,0.2642,0.268,0.3813,0.3895,0.3919,0.4957,0.4973,0.4998,0.5026,0.5122,0.7545,0.7571,0.7644,0.779,0.995,0.9988,1.0015,1.0034,1.0052,1.1367,1.1938,1.2776,1.2798,1.501,1.5459,1.5852,1.6074,1.6376,1.8303,1.8418,2.1757,2.1773,2.2029,2.7726,2.7742,3.0702,3.0735,3.0752,3.0794,3.0831,3.0925,3.0985,3.4051,3.4501,3.4546,3.4615,3.4676,3.4707,3.4737,3.5053,3.552,3.5561,3.5626,3.5676,3.5714,3.6432,3.6512,3.6534,3.6553,3.6632,3.6658,3.6751,3.6858,3.9307,3.9345,3.9504,3.9521,3.9549,3.9575,4.05,4.0557,4.06,4.0699,4.0782,4.0933,4.7224,5.109,5.2533,5.2799,5.3001,5.3213,6.0103,6.1309,6.1327,6.1354,6.1439,6.1679,6.1702,6.2464,6.5138,6.5395,6.9352,7.2394,7.3018,7.3048,7.3169,7.3737,7.3754,7.4125,7.6541,7.7411,7.7454
-1.8458,-1.7986,-1.5224,-1.5183,-1.4221,-1.1642,-0.9157,-0.8614,-0.8528,-0.8336,-0.4455,-0.0412,0.0157,0.0173,0.0196,0.0225,0.0249,0.0284,0.0383,0.052,0.1925,0.2551,0.2601,0.2687,0.2793,0.3158,0.496,0.5009,0.5031,0.5077,0.7546,0.7588,0.7612,0.7654,0.7678,0.7731,0.7767,0.9511,0.9948,0.9988,1.0004,1.0023,1.0181,1.0691,1.2298,1.2657,1.274,1.2771,1.4378,1.44,1.4494,1.4522,1.4688,1.4706,1.6436,1.6481,1.877,1.9295,1.9584,2.0464,2.3268,2.3334,2.3362,2.593,2.7721,3.0051,3.0746,3.0764,3.08,3.4519,3.4562,3.4641,3.4658,3.4677,3.4835,3.5479,3.5516,3.5556,3.5656,3.5843,3.6607,3.6747,3.8495,3.8792,4.0531,4.0551,4.0652,4.0689,4.0707,4.0744,4.0763,4.2253,4.2302,4.2579,4.2596,4.294,4.2964,4.2982,4.3183,4.6157,4.6178,4.7157,4.9139,4.9434,4.9895,4.9913,5.0097,5.5771,5.5796,5.6499,5.8569,5.8649,5.9197,5.9262,6.1301,6.1342,6.1361,6.1384,6.1483,6.1528,6.1563,6.7841,7.0243,7.0381,7.0682,7.0737,7.1014,7.1038,7.348,7.409,7.474,7.5221,7.5255,7.6406,7.6811,7.6969
-1.3578,-1.3155,-1.198,-0.9822,-0.9806,-0.8149,-0.6457,-0.0948,-0.0931,0.0022,0.0059,0.0153,0.0192,0.0248,0.0269,0.0304,0.036,0.0389,0.0856,0.2558,0.2603,0.2647,0.2663,0.2726,0.4958,0.5023,0.5107,0.5666,0.6051,0.7561,0.7583,0.7611,0.7639,0.7803,0.9621,0.9959,1,1.0054,1.0081,1.0099,1.0144,1.1587,1.2533,1.2551,1.4305,1.4727,1.5402,1.5418,1.5572,1.5601,1.7115,1.7316,1.7632,1.7909,1.7926,2.0094,2.0345,2.0362,2.1081,2.1785,2.2254,2.369,2.4327,2.4446,2.4581,2.586,2.5876,2.8912,2.94,2.9417,3.0699,3.0777,3.0793,3.0858,3.0878,3.0936,3.1418,3.2591,3.4505,3.4588,3.4607,3.4648,3.471,3.5567,3.559,3.5732,3.6504,3.6521,3.7061,4.0494,4.0517,4.0547,4.0574,4.0602,4.4327,4.7513,4.8149,5.104,5.7064,5.8267,6.0298,6.0338,6.1324,6.1353,6.1395,6.1416,6.1437,6.1509,6.1526,6.5509,6.8956,6.8974,6.9139,7.2679,7.2829,7.2845,7.2878,7.3531,7.3576,7.3604,7.3639,7.367,7.3863,7.6287
-1.2248,-1.1813,-0.9584,-0.9146,-0.7423,-0.7306,-0.698,-0.6949,-0.6912,-0.6872,-0.1861,-0.1126,-0.1098,-0.0468,-0.0311,0.0159,0.0193,0.0228,0.0276,0.0322,0.0355,0.0532,0.2558,0.2592,0.2618,0.2638,0.2681,0.2826,0.4146,0.4988,0.5006,0.5115,0.5192,0.5221,0.7098,0.7405,0.7557,0.759,0.7619,0.7637,0.7713,0.7787,0.7827,0.9966,0.9991,1.008,1.0107,1.021,1.0766,1.0797,1.1692,1.1708,1.2409,1.2437,1.3863,1.4298,1.6017,1.6034,1.6052,1.7664,1.7764,1.8576,1.8839,1.8857,1.9087,1.9126,2.9467,3.0179,3.0212,3.0744,3.0765,3.0783,3.0818,3.0894,3.0929,3.0982,3.107,3.1351,3.4511,3.4545,3.4568,3.4609,3.4629,3.4729,3.4772,3.4788,3.5547,3.559,3.5637,3.5716,3.5834,3.5853,3.6014,3.6535,3.6578,3.6615,3.6738,3.6755,3.6779,3.8565,3.8989,3.9108,4.0262,4.0299,4.0474,4.0496,4.0554,4.0576,4.0632,4.0778,4.2257,4.3451,4.5062,5.1697,5.1715,5.4509,5.723,5.7248,5.8196,5.8912,5.9045,5.9074,5.9134,5.9323,6.1302,6.1352,6.1374,6.1405,6.1556,6.1712,6.2092,6.7661,7.1227,7.3475,7.3824,7.3841,7.4536
-1.7875,-1.7478,-0.6558,-0.5911,-0.4986,-0.4564,-0.4072,-0.3056,-0.2699,-0.2682,-0.2492,-0.2347,-0.1263,-0.1209,-0.0831,0.015,0.0173,0.0196,0.0215,0.0254,0.0417,0.0819,0.2555,0.2574,0.259,0.2618,0.268,0.2791,0.3234,0.4989,0.5015,0.5054,0.5083,0.5243,0.5653,0.5675,0.7555,0.7572,0.7631,0.7647,0.7683,0.7772,0.7789,0.8315,0.9276,0.9459,0.9966,0.9991,1.0015,1.0049,1.007,1.0087,1.0106,1.0197,1.4097,1.4115,1.6141,1.7488,1.7516,1.7826,2.1424,2.4553,3.0726,3.0746,3.0783,3.0855,3.2008,3.4532,3.4564,3.4581,3.4604,3.465,3.4721,3.4761,3.4777,3.4841,3.4988,3.5225,3.5256,3.5513,3.5538,3.5555,3.561,3.5629,3.5717,3.5733,3.5776,3.6341,3.6551,3.6609,3.6637,3.6671,3.6838,3.7593,3.762,3.8665,3.9756,3.9775,4.0125,4.0147,4.0163,4.052,4.0569,4.0589,4.0668,4.079,4.129,4.2303,4.2396,4.2414,4.2979,4.6051,4.6382,4.6847,4.6879,4.6897,4.6939,4.7828,4.8454,4.8905,5.3324,5.9069,6.1233,6.1295,6.1363,6.1381,6.1513,6.153,6.1665,6.1864,6.3766,6.5809,6.7935,6.9099,6.9117,7.0881,7.1073,7.2337,7.2696,7.5298,7.5732,7.5966,7.6039,7.634,7.6379
-1.8515,-1.8411,-1.8377,-1.8118,-1.3753,-1.3322,-1.0476,-1.0457,-1.0427,-1.0206,-0.974,-0.8489,-0.8319,-0.827,-0.7743,-0.7293,-0.6936,-0.5642,-0.5257,-0.2555,-0.1865,-0.1463,-0.1415,-0.0654,0.0182,0.0222,0.0243,0.0287,0.0341,0.0358,0.039,0.0419,0.0461,0.0484,0.2565,0.2582,0.2599,0.2626,0.2662,0.2731,0.2806,0.2881,0.4998,0.5034,0.5066,0.5083,0.513,0.558,0.5677,0.5696,0.7565,0.763,0.7664,0.8264,0.9475,0.9962,0.9989,1.001,1.003,1.0051,1.0069,1.0127,1.0605,1.2294,1.4285,1.4658,1.4684,1.52,1.5701,1.6378,1.6906,1.7059,1.8043,1.9953,1.997,2.2377,2.2421,2.3086,2.5344,2.6624,2.6656,2.8009,2.804,3.0708,3.0725,3.0741,3.0759,3.08,3.083,3.0901,3.1058,3.1248,3.4511,3.4538,3.4563,3.4598,3.4629,3.4787,3.5661,3.5776,3.6639,3.6715,3.7953,3.9259,4.0024,4.053,4.0551,4.0611,4.063,4.0653,4.0699,4.0975,4.1944,4.3572,4.7869,4.79,4.8293,4.8608,4.8701,4.9981,5.4983,5.5599,5.9641,6.1332,6.1349,6.1367,6.1399,6.1444,6.1473,6.1535,6.1573,6.1656,6.218,6.9385,6.9546,7.0306,7.0581,7.1252,7.5759,7.5777
-1.4602,-1.4494,-1.3833,-0.497,-0.4699,-0.288,-0.2494,0.0158,0.0217,0.03,0.0364,0.0469,0.052,0.0729,0.2593,0.2626,0.2654,0.2841,0.298,0.4971,0.5014,0.5061,0.5144,0.5179,0.7561,0.7578,0.7611,0.7725,0.779,0.9962,1.0001,1.0123,1.0205,1.2406,1.2488,1.3156,1.3172,1.3329,1.4033,1.4061,1.4317,1.6106,1.6136,1.7075,1.7093,1.9175,1.9258,1.9274,1.9921,2.1887,2.1944,2.2554,2.6179,2.7628,2.8952,2.9062,3.0741,3.0765,3.0784,3.084,3.0971,3.2931,3.454,3.4559,3.4586,3.4612,3.4639,3.468,3.4725,3.5555,3.5585,3.5718,3.6554,3.6583,3.6615,3.6728,3.9159,4.0512,4.0546,4.0566,4.0584,4.0614,4.0763,4.3718,4.3736,4.8924,4.8943,5.0775,5.0806,5.1586,5.1615,5.2949,5.3168,5.3286,5.3305,5.547,5.5503,5.5735,5.7809,5.8072,5.8089,5.8107,5.9233,6.1342,6.1366,6.14,6.15,6.285,6.5109,6.5127,6.7822,6.8748,7.2283,7.291,7.293,7.3016,7.3604,7.3621,7.3788
-1.9355,-1.915,-1.8734,-1.8523,-1.7613,-1.7435,-1.7,-1.6739,-1.6705,-1.6607,-1.5801,-1.4983,-1.4838,-0.912,-0.8803,-0.877,-0.8754,-0.6649,-0.6432,-0.6082,-0.6065,-0.5271,-0.525,-0.5094,-0.4763,-0.4606,-0.383,-0.3796,-0.3228,-0.3202,-0.3185,-0.2873,-0.241,-0.144,-0.0934,-0.0918,-0.0589,-0.0572,-0.0532,-0.0447,-0.003,0.0153,0.0195,0.0228,0.028,0.0396,0.0466,0.1371,0.2563,0.2599,0.2652,0.2711,0.2803,0.2844,0.4953,0.4981,0.4999,0.5036,0.5062,0.5141,0.5483,0.7588,0.7609,0.7645,0.7677,0.773,0.784,0.8126,0.996,0.9995,1.0028,1.0093,1.0162,1.0228,1.2368,1.2509,1.2888,1.3302,1.3593,1.3706,1.4647,1.4665,1.4956,1.5654,1.573,1.5922,1.5998,1.7453,2.1812,2.2059,2.4931,2.5798,2.749,3.0704,3.0724,3.0756,3.1257,3.1729,3.454,3.4563,3.4606,3.4696,3.4733,3.5552,3.5618,3.5716,3.6524,3.6541,3.6559,3.6585,3.6603,3.6681,3.6917,3.719,4.0553,4.0667,4.0684,4.0709,4.2247,4.3235,4.4075,4.7802,4.9417,4.9434,5.296,5.5371,5.7812,6.0432,6.1333,6.1356,6.1442,6.146,6.1489,6.1623,6.3718,6.3948,6.5411,6.8176,7.0126,7.1061,7.1088,7.1836,7.3276,7.3387,7.3404,7.3637,7.7341,7.8215,7.8233
-1.7263,-1.5703,-1.5242,-1.4292,-1.4268,-1.22,-0.1373,-0.1356,0.0186,0.0224,0.0272,0.0312,0.0339,0.0372,0.0752,0.0818,0.0913,0.2418,0.2558,0.2579,0.2602,0.2693,0.2914,0.3215,0.496,0.4978,0.4998,0.5121,0.521,0.5232,0.7334,0.7549,0.7597,0.7632,0.7654,0.7693,0.7715,0.7805,0.8301,0.8745,0.9996,1.0012,1.0059,1.0092,1.0178,1.0217,1.0501,1.2069,1.352,1.3565,1.4167,1.4211,1.4626,1.6781,1.693,1.7231,1.8281,1.8297,2.0128,2.3831,2.534,2.5356,2.6982,2.8814,3.0716,3.0762,3.078,3.0876,3.0915,3.4539,3.4646,3.4679,3.4716,3.5574,3.5712,3.6168,3.6571,3.6709,3.6997,3.7672,3.7749,3.8684,3.8874,3.9764,3.978,4.0025,4.0504,4.0538,4.0559,4.058,4.0622,4.0645,4.0673,4.0735,4.0767,4.0917,4.1016,4.1034,4.1777,4.2701,4.423,5.2399,5.4003,5.495,5.6026,6.1294,6.1322,6.1353,6.1447,6.1467,6.152,6.1763,6.178,6.6911,6.6931,6.8538,6.8949,7.0634,7.1898,7.192,7.2208,7.2232,7.4628,7.4814,7.5531,7.5928,7.7112,7.749,7.7506
-1.6481,-1.6462,-1.2655,-1.2639,-1.0206,-1.0122,-0.4779,-0.4762,-0.4741,-0.4276,-0.4173,-0.4125,-0.3601,-0.3583,-0.2529,-0.2508,-0.125,-0.123,-0.0374,-0.0342,0.0183,0.0228,0.0276,0.0309,0.0345,0.0383,0.101,0.2552,0.2584,0.2634,0.272,0.2937,0.3012,0.4956,0.4986,0.5072,0.5363,0.7545,0.7593,0.7622,0.7693,0.7786,0.7811,0.7829,0.9279,0.9487,0.9909,0.996,0.9979,0.9996,1.0012,1.0095,1.0156,1.019,1.3601,1.3619,1.5094,1.5111,1.5129,1.7606,1.7955,1.7972,1.7989,1.8006,1.8078,1.9394,1.9414,2.034,2.0359,2.0657,2.0918,2.0936,2.3328,2.3346,2.3367,2.6819,2.8028,2.8046,2.8069,2.9265,2.9333,2.9349,3.0732,3.0749,3.0799,3.082,3.0838,3.0903,3.0925,3.1137,3.1329,3.1957,3.4499,3.4529,3.4551,3.4615,3.4739,3.5517,3.5537,3.5621,3.5684,3.5703,3.574,3.591,3.5986,3.6015,3.6034,3.6537,3.6566,3.662,3.6795,3.6815,3.6908,3.7023,3.9339,3.9818,3.9837,4.0005,4.0025,4.0332,4.035,4.0497,4.0536,4.0557,4.0617,4.0655,4.0721,4.0769,4.0808,4.4521,4.4637,4.4807,4.4867,4.5192,4.5212,4.7524,4.7619,4.7639,4.8234,4.8262,5.0366,5.2407,5.4492,5.4512,5.8286,6.0839,6.0859,6.1329,6.1351,6.1369,6.1452,6.1474,6.1505,6.1538,6.1616,6.1836,6.2273,6.2855,6.2874,6.8078,6.8097,7.0771,7.0789,7.081,7.1125,7.2461,7.2655,7.2829

-0.76,-0.7583,-0.7379,-0.7182,-0.6274,-0.6244,-0.4684,-0.4667,-0.4062,-0.3503,-0.3464,-0.3044,-0.2617,-0.2599,-0.2253,-0.2234,-0.1909,-0.059,-0.0395,-0.0329,0.0182,0.0199,0.0216,0.0238,0.0257,0.034,0.0367,0.0405,0.2561,0.2578,0.2627,0.2644,0.2734,0.3005,0.3022,0.3045,0.3387,0.4961,0.4996,0.5045,0.5117,0.5135,0.5318,0.5353,0.7441,0.7563,0.758,0.7598,0.7636,0.7704,0.7723,0.7759,0.8764,0.9979,0.9995,1.0025,1.0042,1.0062,1.0305,1.037,1.0659,1.0965,1.2836,1.642,1.9957,2.0252,2.057,2.2078,2.2097,2.2201,2.2228,2.2248,2.2369,2.5665,2.6798,2.8319,3.0717,3.0737,3.0765,3.0801,3.0889,3.0909,3.103,3.1293,3.3109,3.313,3.3158,3.3191,3.3242,3.3306,3.3611,3.4817,3.5521,3.5565,3.5582,3.8171,3.8194,3.8226,3.852,3.8537,3.9342,4.0548,4.0582,4.0707,4.0882,4.2679,4.2771,4.5203,4.5221,4.7237,4.7254,4.8533,5.4644,5.9282,5.9423,5.9464,6.1302,6.1322,6.1343,6.136,6.1439,6.1501,6.1541,6.1562,6.1588,6.193,6.4438,6.9348,6.9365,6.9505,6.9524,6.9545,6.9783,7.0595,7.2104,7.2163,7.3693,7.6042,7.7361
-1.8914,-1.856,-1.8544,-1.1877,-1.1612,-0.954,-0.9519,-0.8855,-0.3021,-0.205,-0.203,-0.1626,-0.1606,-0.1517,-0.0193,-0.0173,0.0076,0.0159,0.022,0.0238,0.0321,0.0352,0.0506,0.2576,0.2595,0.2616,0.2786,0.4954,0.4973,0.5,0.5049,0.5073,0.5152,0.5277,0.7556,0.7589,0.7627,0.7647,0.9527,0.9546,0.9965,0.9995,1.0031,1.0047,1.0065,1.0305,1.0389,1.3365,1.3664,1.7056,1.8982,1.9,2.4553,2.4995,2.7759,3.073,3.0755,3.0778,3.0809,3.0915,3.0995,3.1369,3.3144,3.3162,3.3193,3.3401,3.5512,3.5529,3.555,3.5588,3.5626,3.5681,3.5757,3.5773,3.6196,3.6218,3.8106,3.8128,3.8168,3.82,4.0526,4.0571,4.0588,4.0702,4.1718,4.1736,4.321,4.3683,4.4178,4.4211,4.9186,4.9402,5.8521,6.059,6.0644,6.0665,6.1299,6.1334,6.1355,6.1416,6.1466,6.1486,6.1557,6.1577,6.2635,6.4167,6.772,6.7864,7.1391,7.1408,7.1918,7.203,7.2081,7.4288,7.6286,7.6519,7.6537
-1.4262,-1.3868,-1.1351,-0.9309,-0.7785,-0.4698,-0.1479,-0.0891,0.0147,0.0202,0.022,0.0238,0.0297,0.0316,0.0411,0.0505,0.0718,0.2558,0.2579,0.2615,0.2635,0.2687,0.2812,0.3278,0.3622,0.3794,0.3814,0.3866,0.4433,0.4956,0.4981,0.5002,0.5018,0.5042,0.5148,0.7591,0.7611,0.7647,0.7752,0.7941,0.7979,0.824,0.9981,0.9997,1.0016,1.0035,1.1851,1.3969,1.3985,2.1753,2.4764,2.7548,3.0698,3.0732,3.0748,3.0807,3.0838,3.0925,3.104,3.1107,3.1262,3.1386,3.3147,3.3166,3.3182,3.326,3.3282,3.33,3.3319,3.335,3.3376,3.5549,3.5578,3.5618,3.5638,3.571,3.8098,3.8115,3.8135,3.8156,3.8175,3.8283,3.8337,3.8356,3.8428,4.05,4.0522,4.054,4.0559,4.0625,4.0645,4.0669,4.0712,4.0734,4.0906,4.0924,4.111,4.1347,4.7074,4.9576,4.9595,5.1689,5.9414,6.0264,6.1058,6.1078,6.1201,6.1343,6.1379,6.1467,6.1574,6.1593,6.1649,6.1669,6.3736,6.3878,6.3915,6.3931,6.3948,6.7997,6.8306,7.0369,7.0388,7.4864,7.492,7.4936,7.4964,7.5004,7.6109,7.6186,7.6206,7.6739
-1.8906,-1.8885,-1.8523,-1.8503,-1.8185,-1.8126,-1.7616,-1.7481,-1.5568,-1.5122,-1.4429,-0.854,-0.8397,-0.8378,-0.8254,-0.7989,-0.4951,-0.49,-0.4881,-0.3005,-0.2964,-0.2936,-0.1721,-0.0627,-0.0129,-0.0108,0.0159,0.0184,0.02,0.027,0.0315,0.036,0.038,0.0603,0.0675,0.0869,0.2573,0.2593,0.2626,0.2759,0.3178,0.3221,0.4954,0.4971,0.4989,0.5022,0.5051,0.5071,0.5104,0.5193,0.7551,0.7587,0.7661,0.7687,0.7771,0.9417,0.9967,0.9989,1.0015,1.0159,1.0178,1.0213,1.1474,1.1673,1.1692,1.1822,1.2157,1.2176,1.2754,1.2775,1.3176,1.3607,1.3626,1.375,1.4061,1.4376,1.4411,1.5094,1.5115,1.5481,1.5497,1.5704,1.7491,1.751,2.2704,2.4709,2.4729,2.6752,2.6772,3.0709,3.0726,3.0745,3.0776,3.0816,3.0834,3.0919,3.094,3.1359,3.311,3.3128,3.3178,3.3264,3.5271,3.5546,3.5771,3.5871,3.6278,3.8103,3.8133,3.8178,3.8392,3.8441,3.9529,4.0512,4.0534,4.0569,4.0618,4.0651,4.0807,4.2915,4.4013,4.8158,4.8178,4.89,5.0082,5.4994,5.9529,5.9545,6.0049,6.0777,6.0797,6.1338,6.1457,6.1477,6.1503,6.1589,6.1802,6.182,6.1838,6.1886,6.5335,6.541,6.5444,6.5462,6.5478,6.6299,6.9692,6.9709,6.9806,7.0202,7.1423,7.1655,7.1675,7.1843,7.1861,7.2072,7.2244,7.6751,7.6772,7.6822,7.6842,7.6858
-1.7618,-1.7598,-1.5295,-1.5277,-1.0812,-1.0537,-1.0179,-0.784,-0.4986,-0.4918,-0.4898,-0.4878,0.0153,0.0195,0.0218,0.0252,0.0272,0.0297,0.0358,0.04,0.0446,0.0591,0.0638,0.0662,0.259,0.2613,0.2632,0.2681,0.2808,0.4994,0.5028,0.5047,0.5083,0.5249,0.7587,0.7611,0.7629,0.7666,0.7687,0.7704,0.7726,0.7828,0.7883,0.8293,0.9706,0.9732,0.9977,0.9997,1.0113,1.0581,1.133,1.1386,1.1409,1.2443,1.2462,1.4362,1.4436,1.5434,1.884,1.886,1.9096,1.9114,1.9185,1.9205,2.0417,2.0437,2.0811,2.3135,2.3169,2.3189,2.4149,2.4168,2.4752,2.4768,2.5318,2.5892,3.0721,3.0738,3.0768,3.0808,3.0871,3.0891,3.0911,3.1369,3.3111,3.3129,3.3152,3.3172,3.3189,3.3252,3.337,3.339,3.4489,3.4534,3.4577,3.4611,3.4688,3.4707,3.4724,3.5075,3.5597,3.5663,3.571,3.5785,3.7145,3.7768,3.8061,3.8126,3.8147,3.8218,3.8235,3.8255,3.8287,3.8315,3.8339,3.8356,3.8438,3.8455,3.8472,3.8647,3.8761,3.9967,3.999,4.0274,4.0508,4.0531,4.055,4.0572,4.0683,4.0739,4.0801,4.115,4.3989,4.4222,4.4565,4.4584,4.5114,4.5131,4.6209,4.6229,4.6423,4.6443,4.6515,4.6534,4.658,4.8823,5.1119,5.2096,5.2181,5.4988,5.5179,5.878,6.1313,6.1343,6.1363,6.1395,6.1417,6.1478,6.1571,6.1687,6.1717,6.1742,6.4917,6.9138,6.9775,6.9827,6.9945,7.1795,7.3463,7.5003,7.5022,7.5043,7.6274,7.6292,7.7578,7.7891
-1.9948,-1.8715,-1.7769,-0.9993,-0.939,-0.8206,-0.8187,-0.7808,-0.7733,-0.7716,-0.7462,-0.6831,-0.6472,-0.6377,-0.6127,-0.542,-0.345,-0.3429,-0.324,-0.3221,-0.3204,-0.1824,-0.1804,0.0171,0.0248,0.0264,0.0288,0.0312,0.0342,0.0363,0.0384,0.0497,0.0573,0.0663,0.2558,0.2582,0.2598,0.2655,0.2691,0.2883,0.3278,0.4967,0.4984,0.5001,0.5021,0.5037,0.506,0.5164,0.5207,0.5255,0.5476,0.7561,0.7577,0.7612,0.7804,0.807,0.8127,0.9113,0.9136,0.9232,0.9962,0.9982,1.0056,1.0074,1.0122,1.0172,1.0265,1.2376,1.2585,1.2606,1.5159,1.6144,1.6333,1.7021,1.704,1.7284,1.7303,1.7581,1.8499,2.1111,2.2411,2.5173,2.526,2.5677,2.5726,2.7089,2.9324,2.934,2.9476,3.073,3.0758,3.0782,3.08,3.0821,3.0841,3.3102,3.3134,3.316,3.318,3.3318,3.5527,3.5546,3.5564,3.5593,3.5722,3.5808,3.7658,3.7678,3.8122,3.8142,3.8167,3.8192,3.8268,3.846,3.9502,3.9544,4.0511,4.0532,4.0573,4.0643,4.0715,4.0738,4.0806,4.1141,4.145,4.456,4.4598,4.4619,4.5949,4.6299,4.6912,4.9759,5.0017,5.0125,5.0561,5.2553,5.3352,5.5651,5.567,5.5698,5.5768,5.5785,5.8819,6.0912,6.1324,6.1353,6.1376,6.145,6.1584,6.1657,6.3652,6.8536,6.8696,6.9845,7.0813,7.0904,7.1207,7.263,7.2875,7.2972,7.3,7.4291,7.4314,7.5422,7.6054,7.6398
-1.8558,-1.42,-1.3628,-1.3346,-1.3292,-1.3127,-1.3032,-1.2828,-1.2611,-1.2328,-0.5847,-0.4806,-0.3829,-0.1398,-0.132,-0.0448,0.0145,0.0166,0.0216,0.0236,0.0295,0.0584,0.0893,0.0981,0.2551,0.2594,0.2617,0.2652,0.267,0.2733,0.2761,0.4959,0.4975,0.4997,0.5032,0.5108,0.5135,0.55,0.5725,0.7562,0.7587,0.7608,0.763,0.7712,0.9019,0.9143,0.9984,1.001,1.0026,1.0111,1.141,1.1427,1.2779,1.3891,1.3919,1.8924,1.8968,1.9764,1.9861,2.1589,2.2,2.4104,2.4226,2.4592,2.5051,2.5103,2.5123,2.7242,2.7259,2.7296,2.7925,3.0703,3.0719,3.0749,3.077,3.0787,3.0812,3.0838,3.0948,3.3096,3.3117,3.3143,3.3195,3.3426,3.5508,3.5537,3.5575,3.5724,3.8112,3.8135,3.8181,3.8208,3.8263,3.8347,3.8692,4.0549,4.0576,4.0622,4.0642,4.0675,4.4121,4.4151,4.4492,4.4526,4.4767,4.6016,4.6049,4.6146,4.6235,4.631,4.9961,5.3688,5.5127,6.1317,6.1337,6.1405,6.1437,6.1532,6.1604,6.2326,6.4074,6.5849,6.5874,7.1128,7.437,7.441,7.5599,7.652,7.6818
-1.8563,-1.5966,-1.5933,-1.5915,-1.5816,-1.5708,-1.4224,-1.4188,-1.411,-1.1254,-0.9914,-0.5912,-0.5876,-0.4831,-0.4527,-0.4467,-0.4433,-0.4129,-0.3258,-0.2253,-0.1775,-0.0089,-0.0033,0.016,0.0193,0.0211,0.0233,0.0414,0.0486,0.2541,0.2577,0.2595,0.2646,0.2667,0.2836,0.4131,0.4957,0.5007,0.5044,0.5142,0.5193,0.5284,0.7019,0.7037,0.7307,0.7337,0.7555,0.7617,0.765,0.7666,0.7763,0.779,0.9302,0.9956,0.9975,1.0003,1.0062,1.0094,1.015,1.0175,1.0195,1.0211,1.1587,1.2327,1.2568,1.2706,1.2736,1.2996,1.3938,1.4164,1.4745,1.6906,1.7175,1.824,1.8881,1.9089,1.9144,2.3058,2.5955,2.6839,2.7857,2.826,2.896,2.9088,2.9315,3.07,3.0742,3.0762,3.0808,3.0953,3.0977,3.3104,3.3138,3.3173,3.3191,3.3267,3.3326,3.344,3.3474,3.4903,3.5495,3.5515,3.5561,3.5892,3.8113,3.8142,3.8176,3.8337,3.8582,4.0502,4.053,4.0556,4.0609,4.0814,4.2417,4.2434,4.3851,4.3959,4.495,4.7301,4.7331,4.8913,4.896,5.3431,5.3708,5.3919,5.395,6.1299,6.1318,6.1343,6.1471,6.1489,6.1521,6.1645,6.1765,6.2179,6.7529,6.9504,6.9922,7.0143,7.0496,7.0522,7.0661,7.0691,7.4113,7.5203,7.7116,7.7508
-1.8529,-1.5711,-1.447,-1.0491,-1.0065,-0.9105,-0.888,-0.8159,-0.8143,-0.5774,-0.5746,-0.394,-0.3812,-0.378,-0.3387,-0.3332,-0.3301,-0.327,-0.3097,-0.2668,-0.2635,-0.2088,-0.1911,-0.1892,-0.1548,-0.1464,-0.1415,-0.1218,-0.0552,-0.0452,-0.0427,0.0082,0.0166,0.0191,0.0256,0.0278,0.0343,0.0367,0.0423,0.0554,0.0809,0.2549,0.2591,0.2609,0.2645,0.2722,0.4141,0.4959,0.499,0.503,0.505,0.5093,0.514,0.524,0.5355,0.5636,0.7557,0.7617,0.7637,0.9956,0.9992,1.013,1.1494,1.1806,1.1862,1.3054,1.4443,1.4481,1.6738,1.9042,1.9059,1.9343,1.9361,2.049,2.109,2.1107,2.1626,2.2012,2.254,2.2564,2.2624,2.3038,2.307,2.4703,2.5998,2.6015,2.6144,2.8848,3.0702,3.0719,3.0744,3.0768,3.08,3.103,3.1224,3.1539,3.3116,3.315,3.3171,3.5508,3.5532,3.5551,3.5595,3.5618,3.5745,3.6187,3.8107,3.8136,3.8185,3.8201,3.8284,3.8389,3.9634,3.9673,4.0499,4.0516,4.0545,4.0568,4.059,4.0633,4.0683,4.424,4.447,4.4707,4.6351,4.7676,4.9632,4.9697,4.9985,5.0152,5.017,5.0201,5.0438,5.1088,5.1132,5.1213,5.1243,5.5524,5.554,5.5904,5.5922,5.86,5.8671,5.9993,6.1263,6.1312,6.1328,6.1425,6.1458,6.1476,6.1756,6.179,6.2401,6.2828,6.3137,6.5687,6.7628,6.7805,6.7822,6.8727,7.126,7.1422,7.1454,7.2367,7.2968,7.4573,7.6576,7.6678
-1.9626,-1.9227,-1.9196,-1.8956,-1.8938,-1.8921,-1.4561,-1.4489,-1.3824,-1.2187,-1.217,-1.2154,-1.183,-1.0395,-0.9874,-0.9457,-0.9375,-0.9283,-0.9264,-0.9178,-0.8819,-0.8342,-0.7494,-0.7314,-0.2199,-0.2105,-0.207,-0.1807,-0.1787,-0.1474,-0.0793,-0.0772,0.0181,0.02,0.0231,0.0264,0.0291,0.031,0.2545,0.2619,0.2671,0.2693,0.2757,0.2799,0.2987,0.4812,0.4946,0.4994,0.5252,0.5748,0.7486,0.7557,0.7601,0.7734,0.7777,0.7796,0.7919,0.9956,0.9973,1.0008,1.0025,1.0077,1.0121,1.4364,1.6782,1.8756,1.8776,1.8915,2.0413,2.2259,2.2632,2.2829,2.4946,2.5925,2.8542,2.9516,3.0137,3.0694,3.0715,3.0745,3.0769,3.0852,3.1032,3.3092,3.3121,3.3142,3.3183,3.5507,3.5528,3.5545,3.5578,3.811,3.8147,4.0282,4.0497,4.0515,4.0544,4.058,4.0623,4.4916,4.4949,4.6896,4.7582,4.8583,4.86,5.1879,5.5411,5.6316,5.751,5.7797,6.1366,6.1422,6.1458,6.1475,6.1627,6.1788,6.1805,6.3895,6.4085,6.5044,6.5126,6.605,6.6672,6.9155,7.0079,7.365,7.3669,7.4578,7.6113
-1.7484,-1.7393,-1.6892,-1.1077,-1.098,-1.0048,-0.675,-0.6593,-0.5803,-0.5023,-0.2822,-0.2805,-0.2502,0.007,0.0159,0.0191,0.0213,0.0236,0.0309,0.0354,0.0536,0.0637,0.2556,0.2574,0.2621,0.2667,0.2685,0.2718,0.2776,0.2829,0.4001,0.426,0.4287,0.4973,0.5007,0.5037,0.5127,0.5196,0.5351,0.5918,0.7572,0.7611,0.7645,0.7784,0.7806,0.7896,0.794,0.9974,1.0017,1.0042,1.0061,1.0103,1.0176,1.124,1.2548,1.2565,1.3124,1.314,1.3749,1.4491,1.4517,1.4606,1.4649,1.527,1.5304,1.5664,1.6957,1.9225,1.9245,1.929,2.0278,2.0308,2.145,2.4402,2.489,2.4911,3.0533,3.0661,3.0702,3.0727,3.0745,3.0792,3.0831,3.1275,3.1318,3.1657,3.2158,3.3106,3.3153,3.319,3.3726,3.3813,3.5509,3.5571,3.5596,3.5755,3.8106,3.8161,3.818,4.0146,4.0176,4.0573,4.0615,4.0783,4.1757,4.2474,4.3212,4.3314,4.3574,4.3629,4.3677,4.4949,4.5184,4.5441,4.6705,4.7158,4.719,4.9723,5.0983,5.1192,5.1651,5.4337,5.7017,5.7271,6.1305,6.1326,6.1344,6.161,6.1662,6.177,6.3933,6.4107,6.7775,6.7824,6.8198,6.8566,6.8811,6.887,6.9126,7.0578,7.2276,7.2432,7.2541,7.2576,7.2858,7.3007,7.5359
-1.7059,-1.5575,-1.5175,-1.5157,-1.4411,-0.9745,-0.7051,-0.4084,-0.2019,-0.1403,-0.1366,-0.0468,0.0009,0.0173,0.0212,0.0232,0.0257,0.0273,0.033,0.0379,0.041,0.1854,0.2576,0.2613,0.2631,0.2669,0.273,0.2774,0.2807,0.2977,0.3084,0.4532,0.498,0.5016,0.5051,0.5068,0.5091,0.5195,0.5245,0.5484,0.7582,0.7607,0.7624,0.7918,0.7958,0.798,0.8077,0.9359,1.0019,1.0037,1.0136,1.0257,1.0455,1.3216,1.4779,1.5859,1.5938,1.6547,2.1934,2.2189,2.2221,2.7415,2.8201,2.8234,3.0725,3.0744,3.077,3.0818,3.0861,3.0919,3.108,3.1107,3.1157,3.1237,3.3132,3.3149,3.3181,3.3207,3.3238,3.3258,3.3332,3.3392,3.3569,3.3685,3.4496,3.5544,3.5561,3.5578,3.56,3.5684,3.5777,3.5903,3.6129,3.6173,3.62,3.8135,3.8194,3.8405,3.8445,3.8662,3.8686,4.0223,4.0527,4.0548,4.0571,4.0609,4.0752,4.0963,4.098,4.3746,4.3921,4.9317,5.0302,5.3425,5.5308,5.5621,5.5909,5.5942,5.5964,5.6479,5.8056,5.8136,5.8223,6.0622,6.0638,6.1298,6.1315,6.1361,6.142,6.1486,6.1558,6.1596,6.1635,6.4711,7.1216,7.1357,7.1374,7.1485,7.2838,7.3225,7.6336
-1.8039,-1.6911,-1.6721,-1.1985,-1.1709,-1.0714,-0.9325,-0.6941,-0.6865,-0.6745,-0.672,-0.5411,-0.2371,-0.2354,-0.1554,-0.1479,-0.1348,0.016,0.0191,0.0237,0.0279,0.0328,0.0347,0.0364,0.0604,0.0793,0.0855,0.2572,0.2644,0.2814,0.2832,0.2891,0.2969,0.2996,0.3181,0.4992,0.5011,0.5043,0.5141,0.5158,0.5295,0.7309,0.7555,0.7575,0.7615,0.7639,0.7658,0.7724,0.7803,0.9053,0.9962,1.0004,1.0044,1.1981,1.2014,1.3018,1.3064,1.32,1.3219,1.3949,1.3978,1.4963,1.4983,1.5911,1.5928,1.6409,1.6504,1.7535,1.7573,1.9741,1.976,2.068,2.1222,2.3411,2.4559,2.4576,2.533,2.5389,2.5406,2.9483,2.9676,3.0228,3.0707,3.0723,3.0743,3.0761,3.0787,3.0812,3.0833,3.0947,3.3141,3.3169,3.327,3.3306,3.3362,3.3478,3.4022,3.4589,3.5521,3.5554,3.5575,3.5597,3.567,3.5735,3.8105,3.8125,3.8152,3.8273,3.8334,4.0543,4.0567,4.0598,4.0699,4.584,4.5985,4.604,4.6056,4.6407,4.7691,5.0399,5.0415,5.407,5.4086,5.7602,5.7619,5.7996,5.8014,5.8031,6.1319,6.1343,6.137,6.1442,6.1739,6.1841,6.2008,6.5134,6.5968,6.9944,7.0145,7.0174,7.3705,7.5502,7.6483,7.6801
-1.5491,-1.5401,-1.4749,-1.4291,-1.3585,-1.3424,-1.3118,-1.2759,-1.2743,-1.142,-1.0322,-1.0103,-0.7994,-0.7978,-0.5066,-0.5049,-0.4066,-0.3123,-0.2846,-0.283,-0.2732,-0.1503,-0.1059,-0.095,-0.0629,-0.0287,-0.006,0.0194,0.0222,0.0244,0.0311,0.033,0.0368,0.0997,0.2593,0.2621,0.2644,0.2767,0.2804,0.292,0.3097,0.4992,0.5009,0.5027,0.5113,0.5237,0.7564,0.7593,0.7621,0.7637,0.7786,0.7805,0.8134,0.9568,0.9604,0.9623,0.9972,0.9991,1.0019,1.0056,1.0105,1.0121,1.016,1.4308,1.453,1.5241,1.6912,1.9114,1.952,1.9536,1.9615,1.9652,1.9701,1.9737,1.9957,2.118,2.2324,2.4588,2.5874,2.6042,2.6128,2.6152,2.6171,2.8919,3.0512,3.053,3.0705,3.0737,3.0753,3.0802,3.089,3.0921,3.1321,3.1354,3.3108,3.3131,3.316,3.3192,3.3259,3.3825,3.3936,3.551,3.5557,3.5573,3.5613,3.5878,3.6133,3.8104,3.8124,3.8143,3.8163,3.8186,3.8275,4.0544,4.0604,4.0656,4.2593,4.4344,4.5667,4.5978,4.7629,4.8283,4.9601,4.9618,5.004,5.0057,5.0518,5.6633,5.8065,5.8096,5.8116,5.8979,6.1295,6.1332,6.1359,6.1427,6.1557,6.1574,6.2146,6.2165,6.2781,6.5396,6.8929,6.897,6.9362,6.9384,7.3474,7.4528,7.6846
-1.787,-1.6608,-1.645,-1.5733,-1.5618,-1.552,-1.5498,-1.2026,-1.2009,-1.066,-1.0644,-1.0503,-0.9136,-0.8937,-0.8878,-0.7876,-0.786,-0.4485,-0.4452,-0.2947,-0.2371,-0.2122,-0.1719,-0.1449,-0.0958,-0.0908,-0.0802,-0.0785,-0.0718,-0.0614,-0.0568,-0.0541,-0.0423,-0.012,-0.0084,0.0145,0.0216,0.0274,0.0313,0.0344,0.0387,0.042,0.0549,0.0704,0.2574,0.2599,0.2717,0.2754,0.3468,0.4961,0.4983,0.5004,0.503,0.5054,0.51,0.755,0.7589,0.767,0.7837,0.8362,0.8855,0.9955,0.9999,1.0023,1.0083,1.0099,1.0174,1.0832,1.5723,1.7698,1.7966,2.2784,2.2814,3.0548,3.071,3.0741,3.0845,3.0892,3.3122,3.3149,3.3169,3.5556,3.592,3.8109,3.8134,3.8162,3.8184,3.8329,3.8807,4.0515,4.0551,4.0574,4.0621,4.0685,4.072,4.0759,4.0798,4.0815,4.1332,4.2187,4.393,4.8381,4.9422,5.218,5.2238,5.2303,5.6043,5.606,6.1305,6.1356,6.1413,6.1434,6.1483,6.1509,6.1544,6.1641,6.1781,6.1798,6.197,6.2096,6.3756,6.7375,6.7573,6.8157,6.9797,7.0924,7.1518,7.3625,7.3919,7.3955,7.3983,7.4127,7.4723,7.4742,7.5524
