-1.857,-1.7144,-1.6145,-1.5908,-1.4612,-1.1034,-1.0945,-1.0911,-1.0272,-0.8869,-0.8834,-0.7843,-0.7781,-0.7433,-0.44,0.016,0.018,0.0254,0.0285,0.0303,0.0351,0.0391,0.042,0.0459,0.0573,0.0629,0.0658,0.0706,0.3927,0.3948,0.3965,0.3986,0.4026,0.4065,0.4126,0.4143,0.4174,0.42,0.4216,0.4529,0.4731,0.491,0.4956,0.4993,0.5012,0.5031,0.5067,0.5088,0.5105,0.5122,0.5175,0.5192,0.5211,0.5966,0.6022,0.6044,0.6063,0.6083,0.6101,0.6164,0.618,0.6945,0.7249,0.7549,0.9951,0.9967,0.9994,1.0025,1.0043,1.0061,1.008,1.0105,1.0141,1.019,1.0217,1.0249,1.0452,1.0604,1.3068,1.8425,1.9186,1.927,2.3775,2.4282,2.7728,2.9061,2.9253,3.0213,3.0511,3.0532,3.0551,3.0571,3.059,3.0607,3.0635,3.0673,3.0693,3.0722,3.0771,3.0791,3.0823,3.0845,3.0861,3.0885,3.1171,3.3363,3.3544,3.3786,3.3833,3.4041,3.408,3.4111,3.4147,3.4168,3.431,3.4354,3.4398,3.4417,3.4458,3.4536,3.4557,3.5244,3.5413,3.5433,3.545,3.5557,3.5574,3.5619,3.6406,3.6435,3.6453,3.6477,3.6495,3.654,3.6611,3.6702,3.6944,4.0181,4.0355,4.0373,4.0392,4.0409,4.0435,4.0461,4.0481,4.0565,4.0587,4.0644,4.0938,4.1038,4.1576,5.0861,5.099,5.2104,5.2204,5.3614,6.1019,6.1037,6.1059,6.1111,6.1209,6.1229,6.1296,6.2141,6.2312,6.2703,6.276,6.4418,6.8476,6.8554,6.8698,7.0026,7.2474,7.2524,7.2618,7.3381,7.3398,7.3441,7.3556,7.4617,7.4715,7.5396
-1.3449,-1.2303,-1.092,-1.0304,-0.5276,-0.4217,-0.4171,-0.3728,-0.2717,-0.2045,-0.202,0.016,0.022,0.027,0.0298,0.0316,0.0351,0.0384,0.0409,0.0567,0.0759,0.1833,0.185,0.2159,0.2497,0.3964,0.4008,0.4096,0.4168,0.4188,0.4212,0.4995,0.5015,0.5045,0.5063,0.5107,0.5153,0.5182,0.5203,0.6002,0.6034,0.6146,0.62,0.6353,0.6483,0.9962,0.9986,1.009,1.0118,1.0187,1.0305,1.9843,2.5751,2.897,3.0198,3.0557,3.0588,3.0607,3.0623,3.0721,3.0794,3.1948,3.4358,3.4386,3.4439,3.446,3.4529,3.4551,3.4572,3.4592,3.4634,3.4844,3.5138,3.5276,3.5404,3.5448,3.5489,3.5513,3.5583,3.5613,3.5703,3.5798,3.5968,3.6417,3.6433,3.6484,3.6567,3.6602,3.6627,3.692,3.7166,4.0361,4.0387,4.0407,4.0427,4.051,4.0545,4.0571,4.0727,4.0866,4.1067,4.1127,4.535,6.1051,6.1263,6.1281,6.1355,6.1405,7.3535,7.4259,7.7094
-1.8685,-1.377,-0.6975,-0.6071,0.0159,0.0246,0.0265,0.0282,0.0298,0.0357,0.0375,0.0436,0.3391,0.3721,0.3959,0.4002,0.4028,0.4057,0.4101,0.4164,0.4219,0.4968,0.5002,0.5019,0.5054,0.5078,0.5101,0.5117,0.5156,0.5173,0.5217,0.5315,0.5341,0.5379,0.6002,0.6019,0.6035,0.6055,0.6109,0.6153,0.6169,0.6222,0.6242,0.6622,0.9974,0.9992,1.0012,1.0101,1.0117,1.0137,1.0166,1.0197,1.0492,1.1773,3.0708,3.0744,3.0786,3.0863,3.0881,3.0941,3.0971,3.1067,3.111,3.4064,3.4157,3.447,3.4564,3.4619,3.4673,3.471,3.4805,3.4885,3.4972,3.5552,3.5575,3.5665,3.5715,3.5747,3.5767,3.6574,3.6634,3.6693,3.6711,3.9798,4.0509,4.0556,4.0632,4.0671,4.0732,4.0835,4.1246,4.1286,4.5715,4.5743,4.9807,6.1244,6.1299,7.2102,7.2318
-1.593,-1.4943,-1.1593,-1.0773,-1.0639,-0.9646,-0.9439,-0.439,0.0158,0.0195,0.0219,0.0241,0.0257,0.0276,0.0303,0.0322,0.0397,0.0423,0.0442,0.1517,0.1663,0.3985,0.4004,0.4035,0.4364,0.4383,0.4587,0.4817,0.4981,0.5014,0.5039,0.5078,0.5146,0.5175,0.5221,0.5372,0.545,0.597,0.6004,0.6023,0.6046,0.612,0.6214,0.6284,0.6379,0.6464,1.0003,1.0102,1.0182,1.025,2.6396,3.0583,3.0599,3.064,3.0666,3.0682,3.0705,3.0764,3.0786,3.0832,3.0879,3.098,3.1064,3.3151,3.4265,3.4391,3.4408,3.4523,3.4562,3.4596,3.4701,3.4728,3.54,3.5447,3.5467,3.5572,3.5658,3.5692,3.6372,3.6445,3.6477,3.6504,3.6531,4.0376,4.0393,4.0413,4.0479,4.0516,4.0551,4.0749,4.0767,4.0845,4.0988,4.5016,5.3098,5.3269,6.1022,6.1065,6.1081,6.1113,6.1312,6.1346,6.1445,6.1478,6.7902,7.2805,7.2902
-1.9815,-1.9474,-1.9264,-1.8982,-1.8823,-1.8802,-1.8774,-1.8733,-1.861,-1.8549,-1.852,-1.8409,-1.8317,-1.7762,-1.6507,-1.637,-1.6293,-1.5692,-1.5299,-1.2912,-1.033,-0.9102,-0.5407,-0.4456,0.0222,0.0239,0.0286,0.0314,0.0477,0.1387,0.3964,0.3982,0.3999,0.4044,0.4067,0.4116,0.4274,0.4689,0.4999,0.5035,0.5055,0.5094,0.5115,0.5162,0.5207,0.5988,0.6019,0.6048,0.6093,0.6155,0.6174,0.619,0.6222,0.8915,1.0022,1.004,1.0058,1.0094,1.0244,1.0275,1.0346,1.0701,1.0721,1.5405,1.55,1.5614,1.623,2.1289,2.8479,3.0745,3.0779,3.0821,3.0885,3.0903,3.0931,3.1018,3.1036,3.4525,3.4542,3.4617,3.464,3.4675,3.4765,3.4812,3.5523,3.5575,3.5627,3.5658,3.5723,3.574,3.5762,3.5801,3.5963,3.651,3.6544,3.6565,3.6581,3.6775,3.6834,3.6851,3.6894,3.7001,3.7126,3.7309,3.9222,3.934,3.9504,3.9569,4.0568,4.0612,4.0652,4.0735,4.0754,4.0818,4.3266,5.4131,6.1255,6.1409,6.1473,6.1547,6.8054,6.8777,7.1019,7.3389,7.3734,7.3783
-1.9298,-1.8678,-1.6164,-0.7189,0.0159,0.0203,0.0221,0.0241,0.0267,0.0311,0.0455,0.0519,0.0579,0.3974,0.3994,0.4011,0.4066,0.4107,0.4133,0.4169,0.4219,0.4797,0.506,0.512,0.5137,0.52,0.6003,0.6021,0.6073,0.6099,0.6121,0.6171,0.6205,0.629,0.6572,0.6589,0.9869,0.9962,0.9998,1.0023,1.0129,1.0226,1.5267,3.0361,3.0585,3.061,3.0636,3.0668,3.0789,3.0817,3.0841,3.0877,3.1194,3.2207,3.314,3.384,3.4263,3.4281,3.4297,3.432,3.4348,3.4397,3.4414,3.4452,3.455,3.473,3.5456,3.5572,3.5632,3.5667,3.6458,3.6726,4.037,4.0405,4.0422,4.0484,4.9622,4.967,5.176,5.7676,5.8232,6.1204,6.1228,6.1266,6.1425,6.1453,6.1518,6.1535,6.1552,6.1651,6.1805,6.738,7.2246,7.2265
-1.6779,-0.1075,-0.0858,0.0161,0.0177,0.0212,0.0228,0.0248,0.0286,0.031,0.0347,0.0406,0.0427,0.0742,0.0784,0.3961,0.3979,0.3996,0.4017,0.4089,0.412,0.4141,0.4248,0.4962,0.4999,0.5018,0.504,0.5082,0.5973,0.6032,0.6101,0.6174,0.6261,0.8718,0.9964,0.9999,1.0018,1.0061,1.0078,1.0126,1.018,1.0289,1.0377,1.0595,2.0923,2.73,2.9176,3.0576,3.0611,3.0662,3.0685,3.0797,3.0813,3.1005,3.381,3.3981,3.4028,3.4173,3.4421,3.4526,3.4565,3.5468,3.551,3.5644,3.6374,3.6413,3.643,3.645,3.6549,3.7175,4.0142,4.0367,4.0426,4.0447,4.0492,4.0565,6.1045,6.1086,6.1205,6.1313,6.1358,6.1418,6.1439,6.1767,7.3497,7.3539,7.3608
-1.9519,-1.3141,-1.2931,-0.8054,-0.4245,0.0165,0.0183,0.0204,0.0226,0.0244,0.0276,0.0304,0.036,0.0393,0.0475,0.0629,0.0695,0.0716,0.2833,0.397,0.4004,0.4021,0.4038,0.4066,0.4087,0.4145,0.4173,0.4252,0.4288,0.5017,0.5065,0.5837,0.5978,0.6002,0.6051,0.6101,0.6128,0.6195,0.6212,0.7356,0.74,0.7535,0.8636,0.8839,0.8976,0.9973,1.0007,1.0026,1.0046,1.0065,1.0084,1.0139,1.0182,1.0303,1.0395,1.5519,1.5656,1.5728,2.9644,3.0556,3.0576,3.0599,3.0629,3.0679,3.0773,3.082,3.0869,3.3977,3.4369,3.4386,3.4481,3.4543,3.4599,3.4618,3.4788,3.4839,3.4952,3.5373,3.5398,3.5419,3.5514,3.5554,3.5572,3.5672,3.5745,3.6391,3.6526,4.0366,4.0383,4.0401,4.0421,4.0467,4.0568,4.0589,4.3175,4.6991,4.7162,4.76,4.7821,4.8018,4.8677,4.9742,5.2097,5.2319,5.7283,6.1182,6.1217,6.126,6.1281,6.1327,6.139,6.1482,6.1501,6.1567,6.1593,6.161,6.1745,6.4216,6.6085,6.6139,6.9099,7.1083,7.2671,7.2706,7.2895,7.5069,7.5131
-1.6888,-1.3673,-1.308,-0.9966,-0.7597,-0.508,-0.2837,-0.2315,-0.071,0.0157,0.0174,0.0205,0.0221,0.0242,0.0261,0.0322,0.0361,0.0403,0.0421,0.0439,0.0484,0.0588,0.068,0.0805,0.0916,0.3962,0.3992,0.4011,0.4031,0.4066,0.4087,0.4128,0.4157,0.4239,0.4262,0.4463,0.4685,0.4846,0.4966,0.4998,0.5034,0.5057,0.5098,0.519,0.5429,0.5883,0.5958,0.5977,0.6018,0.6048,0.6192,0.6241,0.6545,0.6691,0.8167,0.9957,0.9989,1.0091,1.0152,1.017,1.0189,1.0216,1.0234,1.0348,1.0397,1.0733,1.0754,1.0884,1.3799,1.4007,1.4217,1.4267,1.4318,1.4385,1.4869,1.5963,1.6179,2.2354,2.6489,2.6756,3.055,3.0568,3.0584,3.0606,3.065,3.0671,3.0697,3.0734,3.0771,3.079,3.0816,3.0902,3.3278,3.3311,3.3375,3.3426,3.347,3.3514,3.353,3.3593,3.3723,3.4372,3.4412,3.443,3.4531,3.4549,3.4577,3.462,3.4685,3.4747,3.4808,3.5431,3.5483,3.5521,3.5569,3.5594,3.5627,3.5713,3.5761,3.5975,3.6361,3.6416,3.6434,3.6523,3.6629,3.6736,3.7883,4.0362,4.0395,4.0415,4.0443,4.0464,4.0573,4.0593,4.0614,4.082,6.0157,6.0993,6.1056,6.1074,6.109,6.1307,6.1346,6.1637,6.2067,6.3014,6.5284,7.2607,7.3755,7.5253,7.5316
-1.3118,-1.31,-1.3073,-1.2993,-1.2866,-1.2784,-1.0334,-0.7592,-0.7543,-0.7468,-0.7124,-0.4454,-0.3738,-0.349,-0.2921,-0.2871,-0.2068,0.0158,0.0182,0.0198,0.0237,0.028,0.0306,0.0324,0.0352,0.0397,0.0414,0.0435,0.0467,0.0573,0.0601,0.3959,0.4015,0.4035,0.4059,0.4088,0.4105,0.4125,0.415,0.4203,0.4247,0.4704,0.4721,0.4983,0.5023,0.5045,0.5072,0.5112,0.5171,0.5242,0.5277,0.5614,0.5804,0.6032,0.6174,0.62,0.6337,0.6501,0.8061,0.8618,0.9958,0.9999,1.0015,1.0047,1.0065,1.0124,1.0178,1.0213,1.0233,1.0835,1.0864,1.091,1.0954,1.1069,1.2717,1.4129,1.5707,1.8727,2.2017,3.0752,3.0774,3.0801,3.0831,3.0857,3.0966,3.1148,3.3439,3.3986,3.451,3.4563,3.4612,3.4676,3.4694,3.4711,3.478,3.4814,3.5291,3.5537,3.5567,3.5587,3.5615,3.5661,3.5699,3.5896,3.6552,3.6572,3.6595,3.6622,3.6696,3.6724,3.6741,3.6777,4.0513,4.0589,4.065,4.069,4.0887,4.0928,4.2152,4.2173,5.9506,6.1343,6.1389,6.1444,6.146,6.1521,6.1666,6.1707,6.1787,7.3343,7.5291,7.6433
0.0157,0.0176,0.0194,0.0213,0.0262,0.0281,0.0297,0.0335,0.0367,0.0401,0.0447,0.047,0.0549,0.0614,0.0635,0.0657,0.0745,0.2287,0.3961,0.3981,0.4001,0.4019,0.4045,0.4082,0.4115,0.4138,0.4191,0.4229,0.4249,0.4324,0.4943,0.4962,0.4992,0.5009,0.5026,0.5046,0.5116,0.5172,0.5197,0.5317,0.6057,0.6076,0.6096,0.6115,0.6137,0.6182,0.622,0.6288,0.6307,0.6432,0.7636,0.9795,0.9832,0.996,0.9981,1.0011,1.0047,1.0068,1.0086,1.0104,1.0142,1.0162,1.0183,1.0321,1.0566,1.0622,1.0891,1.1292,1.2811,1.2848,2.1389,2.298,2.4247,2.4587,2.5759,2.6256,3.0552,3.0578,3.0596,3.0651,3.0674,3.0712,3.0729,3.0764,3.0793,3.0812,3.0939,3.1149,3.4343,3.4388,3.4413,3.4455,3.4558,3.4651,3.4735,3.4788,3.4819,3.5067,3.5108,3.5217,3.5357,3.5376,3.5433,3.551,3.558,3.5616,3.6385,3.6434,3.6473,3.6521,3.6567,3.6687,3.687,3.828,3.843,3.8459,4.034,4.0358,4.038,4.0419,4.0437,4.0471,4.0526,4.0543,4.0564,4.0581,4.0608,4.085,4.0995,4.1126,4.1162,5.5468,5.8753,6.1001,6.1038,6.1057,6.1107,6.1126,6.1269,6.1345,6.1492,6.1543,6.157,6.1599,6.1615,6.1662,6.1873,6.9628,6.9734,6.9799
-1.487,-0.9748,-0.9187,0.0163,0.0189,0.0205,0.0234,0.0252,0.029,0.0308,0.0351,0.0385,0.049,0.0658,0.0919,0.2461,0.3373,0.3439,0.3624,0.3648,0.3787,0.3855,0.4001,0.4022,0.4045,0.4063,0.4152,0.4189,0.4219,0.429,0.4476,0.4998,0.5021,0.5073,0.5096,0.5114,0.5157,0.5329,0.5346,0.5974,0.5994,0.605,0.6081,0.6202,0.6313,0.6371,0.9882,0.9963,0.9979,1.0077,1.0115,1.0329,1.1774,1.2033,1.5381,3.0375,3.0418,3.0551,3.0585,3.061,3.0659,3.0688,3.0708,3.0768,3.0894,3.107,3.2455,3.4118,3.4231,3.4265,3.4369,3.439,3.4481,3.4518,3.4543,3.4567,3.4634,3.4662,3.4679,3.4755,3.4863,3.5018,3.5365,3.5426,3.5442,3.5492,3.5517,3.5576,3.5594,3.5746,3.6394,3.6417,3.6461,3.6478,3.6525,3.6591,3.9354,4.036,4.0406,4.0433,4.0456,4.0489,4.0518,4.0563,4.0603,4.0631,4.0708,4.0774,4.0947,4.3587,4.7341,4.8201,4.8232,4.8258,6.1034,6.1083,6.1162,6.1338,6.8502,6.8872,6.9509,7.0656,7.0979,7.125,7.1296,7.2107,7.4116,7.5251
-1.9747,-1.7864,-1.5934,-1.591,-1.5145,-1.4878,-1.4634,-1.4592,-1.3281,-1.2809,-1.2402,-1.2326,-1.2285,-1.213,-1.1168,-0.2309,-0.1918,0.0173,0.0209,0.0226,0.0246,0.0264,0.0281,0.0306,0.0324,0.0392,0.042,0.0459,0.0484,0.055,0.0786,0.4011,0.4028,0.4045,0.4119,0.415,0.4256,0.4273,0.4746,0.4797,0.5088,0.5143,0.5209,0.5332,0.5588,0.5918,0.6049,0.6069,0.6481,0.6628,0.733,0.7354,0.7397,0.8302,0.8346,0.837,0.8388,0.8561,0.8601,0.8967,1.0066,1.0107,1.0131,1.017,1.0202,1.0232,1.0307,1.0325,1.0369,1.04,1.0421,1.044,1.0697,1.2184,1.2444,1.2762,1.2922,1.4159,1.4397,1.5606,1.6538,1.8082,1.9116,2.557,2.8493,3.0784,3.0813,3.0848,3.0874,3.0956,3.0982,3.1024,3.1093,3.1441,3.2157,3.333,3.4537,3.4581,3.4628,3.4663,3.468,3.4704,3.4761,3.4817,3.4876,3.5096,3.5525,3.5543,3.5596,3.5615,3.5635,3.5732,3.5759,3.5814,3.584,3.6089,3.611,3.6152,3.6371,3.6475,3.6601,3.6623,3.6684,3.671,3.9551,4.0336,4.0578,4.0602,4.0634,4.0653,4.0688,4.0779,4.0797,4.0945,4.0964,4.1007,4.1177,4.1195,4.2409,4.3718,4.6983,5.0079,5.4244,5.8478,5.9685,6.1317,6.1367,6.1383,6.1401,6.145,6.1559,6.1595,6.1613,6.1777,6.4164,6.437,6.4392,6.4411,6.4433,6.805,7.1809,7.1871,7.2539,7.2564,7.258,7.2649,7.268,7.2769,7.436,7.4497,7.4655,7.4749,7.5515
-1.8987,-1.7989,-1.5612,-1.5583,-1.4983,-1.3848,-1.3684,-1.292,-1.2801,-1.1308,-1.1259,-0.2968,0.0169,0.0206,0.0235,0.0262,0.0278,0.0353,0.0381,0.0403,0.0425,0.0461,0.1266,0.3785,0.3982,0.4007,0.4082,0.4118,0.4149,0.4292,0.4437,0.4633,0.5006,0.5027,0.5074,0.5092,0.511,0.5139,0.5172,0.5192,0.5339,0.5434,0.5714,0.599,0.6053,0.607,0.621,0.6228,0.6544,0.6732,0.9962,1.0027,1.0061,1.0083,1.0149,1.0174,1.0234,1.0258,1.0504,1.1555,1.6161,2.0315,2.4932,2.6637,2.8062,2.8096,3.0762,3.0799,3.0816,3.09,3.0917,3.0956,3.0999,3.1065,3.1901,3.2644,3.33,3.3353,3.4249,3.4575,3.4595,3.4615,3.4636,3.4656,3.4703,3.4726,3.4828,3.4851,3.493,3.5204,3.5553,3.5578,3.5689,3.5748,3.6265,3.6545,3.6575,3.6615,3.6633,3.6815,3.9768,4.0521,4.0603,4.0626,4.0658,4.0762,4.0826,4.1972,4.9053,6.1166,6.1187,6.1231,6.1249,6.1327,6.1369,6.1735,6.3471,6.7525,6.935,7.1585,7.2078,7.21,7.2811,7.379,7.381,7.6123
-1.7584,-1.6562,-1.5774,-1.2109,-1.1879,-0.7469,-0.4174,-0.3391,-0.3154,0.0192,0.0209,0.0229,0.026,0.0276,0.03,0.0323,0.0389,0.0445,0.0469,0.0501,0.0581,0.0677,0.088,0.3959,0.3983,0.4001,0.4056,0.413,0.4186,0.4248,0.4517,0.4533,0.502,0.5043,0.506,0.5101,0.5118,0.5144,0.5162,0.5979,0.5999,0.6019,0.6038,0.6059,0.6079,0.6102,0.6158,0.6327,0.7684,0.997,1.0002,1.0027,1.005,1.007,1.0093,1.0116,1.0148,1.0217,1.2638,1.308,1.3299,1.6207,1.6311,2.765,2.7904,3.0563,3.06,3.0621,3.064,3.0667,3.0686,3.0708,3.0765,3.0814,3.4366,3.4389,3.4409,3.443,3.4458,3.4476,3.4577,3.4614,3.4808,3.486,3.49,3.5034,3.5383,3.5405,3.543,3.5571,3.5663,3.6404,3.643,3.6469,3.8473,3.8789,3.9338,4.04,4.0457,4.0474,4.0518,4.0535,4.0604,4.0695,4.0733,5.3633,5.8799,5.8822,5.8843,5.9207,6.0989,6.1036,6.1054,6.108,6.1098,6.1175,6.1398,6.1496,6.1516,6.1814,6.1874,6.2989,6.3211,6.3485,7.1877,7.2053,7.3454,7.4042,7.5246

-1.5785,-1.5695,-1.3457,-1.1261,-1.1111,-0.8379,0.0156,0.0172,0.0192,0.0213,0.0241,0.0274,0.0305,0.0324,0.0341,0.0401,0.0418,0.0444,0.0498,0.0523,0.0541,0.0929,0.1941,0.3946,0.3966,0.3985,0.4028,0.4067,0.4147,0.4417,0.485,0.493,0.4966,0.4999,0.5074,0.5105,0.5121,0.5205,0.6,0.602,0.6054,0.6108,0.616,0.6265,0.6284,0.6769,0.8586,0.8655,0.9062,0.9392,0.9966,1.0015,1.004,1.0085,1.0105,1.0121,1.0145,1.019,1.0206,1.0233,1.0254,1.028,1.0324,1.0508,1.1316,1.1395,1.1435,1.1689,1.3994,1.4251,1.506,1.5112,1.5855,1.7245,1.7432,1.9111,2.2555,2.5146,3.054,3.0564,3.0585,3.0602,3.0635,3.067,3.069,3.0799,3.0886,3.0918,3.2955,3.2984,3.3029,3.3053,3.3095,3.3141,3.326,3.5361,3.5401,3.5599,3.5718,3.6238,3.7953,3.8029,3.8048,3.8152,4.0356,4.0401,4.0422,4.0508,4.0651,4.0888,4.0953,6.1101,6.1218,6.5627,6.8592
-1.9195,-1.9175,-1.5686,-1.5669,-1.5078,-1.123,-0.4252,0.0152,0.0169,0.0192,0.0209,0.0245,0.0313,0.0353,0.0495,0.0615,0.3291,0.3334,0.3353,0.342,0.3527,0.3619,0.3724,0.396,0.4051,0.4069,0.4089,0.4161,0.4244,0.4333,0.4665,0.5034,0.5051,0.5153,0.5199,0.5314,0.5984,0.6007,0.6026,0.6083,0.6141,0.9962,1.0003,1.0023,1.0098,1.0116,1.0175,1.0291,1.037,2.2598,3.0692,3.0713,3.0733,3.0753,3.081,3.0847,3.0874,3.1666,3.2863,3.3105,3.3143,3.3165,3.3185,3.3238,3.3272,3.3417,3.5507,3.5533,3.5552,3.5597,3.5684,3.5729,3.8108,3.8136,3.8156,3.8186,3.8205,3.8278,4.0501,4.0525,4.0546,4.0621,4.0676,4.0698,4.0841,4.0912,4.1344,5.6183,6.1355,6.1418,6.1487,6.1808,6.6474,6.653,6.8439,6.9678,7.6221
-1.2692,-1.1536,-0.0428,-0.0411,-0.0346,0.0161,0.0188,0.0207,0.023,0.0265,0.0299,0.0326,0.0343,0.0465,0.0763,0.1754,0.1827,0.3549,0.3965,0.3999,0.4037,0.4081,0.4099,0.4128,0.4147,0.4239,0.4286,0.4337,0.4989,0.501,0.5083,0.5128,0.5194,0.5305,0.5969,0.601,0.6027,0.6073,0.6192,0.6209,0.9979,0.9996,1.0035,1.0077,1.0094,1.0128,1.0147,1.0177,1.0323,1.0637,1.1583,1.1611,1.1628,3.071,3.073,3.0755,3.0778,3.0808,3.0856,3.091,3.1018,3.2269,3.3108,3.3154,3.3177,3.3244,3.3278,3.3335,3.3356,3.3441,3.5514,3.5738,3.5763,3.6473,3.8115,3.8133,3.8166,3.824,3.8263,3.8341,3.8364,3.8427,3.847,4.0511,4.0556,4.0573,4.059,4.0633,4.0682,4.0703,4.0804,4.0861,4.0894,5.4787,6.1239,6.1268,6.1384,6.1426,7.4802
-1.5102,-0.9684,-0.9391,-0.9187,-0.9041,-0.2679,-0.1512,0.0165,0.02,0.0224,0.0252,0.0278,0.0319,0.0398,0.0418,0.0444,0.0623,0.065,0.3962,0.3983,0.4003,0.4034,0.4069,0.4092,0.4165,0.4329,0.4982,0.5012,0.5104,0.5152,0.5224,0.5962,0.598,0.6002,0.6133,0.6168,0.6189,0.621,0.6311,0.6413,0.7433,0.9963,0.9982,1.0051,1.0089,1.0105,1.0138,1.0193,1.0215,1.0337,1.0683,1.6628,1.6783,3.0562,3.0598,3.0615,3.0641,3.0677,3.0693,3.0759,3.0911,3.2987,3.3016,3.3058,3.3156,3.3185,3.3201,3.3273,3.3448,3.5374,3.5403,3.5496,3.5574,3.7977,3.8151,3.817,3.819,3.8365,4.0362,4.0399,4.042,4.0448,4.0507,4.0552,4.0578,4.0604,4.0639,4.0732,4.0757,4.1093,6.1204,6.1225,6.1241,6.1258,6.1275,6.1297,6.1314,6.1472,7.3305
-1.7102,-1.6548,-1.5882,-1.5276,-1.4829,-1.4786,-1.4168,-1.2403,-1.1437,-1.1241,-0.0794,-0.0445,0.0224,0.0244,0.0271,0.0349,0.042,0.0556,0.0623,0.1637,0.315,0.3294,0.331,0.3973,0.3994,0.4016,0.4071,0.4106,0.4123,0.4186,0.4311,0.46,0.4888,0.4976,0.4997,0.5018,0.5041,0.6015,0.6073,0.6104,0.6171,0.6198,0.6345,1.0034,1.0053,1.0087,1.0138,1.0185,1.0205,1.0372,1.0636,1.0936,1.1353,2.4538,3.0551,3.0581,3.0605,3.0638,3.0666,3.07,3.0749,3.0814,3.2971,3.2996,3.3019,3.3062,3.3083,3.3179,3.3658,3.383,3.5399,3.5423,3.5469,3.5499,3.556,3.7958,3.7982,3.8001,3.8038,3.8083,3.8174,3.8394,3.8595,4.0367,4.04,4.0427,4.0456,4.0529,4.0717,6.1149,6.1225,6.1335,6.144,6.151,7.0343
-1.1915,-1.1799,-1.171,-1.1256,-0.9161,-0.2763,-0.1056,-0.0262,0.017,0.0191,0.024,0.0269,0.0294,0.0313,0.0332,0.0361,0.0456,0.0505,0.0569,0.0883,0.1754,0.2239,0.3975,0.4004,0.4029,0.4095,0.412,0.4138,0.4155,0.4193,0.4604,0.466,0.4982,0.5039,0.5065,0.5082,0.5213,0.5628,0.5686,0.5986,0.6005,0.6029,0.6109,0.6128,0.6147,0.6281,1.0001,1.0044,1.0102,1.0133,1.0153,1.0188,1.029,1.0402,1.2675,1.5299,1.7623,1.899,2.0218,2.3813,2.6484,2.8957,3.0595,3.0628,3.0651,3.0671,3.0691,3.0744,3.0809,3.0915,3.2998,3.3019,3.305,3.3166,3.3206,3.328,3.3298,3.3802,3.465,3.5408,3.5438,3.5455,3.5473,3.5537,3.5574,3.5601,3.705,3.7976,3.8004,3.8021,3.8089,3.8105,3.8138,3.8187,3.8209,3.824,3.8297,3.8338,3.8799,3.8825,3.9429,4.0405,4.0426,4.0456,4.0631,4.0656,4.0898,4.1004,6.1376
-1.7143,-1.6764,-1.6057,-1.6012,-1.5668,-1.564,-1.5506,-1.5447,-1.5387,-1.5183,-1.2276,-1.0603,-0.8918,-0.4034,0.0166,0.021,0.0228,0.025,0.0318,0.0383,0.0404,0.0431,0.0524,0.0562,0.0758,0.3106,0.3156,0.3404,0.3436,0.3974,0.399,0.4011,0.4063,0.4097,0.4116,0.4138,0.4206,0.4272,0.4777,0.5039,0.509,0.5109,0.6,0.602,0.6042,0.6085,0.6106,0.6178,0.6211,0.633,0.6352,0.6674,0.787,0.8471,0.9571,0.9998,1.0016,1.0089,1.0132,1.0181,1.1696,3.0571,3.0598,3.0626,3.0666,3.0694,3.0713,3.0785,3.09,3.0997,3.2975,3.301,3.3033,3.3053,3.3077,3.311,3.3136,3.3336,3.5355,3.538,3.5402,3.5421,3.5448,3.5493,3.557,3.5705,3.6582,3.704,3.7976,3.7997,3.8014,3.8031,3.8068,3.8163,3.82,3.8217,3.8375,3.8439,3.8578,4.0303,4.0415,4.0435,4.0519,4.0545,4.0576,4.0604,4.0748,4.1031,4.4277,5.4775,5.9625,6.0996,6.1017,6.1066,6.1118,6.1139,6.1195,6.1246,6.1668,6.3948,6.6512,6.6534,6.6566,7.1065,7.1082,7.2376,7.3548,7.3661
-0.6753,-0.2036,0.0175,0.0203,0.0224,0.0286,0.0307,0.035,0.0375,0.154,0.3976,0.4,0.402,0.4073,0.4106,0.4127,0.4146,0.4173,0.419,0.4996,0.5016,0.5033,0.5085,0.5321,0.5388,0.5973,0.6017,0.6037,0.6131,0.6299,0.6853,0.701,0.7312,0.7613,1.0007,1.0029,1.0045,1.0075,1.0112,1.0207,1.0241,2.6406,3.0558,3.0592,3.066,3.0751,3.0928,3.2859,3.2955,3.3029,3.305,3.308,3.3364,3.3466,3.5356,3.5404,3.5422,3.544,3.5566,3.6291,3.7971,3.8008,3.8035,3.8177,3.8228,3.8921,3.8966,3.9023,3.9513,3.9652,4.0398,4.0417,4.0449,4.0466,4.051,4.0551,4.6003,4.6846,5.1031,5.877,6.0992,6.1039,6.1058,6.1076,6.1168,6.1214,6.1233,6.1326,6.1381,6.751,6.948,6.9813,7.68
-0.7884,-0.6863,-0.2086,-0.2013,-0.0839,-0.031,0.0207,0.0235,0.0297,0.0317,0.0386,0.0404,0.0536,0.1441,0.3297,0.3975,0.3995,0.4039,0.4056,0.4074,0.4095,0.4152,0.4173,0.4194,0.4389,0.4982,0.5035,0.5092,0.515,0.5218,0.6003,0.6028,0.6115,0.6204,0.6238,0.6296,0.6628,0.9992,1.0013,1.0041,1.0061,1.0114,1.0149,1.6225,1.6976,1.9932,1.9953,1.9989,2.0015,3.0569,3.0594,3.0625,3.0688,3.0705,3.0802,3.0857,3.2993,3.3011,3.3073,3.3142,3.3161,3.3204,3.3235,3.4615,3.4674,3.543,3.546,3.7958,3.8,3.8017,3.8033,3.8051,3.8071,3.8091,3.8119,3.8138,3.8171,3.819,3.9198,4.0367,4.0425,4.0462,4.0621,5.0476,5.6992,6.12,6.1247,6.1281,6.1311,6.1328,6.1536,6.7632,6.8678,7.0424,7.6362
-1.8146,-1.7817,-1.7495,-1.5796,-1.5717,-1.4818,-0.312,0.0197,0.0254,0.0298,0.032,0.0339,0.0357,0.0374,0.0391,0.0491,0.0513,0.1939,0.3358,0.3959,0.403,0.4049,0.409,0.4108,0.4188,0.4206,0.4273,0.4293,0.4498,0.4774,0.4825,0.499,0.5019,0.5039,0.5123,0.5205,0.5224,0.5412,0.5986,0.6004,0.6027,0.6066,0.6086,0.6192,0.7132,0.7244,0.729,0.7319,0.7559,0.83,0.8378,0.9969,1.0004,1.0021,1.007,1.0097,1.0138,1.0182,1.0214,1.0283,1.0505,1.2108,1.3962,1.5968,1.7039,2.0074,2.0126,2.0183,3.0553,3.0572,3.0594,3.0611,3.0633,3.0658,3.0677,3.0694,3.0721,3.0759,3.0804,3.0841,3.0944,3.1066,3.2983,3.3005,3.3025,3.3046,3.3082,3.3122,3.3147,3.3239,3.3418,3.3724,3.3824,3.3972,3.5352,3.5399,3.5472,3.5524,3.5589,3.5978,3.5998,3.602,3.7694,3.7778,3.7953,3.798,3.8001,3.802,3.8059,3.8077,3.8168,3.9378,4.0365,4.0383,4.0409,4.0544,4.0927,4.8546,5.1098,5.1846,6.1051,6.1092,6.1253,6.133,7.3488,7.3563,7.4716
-1.9176,-1.9137,-1.9114,-1.9045,-1.8985,-1.8424,-1.5917,-0.7823,-0.7734,-0.6259,-0.3026,0.0159,0.0177,0.02,0.0216,0.0266,0.0286,0.032,0.0341,0.0359,0.0389,0.0405,0.0621,0.2837,0.3962,0.3994,0.4034,0.4051,0.4089,0.4145,0.4218,0.4266,0.4518,0.499,0.5009,0.5028,0.5066,0.5089,0.5114,0.5157,0.5187,0.5991,0.601,0.6157,0.6194,0.6261,0.8877,0.998,1.0006,1.0037,1.0192,1.0211,1.03,1.0367,1.088,1.2175,1.4098,2.3954,2.8571,2.9637,3.0735,3.0756,3.0773,3.0825,3.0871,3.0896,3.0914,3.0937,3.0961,3.0979,3.1034,3.107,3.1229,3.1297,3.1572,3.3113,3.3156,3.3174,3.3196,3.3316,3.3367,3.3484,3.5507,3.5557,3.5574,3.5602,3.5661,3.5865,3.6174,3.8114,3.8145,3.8215,3.825,3.8335,3.8375,3.84,3.8437,3.8814,3.9446,3.9494,3.9715,4.0511,4.0552,4.057,4.0594,4.0638,4.0657,4.0682,4.0747,4.0783,4.0813,4.1005,4.4469,4.4547,4.4593,6.1351,6.1374,6.1396,6.1475,6.1516,6.1545,6.1596,6.1652,6.2078,6.6554,6.9159,7.0162,7.0214,7.0246,7.0269,7.3891
-1.9624,-1.9474,-1.8075,-1.8025,-1.7949,-1.7761,-1.7317,-1.712,-1.3746,-1.3259,-1.2976,-1.0939,-0.9323,0.0186,0.0203,0.0227,0.0254,0.0282,0.0311,0.0332,0.0353,0.0424,0.0578,0.1292,0.1333,0.3967,0.3995,0.4013,0.411,0.4143,0.4164,0.4203,0.426,0.497,0.4991,0.5015,0.5049,0.5153,0.5335,0.6013,0.6031,0.6096,0.6124,0.6142,0.6166,0.6183,0.6727,0.6788,0.7332,0.7363,0.9555,0.9961,0.9978,0.9996,1.0014,1.0034,1.0216,1.0289,2.681,2.7985,2.8157,3.0064,3.0713,3.0731,3.0753,3.078,3.0835,3.0854,3.0912,3.0939,3.0975,3.1043,3.1315,3.1691,3.3123,3.314,3.3161,3.3189,3.3213,3.3231,3.3251,3.3346,3.4732,3.478,3.5522,3.5543,3.5563,3.5623,3.5685,3.5734,3.5798,3.7705,3.8112,3.8131,3.8174,3.8206,3.8243,3.8284,3.8302,3.8334,3.8366,4.0535,4.0552,4.0572,4.0591,4.0609,4.0667,4.0717,4.0884,4.108,4.1169,4.1205,4.9977,4.9998,6.1356,6.1408,6.1511,6.154,6.1644,6.1848,6.1925,6.3072,6.4399,6.7031,6.7256,6.9958,7.0041,7.1125,7.1489,7.3556,7.5333,7.553
-1.9852,-1.8022,-1.4934,-1.1538,-1.1477,-1.0454,-1.0264,-0.9301,-0.9269,-0.6146,-0.5766,-0.5042,-0.1917,-0.1403,0.0159,0.0185,0.0202,0.0224,0.0267,0.0307,0.0358,0.0376,0.0393,0.0436,0.0456,0.0539,0.0556,0.06,0.0629,0.3952,0.3987,0.4004,0.4028,0.4059,0.408,0.4113,0.4138,0.4186,0.4217,0.4297,0.4327,0.4371,0.4556,0.4644,0.4723,0.4959,0.4988,0.5009,0.5029,0.5071,0.5161,0.5178,0.522,0.5962,0.601,0.6027,0.605,0.6109,0.6303,0.6424,0.7279,0.9965,0.9993,1.0025,1.0067,1.0084,1.0115,1.017,1.0204,1.0231,1.0313,1.0486,1.0518,1.0612,1.4106,1.5911,1.5939,1.5959,1.6374,1.719,1.9098,2.4167,2.5074,2.5328,2.7803,3.0557,3.0576,3.061,3.0628,3.0724,3.0903,3.2362,3.2378,3.2959,3.2991,3.308,3.3102,3.314,3.3157,3.3183,3.3203,3.327,3.38,3.4467,3.5051,3.5359,3.5397,3.5416,3.5471,3.5491,3.5508,3.5529,3.555,3.5567,3.5622,3.5668,3.5688,3.6086,3.7955,3.7975,3.8023,3.8042,3.8073,3.8121,3.814,3.8251,3.8492,3.8566,3.864,3.9829,4.0358,4.0375,4.0401,4.0421,4.0475,4.0518,4.5229,4.5615,4.6365,4.8073,5.0784,5.081,5.0873,5.0939,5.2722,5.2741,5.5687,5.5755,6.1154,6.118,6.12,6.1235,6.1271,6.1347,6.1419,6.1452,6.1511,6.1531,6.1663,6.1683,6.1702,6.2772,6.7011,7.4228,7.4451,7.4625
-1.8218,-1.8087,-1.6742,-1.5357,-1.5326,-1.5094,-1.505,-1.381,-1.3662,-1.332,-1.2913,-0.8896,-0.1702,-0.1441,-0.0723,-0.0693,0.016,0.0187,0.028,0.0322,0.0343,0.037,0.0386,0.0419,0.0463,0.0579,0.0633,0.3081,0.3676,0.396,0.3989,0.4009,0.4048,0.4091,0.4187,0.422,0.4386,0.4664,0.4711,0.4979,0.4998,0.5034,0.5102,0.5128,0.5156,0.52,0.5217,0.5236,0.5302,0.5365,0.5383,0.5762,0.5938,0.5972,0.599,0.6006,0.6048,0.6067,0.6124,0.6153,0.6175,0.6192,0.621,0.6228,0.6247,0.6269,0.6288,0.6321,0.6391,0.6515,0.6564,0.6698,0.7009,0.7224,0.9759,0.9787,0.9806,0.9853,0.998,1.0024,1.0086,1.0106,1.0158,1.0217,1.0287,1.0314,1.0331,1.0351,1.0378,1.0406,1.044,1.0473,1.0651,1.1063,1.1233,1.2811,1.2873,1.289,1.3033,1.5337,2.3862,3.0713,3.0746,3.0786,3.0843,3.0893,3.091,3.1033,3.283,3.311,3.3131,3.315,3.3193,3.3237,3.3255,3.3471,3.3488,3.3513,3.3537,3.3938,3.4406,3.4457,3.4499,3.5504,3.5567,3.5591,3.5644,3.5669,3.576,3.7015,3.7077,3.7126,3.7226,3.8026,3.8117,3.8159,3.8233,3.8253,3.8289,3.8356,3.8384,3.8775,4.0556,4.0591,4.0637,4.0671,4.076,4.0806,4.0889,4.1085,4.2639,4.5832,4.6007,5.3862,5.5433,6.044,6.1214,6.1252,6.1271,6.1303,6.1426,6.1444,6.1517,6.1639,6.167,7.1131,7.1589,7.1738,7.1958
-1.9145,-1.9019,-1.8188,-1.7808,-1.7347,-1.3653,-1.358,-0.4042,-0.2068,-0.1845,0.0175,0.0203,0.0225,0.0246,0.0273,0.0291,0.0334,0.0382,0.0404,0.0443,0.0463,0.0519,0.0539,0.0604,0.0693,0.2341,0.3975,0.3997,0.4029,0.409,0.4108,0.4174,0.4191,0.4255,0.4316,0.4562,0.4728,0.4774,0.5002,0.5033,0.5065,0.5127,0.5156,0.5478,0.5794,0.5957,0.6059,0.6088,0.6109,0.6173,0.6195,0.6238,0.8673,0.9955,0.9999,1.0027,1.0046,1.0087,1.0126,1.0144,1.0199,1.0219,1.032,1.0474,1.0756,1.2271,1.3619,2.2829,2.5396,2.6412,2.6463,2.6562,3.0544,3.0561,3.0579,3.0597,3.0651,3.0671,3.0718,3.076,3.0801,3.0818,3.0944,3.0983,3.1869,3.2951,3.3039,3.3089,3.3105,3.3271,3.3287,3.3329,3.3631,3.386,3.5382,3.54,3.5449,3.5467,3.5589,3.5781,3.751,3.7985,3.8025,3.8111,3.8138,3.8157,3.8225,3.8242,3.8264,3.8391,3.8528,3.8628,4.0372,4.0403,4.042,4.0454,4.0513,4.0532,4.0565,4.061,4.0693,4.0738,4.0805,4.5112,5.6996,6.1043,6.1062,6.1104,6.1198,6.1216,6.1372,6.1391,6.3753,7.2718,7.4625

-1.8666,-1.7827,-1.7329,-1.6714,-1.6627,-1.6358,-1.2306,-0.4709,-0.4569,-0.4297,-0.418,-0.3508,-0.338,-0.292,-0.2157,-0.193,-0.1409,0.019,0.03,0.0352,0.0396,0.0421,0.0586,0.0655,0.0748,0.1497,0.2562,0.2598,0.2625,0.265,0.2676,0.2695,0.2747,0.4963,0.5025,0.5087,0.5122,0.5149,0.5275,0.5294,0.531,0.6497,0.6787,0.756,0.7576,0.7631,0.7657,0.7724,0.7747,0.7796,0.7837,0.8358,0.9453,1.0065,1.01,1.0121,1.0145,1.021,1.0292,1.0365,1.0684,1.0851,1.1121,1.5324,1.5892,3.0552,3.0569,3.0586,3.0603,3.0718,3.0764,3.0816,3.0847,3.0863,3.0931,3.2496,3.2582,3.4015,3.4293,3.4317,3.434,3.4385,3.4404,3.4441,3.4462,3.45,3.4519,3.4573,3.4593,3.4638,3.4682,3.4791,3.5347,3.5441,3.5523,3.5588,3.573,3.6414,3.6524,3.6541,3.6565,3.6586,3.8183,3.9059,4.036,4.0394,4.0424,4.0499,4.0528,4.0599,4.0679,4.8104,5.0776,5.2035,5.2177,5.8462,6.1197,6.1214,6.1252,6.1297,6.1315,6.1373,6.2054,6.6041,6.606,6.7339,6.8344
-1.6015,-0.3856,-0.02,-0.0136,0.0169,0.019,0.0276,0.0311,0.0334,0.0378,0.0421,0.0455,0.0496,0.0608,0.2565,0.2604,0.2667,0.2733,0.2784,0.3189,0.3288,0.3536,0.4723,0.5022,0.5095,0.5113,0.5172,0.5217,0.531,0.5845,0.7559,0.7621,0.7643,0.7711,0.7731,0.7779,0.9992,1.0009,1.0041,1.0073,1.0104,1.4903,1.5542,3.0558,3.0576,3.0597,3.0636,3.0673,3.0692,3.0718,3.0813,3.0908,3.1063,3.4401,3.4417,3.4483,3.452,3.473,3.4978,3.5305,3.5322,3.5351,3.5412,3.5531,3.5838,3.6392,3.6408,3.6424,3.6476,3.6536,4.0355,4.0393,4.0455,4.0573,4.1072,4.1195,4.1252,4.1279,4.7025,5.035,5.6397,6.1201,6.122,6.1236,6.1263,6.1422,6.1456,6.2526,7.0924
-1.9272,-1.9174,-1.8237,-1.6284,-1.4328,-1.4287,-1.3977,-1.3359,-1.0202,-0.1995,0.0159,0.0177,0.0199,0.0232,0.0248,0.0273,0.0307,0.0342,0.0359,0.0379,0.0496,0.0732,0.1396,0.2552,0.2591,0.2609,0.2626,0.2664,0.2696,0.273,0.2748,0.2788,0.3485,0.3576,0.3706,0.3776,0.437,0.4964,0.5094,0.5129,0.5179,0.5208,0.5656,0.756,0.7599,0.7623,0.7653,0.7691,0.7737,0.7757,0.7786,0.7904,0.9504,0.9997,1.0025,1.0042,1.0087,1.0146,1.0172,3.0552,3.0583,3.0626,3.0643,3.0664,3.0694,3.0712,3.1012,3.4343,3.4365,3.4486,3.4513,3.4532,3.4648,3.4671,3.5097,3.5114,3.5131,3.5354,3.5401,3.5523,3.5559,3.5598,3.6404,3.6447,3.6488,3.6545,3.6596,4.035,4.0388,4.0474,4.0493,4.051,4.0559,4.0619,4.0649,4.1515,6.0471,6.1001,6.1045,6.1078,6.1106,6.1228,6.1291,7.3389,7.3827,7.4391
-1.8744,-1.8275,-1.8235,-1.798,-1.7776,-1.7574,-1.7329,-1.7235,-1.7196,-1.705,-1.702,-1.6892,-1.5327,-1.4983,-1.4966,-1.4865,-1.4317,-1.361,-1.3128,-1.3108,-1.3073,-1.1628,-1.0293,-0.797,-0.5778,-0.4826,0.016,0.0176,0.0205,0.0239,0.0305,0.0321,0.0407,0.0428,0.0546,0.0667,0.2534,0.2628,0.2674,0.2692,0.2774,0.2916,0.4992,0.5008,0.5139,0.5183,0.523,0.534,0.7616,0.7658,0.7702,0.7774,0.7791,0.8857,0.931,0.9961,1.0004,1.0022,1.0042,1.0058,1.0095,1.0138,1.0196,1.0216,1.0248,2.5125,3.054,3.0602,3.0665,3.0691,3.0743,3.0819,3.0844,3.0863,3.274,3.4357,3.4375,3.4394,3.4416,3.4434,3.4496,3.4518,3.456,3.4578,3.4612,3.4716,3.4829,3.486,3.4995,3.5011,3.5322,3.5405,3.549,3.552,3.558,3.5633,3.5663,3.5763,3.6117,3.6167,3.6205,3.6304,3.6354,3.6388,3.654,3.6575,3.6593,3.6809,3.7967,4.0354,4.0371,4.0397,4.0417,4.0477,4.065,4.0997,4.1283,4.1631,6.1169,6.1197,6.1237,6.1262,6.131,6.1357,6.1533,6.1593,6.2036,6.8385,7.3419,7.4775,7.6575
-1.7664,-1.7251,-1.681,-1.3827,-0.945,-0.6281,-0.2318,-0.2277,0.0112,0.024,0.0321,0.037,0.039,0.0477,0.0515,0.0761,0.2654,0.2692,0.2712,0.2744,0.2763,0.2859,0.2912,0.2933,0.3011,0.3288,0.5046,0.7628,0.7661,0.7679,0.7708,0.7733,0.7796,0.7878,0.7953,0.8,0.8179,0.8211,1,1.0019,1.0036,1.0069,1.02,1.0274,1.0473,1.0601,1.8989,2.0325,3.0785,3.0832,3.0857,3.0877,3.0909,3.0998,3.1101,3.1341,3.3207,3.4555,3.4585,3.4646,3.4663,3.4771,3.5546,3.5976,3.6622,3.664,3.6807,3.6838,4.0571,4.0593,4.0627,4.0721,4.0749,4.0851,4.0908,4.1066,4.1214,4.133,4.952,6.119,6.125,6.1347,6.1423,6.1502,6.2065,6.2675,6.9392,7.617
-1.8879,-1.8861,-1.8787,-1.8684,-1.8585,-1.8524,-1.8407,-1.7223,-1.6997,-1.6911,-1.4308,-1.261,-1.2032,-1.1794,-1.1546,-1.1375,-0.9562,-0.9231,-0.5631,0.0212,0.023,0.0254,0.0277,0.0307,0.0353,0.0404,0.0429,0.0455,0.0532,0.2602,0.2621,0.2645,0.271,0.2752,0.277,0.2832,0.2873,0.2902,0.3371,0.3443,0.3526,0.3767,0.3828,0.4609,0.5008,0.5025,0.5072,0.5089,0.5116,0.6053,0.7575,0.7592,0.7615,0.7635,0.7672,0.7689,0.7745,0.7916,0.8073,0.9996,1.0031,1.0049,1.007,1.0138,1.0177,1.0195,1.0215,1.0379,1.0468,1.0592,1.1133,2.3915,2.4049,2.5107,3.0588,3.0605,3.0632,3.0649,3.067,3.0691,3.0709,3.0749,3.0769,3.0813,3.4363,3.4393,3.4421,3.4459,3.4479,3.4496,3.46,3.4917,3.4944,3.5092,3.5289,3.5377,3.5406,3.5426,3.5485,3.5568,3.5584,3.5616,3.5672,3.5729,3.5789,3.6148,3.6425,3.984,3.986,4.0366,4.0408,4.0427,4.0448,4.05,4.0558,4.0576,4.061,4.0679,4.1,4.1808,4.3797,4.44,4.4491,4.4516,4.4581,4.461,4.6184,4.627,4.893,4.8994,5.5487,6.1063,6.1153,6.1291,6.1384,6.1579,7.16,7.1703,7.2519,7.2763
-1.9151,-1.8499,-1.8453,-1.7968,-1.6344,-1.6327,-1.6295,-1.5244,-1.4411,-1.4237,-1.4001,-1.3811,-1.0523,-0.6746,-0.6446,-0.4392,-0.3213,-0.2181,0.0161,0.019,0.0206,0.026,0.0277,0.0294,0.0312,0.0377,0.0416,0.0529,0.2601,0.2619,0.2635,0.2653,0.2675,0.2707,0.2726,0.2748,0.2769,0.2788,0.2851,0.2899,0.2918,0.3103,0.4403,0.4977,0.4996,0.523,0.5562,0.7588,0.7611,0.763,0.7648,0.7692,0.7713,0.7796,0.7846,0.7888,0.8428,0.8464,0.998,0.9999,1.0051,1.0082,1.0113,1.0166,1.0211,1.0836,2.3628,3.0551,3.0582,3.0626,3.0662,3.0689,3.071,3.0762,3.0781,3.3861,3.3884,3.3902,3.4166,3.419,3.4368,3.4439,3.4463,3.4481,3.4569,3.4594,3.4662,3.4801,3.4898,3.4958,3.4979,3.5206,3.5375,3.5424,3.5443,3.5513,3.5555,3.5583,3.5602,3.6444,3.6462,3.6575,3.6609,3.6918,4.0394,4.0435,4.0462,4.0493,4.0567,4.0604,4.0716,4.1719,4.5134,6.106,6.1087,6.1131,6.1249,6.1276,6.1383,6.1441,6.1987,7.1524,7.1837,7.2744
-1.8648,-1.8465,-1.8431,-1.7271,-1.7231,-1.7093,-1.7077,-1.5568,-1.5515,-1.5437,-1.486,-1.4835,-1.4763,-1.4614,-1.3738,-1.3703,-1.2604,-0.9098,0.0222,0.0246,0.0288,0.0318,0.0382,0.0403,0.0449,0.1611,0.1816,0.2612,0.2631,0.2651,0.2677,0.2786,0.2811,0.2848,0.2976,0.3751,0.3812,0.3968,0.4978,0.4999,0.5019,0.5037,0.5061,0.5117,0.5169,0.5507,0.7607,0.7662,0.7704,0.7721,0.7773,0.7798,0.7992,0.8816,0.892,0.9976,1,1.0021,1.0112,1.0159,1.018,1.0222,1.0238,1.027,1.0679,1.7278,2.4571,2.6604,3.0587,3.0605,3.0659,3.0679,3.0717,3.4367,3.4387,3.4406,3.4425,3.4455,3.4481,3.453,3.455,3.5248,3.5369,3.5403,3.5424,3.5507,3.5565,3.6391,3.6442,3.6495,3.7904,4.0356,4.0413,4.0432,4.0467,4.0503,4.057,4.103,4.9073,6.0991,6.1094,6.1133,6.1313,6.142,6.1515,6.3403,6.4436,6.7927,7.1773,7.3011,7.3078,7.3365,7.3512,7.3877
-0.9256,-0.8897,-0.8777,0.0157,0.0179,0.0198,0.0237,0.0257,0.0274,0.0314,0.033,0.0423,0.0443,0.0548,0.0724,0.1499,0.2582,0.2598,0.2617,0.2633,0.2665,0.2718,0.2736,0.2936,0.3146,0.4964,0.4988,0.5025,0.5067,0.5138,0.5181,0.5199,0.5241,0.5427,0.5463,0.5697,0.5724,0.5829,0.6754,0.7343,0.7562,0.7582,0.7599,0.767,0.7734,0.7751,0.7779,0.7808,0.803,0.8061,0.8168,0.9842,0.9978,1.0003,1.0022,1.0099,1.0266,1.0333,1.1979,1.4391,1.4456,2.499,3.0725,3.0744,3.0785,3.0804,3.0828,3.0845,3.0881,3.0988,3.4526,3.4558,3.4585,3.4633,3.4679,3.4696,3.4773,3.4791,3.5517,3.5557,3.5574,3.5592,3.5636,3.5656,3.5683,3.5856,3.6049,3.631,3.6383,3.6416,3.6556,4.06,4.0618,4.0636,4.0707,4.0749,4.0768,4.3803,4.8615,6.1168,6.1191,6.1227,6.128,6.1348,6.146,6.1618,6.2048,6.2316,6.2706,6.8907,6.8934,6.8965,7.1292
-1.9423,-1.9274,-1.9034,-1.8476,-1.7801,-1.7438,-1.7394,-1.7234,-1.4831,-0.4279,-0.3789,0.0168,0.0193,0.0214,0.023,0.0261,0.0297,0.0324,0.0361,0.038,0.0407,0.0428,0.0488,0.0513,0.0532,0.0587,0.0657,0.1007,0.2384,0.2427,0.2573,0.261,0.2627,0.2685,0.2707,0.2726,0.2771,0.2891,0.3074,0.3388,0.4965,0.4989,0.5009,0.5027,0.5073,0.5092,0.5244,0.5266,0.531,0.5353,0.5465,0.5661,0.67,0.6757,0.6923,0.7571,0.7607,0.766,0.7707,0.7737,0.7784,0.7916,0.8337,0.9947,0.9995,1.0012,1.0033,1.0053,1.0073,1.0149,1.0501,1.0745,1.0804,1.1483,1.2498,1.3516,1.6999,2.009,2.0186,2.9459,3.072,3.0743,3.0765,3.0824,3.0843,3.0861,3.0883,3.0923,3.4523,3.4543,3.4564,3.4581,3.4598,3.4661,3.4678,3.4723,3.4745,3.4796,3.5114,3.5522,3.5541,3.558,3.581,3.5881,3.6547,3.6565,3.6583,3.6606,3.6627,3.6685,3.6753,3.7531,4.0513,4.0534,4.0613,4.068,4.074,4.0759,4.0817,4.3287,4.3542,5.3107,5.4893,5.4946,6.1163,6.1229,6.1251,6.1275,6.1336,6.1369,6.1597,6.4048,6.8909,6.8932,7.0667,7.0753,7.0936,7.4751,7.535
-1.7037,-1.436,-1.434,-1.4323,-1.412,-1.3995,-1.2807,-0.6574,-0.6482,-0.3736,-0.3321,0.016,0.0177,0.0226,0.0247,0.0274,0.0293,0.032,0.0384,0.0401,0.0424,0.0442,0.0494,0.0531,0.0547,0.0779,0.126,0.2568,0.2605,0.2626,0.2668,0.2687,0.272,0.2759,0.2777,0.2798,0.2823,0.2881,0.2912,0.2979,0.3415,0.3498,0.4957,0.4977,0.4997,0.5017,0.504,0.5106,0.5168,0.5184,0.5201,0.529,0.5627,0.6539,0.7609,0.7641,0.7669,0.7742,0.7781,0.7843,0.7892,0.7952,0.8232,0.8307,0.8709,0.9174,0.9447,0.9956,0.9972,0.9996,1.0012,1.0061,1.0077,1.0137,1.0175,1.021,1.0226,1.0261,1.0665,1.221,1.2368,1.8135,1.8202,1.8219,1.8257,3.0551,3.0598,3.0618,3.0639,3.0661,3.0679,3.0696,3.072,3.0737,3.0771,3.0793,3.0963,3.279,3.2808,3.292,3.3911,3.3937,3.4015,3.4385,3.4402,3.4477,3.4511,3.4542,3.4562,3.4578,3.4597,3.4618,3.4639,3.4664,3.4717,3.4734,3.4897,3.5314,3.5395,3.5429,3.5514,3.5545,3.5595,3.6405,3.6423,3.646,3.6517,3.655,3.658,3.6618,3.6877,3.6933,4.0227,4.0352,4.0377,4.0394,4.0423,4.0444,4.0482,4.0506,4.0534,4.0577,4.0657,4.0707,4.0729,4.1322,4.6683,5.7052,6.1135,6.1164,6.1237,6.1256,6.1275,6.1398,6.1525,6.1608,6.4083,6.5514,6.7141,6.7163,7.1619,7.1778,7.2014
-1.9859,-1.9444,-1.9071,-1.5766,-1.0647,-0.3375,0.0159,0.0187,0.0205,0.0233,0.0262,0.0291,0.0478,0.0497,0.0548,0.0606,0.0623,0.2558,0.2586,0.2605,0.265,0.2668,0.27,0.2762,0.2799,0.2845,0.3334,0.3609,0.3702,0.4347,0.4964,0.501,0.5046,0.5089,0.5117,0.5134,0.5152,0.5184,0.52,0.5289,0.591,0.756,0.7585,0.7607,0.7624,0.7643,0.7661,0.7719,0.7739,0.7777,0.7796,0.7869,0.7946,0.8016,0.8457,0.8504,0.9975,0.9993,1.001,1.0029,1.011,1.0154,1.0175,1.0221,1.0292,1.1593,1.6679,1.6708,1.8024,1.8399,2.0271,2.4194,2.4972,2.863,2.9327,3.0553,3.0574,3.0608,3.0657,3.0673,3.0691,3.0728,3.0749,3.0769,3.0821,3.1024,3.1514,3.4356,3.4376,3.4396,3.4471,3.4522,3.454,3.4559,3.4785,3.5388,3.5407,3.5427,3.5443,3.549,3.5516,3.5559,3.5588,3.5627,3.5644,3.6394,3.6422,3.6447,3.6464,3.6509,3.6602,3.6652,3.6716,3.6782,4.0354,4.0382,4.0401,4.0428,4.0473,4.05,4.0563,4.0589,4.3523,6.1015,6.1032,6.1057,6.1098,6.1229,6.1311,6.1412,6.1453,6.1576,6.3501,6.4045,6.5807,6.5832,6.5993,7.0417,7.068,7.0725,7.2682
-1.8065,-1.7786,-1.776,-1.7741,-1.7438,-1.7317,-1.5154,-1.5056,-1.4643,-1.4622,-1.4606,-1.4448,-1.2888,-1.2037,-0.7,0.0163,0.0195,0.0233,0.0285,0.0341,0.0358,0.0454,0.0476,0.0646,0.0734,0.2569,0.2592,0.2609,0.2635,0.2653,0.2693,0.273,0.2774,0.2876,0.2932,0.2952,0.3001,0.3043,0.3343,0.3416,0.348,0.3603,0.4908,0.4968,0.499,0.5111,0.5156,0.5173,0.5207,0.6241,0.6906,0.7635,0.7661,0.7707,0.7736,0.778,0.78,0.7817,0.7836,0.7882,0.7899,0.8195,0.8244,0.8939,0.9074,0.9163,0.9881,0.9904,0.9959,1.0008,1.0092,1.0135,1.0164,1.0182,1.0228,1.0257,1.0302,1.0331,1.0375,1.0702,1.1629,1.2479,1.4831,1.8303,1.863,2.2905,2.5538,3.0711,3.0728,3.0748,3.0772,3.0797,3.084,3.0861,3.0926,3.0956,3.108,3.1346,3.4501,3.461,3.4656,3.4691,3.4732,3.4748,3.4776,3.5142,3.5555,3.5578,3.5622,3.5687,3.5705,3.5784,3.6621,3.6665,3.6684,3.6987,3.7068,3.7438,3.7577,3.7733,3.7818,3.8007,3.9788,4.024,4.0509,4.053,4.0555,4.0626,4.0673,4.0697,4.0724,4.0768,4.0829,4.0896,4.0914,4.1028,4.1046,4.1099,4.8684,5.4958,5.6227,5.8435,6.1358,6.1378,6.1398,6.1456,6.1523,6.1598,6.1666,6.2112,6.4351,7.0742,7.1306
-1.3275,-0.4086,0.0178,0.0198,0.0219,0.0243,0.0262,0.0316,0.0352,0.0483,0.0501,0.0523,0.1599,0.2632,0.2662,0.2678,0.2715,0.2733,0.2778,0.2841,0.4966,0.5008,0.5026,0.5045,0.5091,0.5115,0.5216,0.5233,0.5327,0.5387,0.5494,0.5654,0.7614,0.7633,0.768,0.7697,0.775,0.7777,0.823,0.8354,0.8501,0.8593,0.8766,1.0013,1.0029,1.0049,1.0066,1.0105,1.013,1.0253,1.0281,1.0442,1.0526,1.0654,1.0717,1.3413,1.7604,1.7751,1.7858,1.7911,1.8056,1.8076,1.8105,1.818,1.822,1.8282,1.8319,1.8344,1.8545,1.8635,1.8651,1.8754,1.8864,1.9115,1.9415,2.0184,2.0968,2.1436,3.0586,3.0646,3.067,3.0721,3.0751,3.0796,3.0848,3.0865,3.0946,3.1429,3.3969,3.4375,3.4426,3.4452,3.4472,3.4501,3.4525,3.4542,3.4874,3.5375,3.5423,3.5439,3.5461,3.5509,3.5561,3.5626,3.5683,3.6057,3.6117,3.6454,3.6481,3.6503,3.6529,3.7107,3.9212,4.0396,4.0454,4.0499,4.0581,4.1013,4.2201,4.427,5.122,5.1683,5.3544,5.4894,5.5024,6.1021,6.1038,6.1056,6.1073,6.1113,6.1197,6.123,6.1266,6.135,6.1534,6.3867,6.7268,6.7449,7.2709,7.284
-1.8501,-1.8483,-1.7285,-1.7166,-1.705,-1.6925,-1.5437,-1.5374,-1.2731,-1.2402,-1.1993,-1.1282,-0.9941,-0.9879,-0.9847,-0.9541,-0.5242,-0.0725,0.0191,0.0212,0.0255,0.0349,0.0373,0.0392,0.0431,0.0459,0.259,0.2609,0.2626,0.2655,0.2711,0.2745,0.2765,0.2799,0.2982,0.2998,0.4959,0.5024,0.5041,0.5059,0.5113,0.5129,0.5149,0.5281,0.5528,0.7615,0.7652,0.7687,0.7749,0.7765,0.7804,0.7858,0.7889,0.7931,0.9978,1.0034,1.0081,1.0118,1.0138,1.0322,1.0364,1.2419,1.3357,1.3482,1.3786,1.5936,1.8515,2.0415,2.0467,2.5839,2.668,3.0593,3.0626,3.0658,3.0676,3.0693,3.0713,3.0743,3.0761,3.0782,3.0799,3.0835,3.0929,3.0994,3.1311,3.1357,3.344,3.3471,3.4412,3.4443,3.4464,3.4483,3.4526,3.4596,3.4616,3.4648,3.4931,3.5374,3.5392,3.543,3.5454,3.547,3.5674,3.5734,3.6115,3.6437,3.6537,3.673,4.0433,4.0457,4.0484,4.0517,4.0615,4.4009,4.5899,4.6201,4.6251,5.0306,5.8648,6.1092,6.1108,6.1127,6.1234,6.1256,6.1363,6.1405,6.1734,6.1775,6.3462,7.0638,7.1212,7.1896,7.2281,7.3137,7.3315

-1.9197,-1.6745,-1.6721,-1.5093,-1.4374,-1.1519,-0.7939,-0.5158,-0.4918,-0.4131,-0.1758,-0.0987,0.0156,0.018,0.0232,0.0251,0.0274,0.0293,0.034,0.0375,0.0393,0.0413,0.0487,0.0617,0.0685,0.085,0.1634,0.1816,0.2519,0.2559,0.2584,0.26,0.262,0.2646,0.2691,0.272,0.2744,0.2793,0.281,0.324,0.3908,0.4961,0.4981,0.5006,0.5025,0.5123,0.516,0.5492,0.5801,0.5851,0.5896,0.654,0.7564,0.7587,0.7605,0.7623,0.764,0.7677,0.7707,0.775,0.7804,0.7829,0.7916,0.8288,0.9964,1.0005,1.0043,1.0087,1.013,1.0203,1.0234,1.1439,1.1549,1.691,3.0557,3.0574,3.059,3.0623,3.0673,3.0691,3.0717,3.0735,3.0754,3.0772,3.0831,3.0852,3.2552,3.2969,3.2985,3.3005,3.3033,3.3055,3.3072,3.3105,3.3124,3.3206,3.5355,3.5393,3.5413,3.5499,3.5518,3.5572,3.559,3.5678,3.6044,3.662,3.7996,3.8053,3.8072,3.8111,3.8146,3.8195,3.8382,3.8433,4.0342,4.0361,4.0378,4.0398,4.0419,4.0519,4.0554,4.0584,4.0622,4.0639,4.0671,4.074,4.6655,4.7306,4.9078,4.9203,5.935,6.0996,6.1105,6.1136,6.1847,6.3441,6.5487,6.6169,7.0343,7.3807,7.3838,7.4715,7.4811
-1.7047,-1.6278,-0.4367,0.0188,0.021,0.0242,0.0297,0.041,0.0513,0.0628,0.1101,0.1345,0.2576,0.261,0.2628,0.2653,0.2686,0.2717,0.2736,0.2773,0.2797,0.2821,0.2933,0.4951,0.4987,0.5008,0.5058,0.5109,0.5126,0.5172,0.5215,0.5272,0.5487,0.6678,0.7565,0.7597,0.7618,0.7667,0.7716,0.7807,0.7827,0.9962,0.9988,1.0053,1.0073,1.0095,1.0112,1.0255,2.6718,2.8206,3.0714,3.0736,3.0755,3.0774,3.0794,3.0844,3.0894,3.0912,3.093,3.0959,3.0979,3.315,3.3205,3.3224,3.3271,3.3319,3.3342,3.3375,3.494,3.5516,3.5557,3.5575,3.5635,3.5688,3.5733,3.5854,3.6199,3.8109,3.8128,3.8148,3.8186,3.823,3.8266,3.8451,3.8625,4.0513,4.0558,4.0587,4.0657,4.0704,4.0773,4.1046,6.1162,6.1192,6.123,6.129,6.1349,6.139,6.141,6.1546,7.1887,7.2,7.2098,7.2118,7.2245,7.4082
-1.9352,-1.8237,-1.8187,-1.781,-1.7692,-1.6639,-1.5133,-1.4818,-1.4548,-1.4486,-1.4172,-0.6407,-0.5006,0.016,0.0189,0.0205,0.0225,0.0258,0.0305,0.0324,0.0354,0.0373,0.0392,0.041,0.0456,0.048,0.1029,0.2561,0.2606,0.2649,0.2684,0.2759,0.2789,0.2865,0.33,0.502,0.504,0.506,0.5079,0.5273,0.5329,0.7559,0.7598,0.7643,0.7663,0.7729,0.7864,0.7927,0.9702,0.9975,1.0001,1.0034,1.006,1.0106,1.0262,1.0339,3.0708,3.0746,3.0776,3.0821,3.0972,3.1121,3.1287,3.3118,3.3148,3.3174,3.3195,3.3235,3.3284,3.331,3.3353,3.339,3.3485,3.422,3.4864,3.5508,3.5538,3.562,3.566,3.568,3.5705,3.5736,3.585,3.6378,3.7358,3.8115,3.8144,3.8163,3.8182,3.8243,3.8312,3.8342,4.0516,4.0569,4.0617,4.0637,4.0671,4.0718,4.0883,4.792,4.7943,5.7375,5.7719,6.136,6.1394,6.1468,6.1488,6.1588,6.5427,6.7616,7.6005,7.69
-1.9421,-1.9351,-1.5935,-1.3544,-1.2566,-1.1438,-0.7546,-0.6967,-0.2139,0.0163,0.0203,0.0237,0.0255,0.0306,0.0335,0.0372,0.0417,0.0486,0.0527,0.0551,0.0693,0.1406,0.2608,0.2634,0.2669,0.2687,0.2714,0.2816,0.2833,0.3495,0.4972,0.5065,0.5096,0.5135,0.5161,0.5309,0.5467,0.7624,0.7654,0.7693,0.7744,0.7813,0.7849,0.7886,0.7915,0.9999,1.0033,1.0101,1.0123,1.0141,1.0216,1.0233,1.1515,1.6333,1.6355,2.7468,3.0716,3.0755,3.0778,3.0804,3.083,3.0944,3.1016,3.1083,3.3113,3.3139,3.3162,3.3199,3.3222,3.3238,3.3319,3.3438,3.5522,3.5616,3.571,3.5763,3.8111,3.8158,3.8178,3.8198,3.8228,3.8258,3.8323,4.0527,4.0548,4.0625,4.0835,4.473,6.1348,6.1395,6.1418,6.1469,6.1587,6.1775,7.001,7.21
-1.9392,-1.7651,-1.0566,-1.033,-0.9082,-0.3971,0.0251,0.0274,0.029,0.0309,0.0358,0.0376,0.0406,0.0436,0.0505,0.0537,0.0592,0.1702,0.1741,0.2613,0.2634,0.2653,0.2678,0.2723,0.2747,0.2766,0.5022,0.5038,0.5077,0.5173,0.525,0.5327,0.5759,0.5813,0.6019,0.7631,0.7649,0.7727,0.8137,0.8655,0.998,1.0029,1.0146,1.0245,1.0332,1.7371,2.3462,3.0633,3.0655,3.0694,3.0711,3.0728,3.0822,3.0852,3.1133,3.3038,3.3057,3.3176,3.3244,3.3659,3.4653,3.4723,3.5435,3.548,3.5517,3.5563,3.567,3.5873,3.5939,3.6022,3.7971,3.804,3.806,3.8125,3.829,4.0425,4.0475,4.0496,4.0514,4.0556,4.0634,6.1019,6.1035,6.1055,6.1074,6.1096,6.116,6.1202,6.1389,6.1408,7.2343,7.2814
-1.8036,-1.7562,-1.7348,-1.5927,-0.8634,-0.8596,-0.5472,-0.2999,-0.2481,-0.0323,0.0174,0.0193,0.0212,0.0232,0.0284,0.0322,0.0354,0.0376,0.0429,0.2566,0.2591,0.2608,0.2697,0.2791,0.283,0.3106,0.3181,0.3238,0.3315,0.3349,0.3982,0.4968,0.5005,0.5028,0.5105,0.5163,0.5233,0.5404,0.5576,0.5901,0.5935,0.7564,0.7603,0.762,0.7641,0.7702,0.776,0.7815,0.7915,0.8201,0.8306,0.8334,0.8416,0.8468,0.8875,0.9997,1.0023,1.0057,1.0074,1.0114,1.0176,1.0196,1.0235,1.0469,1.0555,1.1778,1.3891,1.3951,1.427,1.4315,1.4448,2.327,2.8292,3.0559,3.0578,3.0607,3.0624,3.0645,3.0663,3.0692,3.0709,3.0773,3.2955,3.2981,3.3005,3.3033,3.306,3.3101,3.3127,3.329,3.3536,3.468,3.5422,3.5457,3.5476,3.57,3.668,3.7996,3.8016,3.8034,3.8059,3.8239,3.8273,3.8329,3.9649,4.0365,4.0404,4.0421,4.0452,4.047,4.0488,4.0514,4.0532,4.0931,6.1009,6.1175,6.1195,6.1225,6.1241,6.1259,6.1384,6.1404,6.2358,6.4769,6.6859,7.2347,7.2851,7.3119,7.3166,7.4373,7.4492,7.5808,7.5868
-1.9534,-1.9024,-1.6119,-1.4116,-1.4039,-1.3158,-1.182,-1.1116,0.0163,0.0183,0.0209,0.0227,0.0267,0.0688,0.1502,0.1561,0.1823,0.2594,0.2627,0.2666,0.2687,0.2734,0.4679,0.4998,0.5018,0.5039,0.5126,0.5159,0.53,0.5391,0.6335,0.722,0.7562,0.7579,0.7598,0.7619,0.7639,0.7681,0.7712,0.7735,0.8189,0.8781,0.9996,1.0015,1.0036,1.0066,1.0082,1.0104,1.0121,1.0184,1.0266,1.4757,1.4794,1.4873,1.7447,2.1357,2.273,2.5735,2.8864,3.0562,3.0591,3.063,3.0649,3.0748,3.0765,3.0788,3.3023,3.3135,3.3202,3.3218,3.5338,3.5358,3.5453,3.548,3.5512,3.5785,3.6188,3.6235,3.6303,3.6764,3.7356,3.7443,3.7961,3.7978,3.7997,3.8031,3.8078,3.8099,3.8118,4.0368,4.0406,4.0429,4.0455,4.0475,4.0534,4.0551,4.0601,4.0621,4.0918,5.4805,5.5392,5.7894,5.8948,5.899,5.9146,5.9242,5.9351,6.1031,6.1059,6.1081,6.1104,6.1189,6.1211,6.1273,6.1403,6.1492,6.5796,6.782,7.1,7.1036,7.149,7.2287,7.2318
-1.9273,-1.9239,-1.9135,-1.9086,-1.8816,-1.8467,-1.8438,-1.8275,-1.7653,-1.6155,-1.5932,-1.5881,-1.4592,-1.452,-0.3182,-0.1178,0.0199,0.0219,0.0237,0.0255,0.0281,0.0309,0.0332,0.0349,0.04,0.0463,0.0543,0.0561,0.0591,0.0664,0.2576,0.2609,0.2632,0.2668,0.2688,0.2706,0.2821,0.2841,0.2997,0.4995,0.5141,0.5208,0.7606,0.7666,0.7697,0.772,0.7799,0.7868,0.8172,0.9994,1.0038,1.0055,1.0074,1.0115,1.0135,1.0186,1.0206,1.0872,1.1006,2.0427,2.7347,3.0747,3.0766,3.0808,3.0826,3.0848,3.0901,3.0943,3.1084,3.1138,3.1178,3.3116,3.3138,3.3202,3.3233,3.3406,3.3563,3.4704,3.556,3.5644,3.5729,3.5748,3.5816,3.8143,3.8173,3.8191,3.8287,3.8317,3.9444,3.9551,3.973,3.9807,4.053,4.0575,4.0617,4.0637,4.0694,4.0829,4.3215,4.3454,4.3678,5.4132,5.4192,5.4243,6.1343,6.1363,6.1399,6.1417,6.1478,6.1607,6.1625,6.1646,6.179,6.181,7.0321,7.1857,7.5007
-1.5546,-1.3838,-0.5263,-0.2145,0.021,0.0229,0.0246,0.029,0.0321,0.0391,0.0461,0.0556,0.0886,0.2447,0.2527,0.2577,0.2597,0.2613,0.2646,0.273,0.2806,0.2917,0.3054,0.4289,0.4969,0.4986,0.5004,0.5045,0.5133,0.5165,0.5223,0.5352,0.6863,0.6907,0.6961,0.7002,0.7101,0.7581,0.7598,0.7618,0.7688,0.7719,0.7782,0.7809,0.7856,0.9986,1.0005,1.0022,1.0038,1.0081,1.0099,1.015,1.0197,1.0344,1.0751,1.1529,1.9414,2.1168,2.1184,2.1202,2.1249,2.1372,2.1392,2.1679,2.1758,2.1808,2.189,2.2529,2.7711,3.0547,3.0621,3.0666,3.0728,3.1848,3.2471,3.2963,3.2992,3.3028,3.3074,3.3101,3.3151,3.3223,3.3241,3.3541,3.5366,3.543,3.5452,3.5666,3.7962,3.7983,3.8022,3.8058,3.8098,3.8188,3.8205,3.8237,3.8256,3.8592,3.8635,4.0398,4.0416,4.0457,4.0479,4.0496,4.0563,4.0795,4.3798,4.4674,5.6267,6.1218,6.1385,6.1414,6.1515,6.1666,7.167,7.2599
-1.5308,-1.5177,-1.4999,-1.4769,-1.194,-0.96,-0.8278,-0.1816,-0.1757,0.0187,0.0227,0.0272,0.0297,0.0357,0.0374,0.0395,0.1005,0.2576,0.2616,0.2635,0.2655,0.2689,0.2752,0.2786,0.2806,0.2827,0.498,0.4998,0.5015,0.5035,0.5131,0.5153,0.517,0.5228,0.5245,0.5279,0.6572,0.6706,0.758,0.7604,0.7628,0.7651,0.768,0.7765,0.7846,0.8922,0.9971,0.9995,1.0011,1.0034,1.0074,1.0094,1.0193,1.0232,1.0249,1.0372,1.0449,1.0496,1.0554,1.0786,1.1971,1.1988,1.2012,1.2126,1.2424,1.2643,1.2783,1.2935,1.3011,1.3134,1.3538,1.5746,1.6307,1.6423,2.9087,3.0244,3.0294,3.0407,3.0716,3.0754,3.0773,3.0825,3.0847,3.0894,3.0911,3.0945,3.0981,3.2346,3.3127,3.3153,3.3174,3.3195,3.3223,3.324,3.326,3.3293,3.331,3.3362,3.3435,3.5525,3.5546,3.5562,3.5578,3.5617,3.5661,3.66,3.8125,3.8143,3.8186,3.8203,3.8263,3.829,3.8328,4.0518,4.0551,4.0587,4.0756,4.0834,4.1113,4.6167,6.0405,6.1231,6.1252,6.133,6.1391,6.1412,7.0035,7.0064,7.0103,7.0199,7.0448,7.064
-1.7155,-1.1536,-0.9233,-0.6195,-0.6043,-0.5882,-0.5808,-0.5482,-0.4454,-0.4272,-0.0598,-0.0253,0.0163,0.0185,0.0202,0.0251,0.0271,0.0313,0.0358,0.0386,0.0464,0.048,0.0521,0.0567,0.0586,0.1008,0.256,0.2605,0.2622,0.2721,0.2741,0.279,0.2807,0.2864,0.307,0.3818,0.496,0.499,0.501,0.5045,0.5078,0.5095,0.5117,0.5159,0.5176,0.5196,0.5378,0.5798,0.5908,0.7054,0.757,0.759,0.761,0.763,0.7683,0.7703,0.7729,0.7773,0.7834,0.7924,0.7953,0.8036,0.9959,0.9997,1.0034,1.0137,1.019,1.0254,1.0376,1.1675,1.1864,1.4549,1.9134,1.9248,2.4626,2.4711,2.5731,3.0506,3.0714,3.0748,3.086,3.0908,3.0949,3.1023,3.3112,3.3157,3.3177,3.325,3.3279,3.3323,3.3515,3.3547,3.3718,3.4322,3.4419,3.5519,3.5561,3.5643,3.577,3.5825,3.585,3.5896,3.603,3.7016,3.8136,3.8153,3.817,3.8187,3.8229,3.825,3.8268,3.8285,3.8305,3.835,3.8436,3.8927,4.055,4.0613,4.0653,4.0678,4.0718,4.0772,4.0971,4.1437,4.1759,4.5539,4.5557,4.7548,5.2673,5.2847,5.2902,6.1155,6.1208,6.1234,6.1284,6.1336,6.1371,6.1431,6.1448,6.1526,6.1634,6.1786,6.1924,6.3365,6.8173,6.933,7.04,7.1981,7.2671,7.4623,7.5257
-1.3128,-1.3046,-1.2756,-1.2717,-1.2679,-1.2631,-1.0388,-1.0343,-1.0257,-1.0144,-0.981,-0.8346,-0.2676,-0.2639,0.0165,0.0181,0.0201,0.0224,0.0242,0.0261,0.0282,0.0314,0.0336,0.0357,0.0374,0.0392,0.0412,0.0453,0.047,0.0594,0.0691,0.2032,0.2049,0.2604,0.2656,0.2697,0.2718,0.2742,0.2768,0.2843,0.2905,0.2973,0.3376,0.4295,0.4608,0.4736,0.4984,0.5007,0.5056,0.5161,0.5184,0.5207,0.5669,0.7137,0.7538,0.7557,0.7577,0.7598,0.7614,0.7653,0.7669,0.7691,0.7726,0.7745,0.7845,0.8137,0.9962,0.9982,1.0001,1.002,1.0068,1.0087,1.0106,1.014,1.0177,1.0363,1.1519,1.3288,1.4707,1.6115,1.6348,1.7221,1.8541,1.8663,1.8718,1.8963,2.0661,2.1684,3.0706,3.0754,3.0773,3.0791,3.0841,3.0885,3.0917,3.0934,3.0975,3.1149,3.1256,3.311,3.3144,3.3166,3.3194,3.3244,3.3261,3.3282,3.3323,3.3339,3.3758,3.4631,3.5507,3.5534,3.555,3.5571,3.5588,3.5607,3.5626,3.5676,3.5755,3.593,3.8108,3.8141,3.8158,3.8194,3.8268,3.8285,3.8361,3.8524,3.9535,4.0508,4.0525,4.0546,4.057,4.0599,4.0627,4.0688,4.0734,4.0771,4.1165,4.6572,4.6814,5.329,5.6823,6.1189,6.1213,6.1241,6.128,6.1299,6.1393,6.1503,6.152,6.2643,6.6043,6.9142,7.0129,7.1157,7.189,7.3085,7.3769
-1.9798,-1.9778,-1.8855,-1.0687,-0.4572,-0.354,0.0159,0.0186,0.0207,0.0225,0.0244,0.027,0.0287,0.032,0.0343,0.0362,0.0388,0.0427,0.0629,0.1077,0.1174,0.1264,0.1641,0.2561,0.2582,0.2599,0.2627,0.2644,0.2664,0.2838,0.2886,0.2958,0.2976,0.3234,0.3375,0.3399,0.3533,0.497,0.5067,0.5105,0.5163,0.5179,0.5201,0.523,0.7564,0.7626,0.7643,0.7711,0.7738,0.7936,0.7983,0.8319,0.8363,0.9969,0.9986,1.0008,1.0027,1.0081,1.0098,1.0139,1.0183,1.022,1.0269,1.0289,1.0376,1.1591,1.1668,1.1757,1.3938,1.4446,1.5187,2.1322,2.2883,2.5496,2.5541,3.0554,3.0593,3.061,3.0631,3.0664,3.0685,3.0749,3.0871,3.0955,3.102,3.2952,3.2969,3.2988,3.3025,3.3073,3.309,3.3113,3.3208,3.3346,3.3664,3.5353,3.5374,3.5397,3.5436,3.5453,3.5538,3.5577,3.5597,3.796,3.798,3.7997,3.8044,3.8062,3.8082,3.812,3.8139,3.8172,3.8199,3.864,3.8677,3.9126,4.0368,4.0416,4.0493,4.0558,4.0627,4.0674,4.0772,4.1443,4.6988,4.7035,6.1009,6.1025,6.1058,6.1079,6.1271,6.1291,6.1308,6.1398,6.1415,6.144,6.1715,6.7335,6.8102,6.9722,7.3208
-1.9538,-1.951,-1.9248,-1.9128,-1.9049,-1.8344,-1.7313,-1.7255,-1.7233,-1.3812,-1.242,-0.8633,-0.082,-0.0135,0.0196,0.0228,0.0245,0.0262,0.0285,0.0322,0.0395,0.0439,0.0457,0.0476,0.0495,0.0521,0.1635,0.1724,0.1744,0.2286,0.2569,0.2586,0.2611,0.2652,0.2672,0.2698,0.2715,0.279,0.2821,0.2916,0.2934,0.2979,0.3003,0.3022,0.3598,0.363,0.4974,0.4992,0.5027,0.5058,0.5089,0.5108,0.5129,0.519,0.5219,0.5236,0.5275,0.7603,0.7621,0.7659,0.7676,0.7699,0.7806,0.7846,0.7913,0.7937,0.8201,0.8256,0.835,0.8382,0.9976,1.0009,1.0039,1.0077,1.0097,1.0117,1.0155,1.0229,1.0347,1.1009,1.1099,1.2008,1.2125,1.4245,1.4318,1.4356,1.4417,1.9565,2.2243,2.4363,2.4553,3.0548,3.0581,3.0635,3.0661,3.0679,3.0768,3.0828,3.0917,3.1314,3.296,3.2979,3.2996,3.3027,3.3079,3.3135,3.3155,3.3172,3.319,3.3246,3.3375,3.3484,3.3688,3.5393,3.5424,3.5481,3.5548,3.5606,3.5662,3.5748,3.6478,3.7988,3.801,3.8027,3.8088,3.8402,3.9429,3.978,4.0352,4.0375,4.0392,4.0424,4.0458,4.0479,4.0497,4.098,4.0997,4.4215,4.8847,4.8908,5.0545,5.5818,6.1012,6.1029,6.105,6.1075,6.1156,6.118,6.1218,6.1305,6.1403,6.1815,6.673,6.8379,7.2384
-1.9544,-1.9511,-1.9331,-1.7056,-1.6784,-1.6674,-1.6593,-1.6417,-1.5055,-1.4985,-1.4959,-1.4621,-1.4593,-0.4968,0.0172,0.0255,0.0271,0.029,0.0308,0.0327,0.0345,0.039,0.0414,0.0462,0.0581,0.1219,0.2606,0.2644,0.2662,0.2683,0.2711,0.2732,0.2775,0.2794,0.2946,0.299,0.3225,0.5027,0.5058,0.5103,0.5239,0.5375,0.5394,0.55,0.7315,0.7566,0.7593,0.7646,0.7694,0.7743,0.7766,0.791,0.7958,0.9315,0.9669,0.9971,1.0015,1.0035,1.0051,1.0074,1.0122,1.0138,1.0212,1.0231,1.0541,1.6944,1.7221,1.7438,1.7479,1.8341,1.9762,1.9839,2.0067,2.2121,2.3186,2.533,2.9493,3.0568,3.0593,3.064,3.0785,3.0806,3.0833,3.0954,3.3004,3.3022,3.3105,3.3155,3.3214,3.3233,3.3261,3.3302,3.3395,3.3414,3.3457,3.3493,3.5377,3.5426,3.546,3.5495,3.5535,3.5659,3.5705,3.6006,3.6091,3.8012,3.8039,3.8067,3.8096,3.8132,3.8151,3.8214,3.837,4.0416,4.044,4.0461,4.048,4.0538,4.0606,4.0677,4.0714,4.0882,4.4085,4.5785,4.6528,4.77,4.8106,5.5802,5.6371,6.1041,6.1072,6.109,6.1171,6.1369,6.1585,7.154,7.3921,7.4039,7.4093,7.4173,7.4903,7.571
