-1.9919,-1.977,-1.9588,-1.9228,-1.9172,-1.8944,-1.8911,-1.8376,-1.8349,-1.7964,-1.7867,-1.7831,-1.7368,-1.7124,-1.7036,-1.6899,-1.684,-1.6816,-1.6766,-1.6159,-1.5842,-1.5525,-1.5314,-1.4999,-1.492,-1.4878,-1.4849,-1.4153,-1.4134,-1.4095,-1.3982,-1.3612,-1.3291,-1.3248,-1.2922,-1.2381,-1.23,-1.2239,-1.211,-1.1774,-1.173,-1.1656,-1.1374,-1.1186,-1.0813,-1.0791,-1.0494,-1.0179,-1.0034,-0.9555,-0.8453,-0.7352,-0.7001,-0.6612,-0.6432,-0.588,-0.4501,-0.436,-0.3312,-0.2886,-0.2641,-0.2049,-0.1788,-0.1725,-0.1657,-0.1476,-0.1358,-0.0796,-0.0083,0.0221,0.0869,0.0954,0.1131,0.1353,0.1647,0.1915,0.2154,0.2378,0.2799,0.3131,0.3299,0.3517,0.3598,0.3673,0.369,0.375,0.3817,0.4038,0.4199,0.4262,0.4545,0.4578,0.4789,0.4887,0.513,0.5244,0.5363,0.5438,0.5615,0.5733,0.5979,0.6,0.6137,0.625,0.6556,0.6642,0.678,0.694,0.7101,0.7673,0.9099,1.126,1.3685,1.5514,1.5613,1.6256,1.7108,1.8258,1.9296,1.9557,1.9867,2.0887,2.1074,2.1132,2.1414,2.2062,2.3032,2.309,2.3374,2.35,2.4604,2.4649,2.6814,2.6984,2.7732,2.8081,2.8811,2.9159,2.9207,2.9398,2.9823,2.9999,3.0174,3.052,3.1539,3.2173,3.3036,3.3448,3.3934,3.4191,3.4209,3.6014,4.8773,6.102,6.2814,6.4107,6.8191
-1.9962,-1.9679,-1.9462,-1.8988,-1.8923,-1.887,-1.8745,-1.8532,-1.7585,-1.7564,-1.7509,-1.7399,-1.6973,-1.6136,-1.5912,-1.1693,-1.1428,-1.0818,-1.0459,-1.0065,-0.9979,-0.991,-0.9835,-0.9818,-0.9198,-0.8616,-0.818,-0.7973,-0.7917,-0.7721,-0.7188,-0.5921,-0.552,-0.4322,-0.4106,-0.336,-0.3228,-0.2882,-0.273,-0.2683,-0.1102,-0.0568,-0.016,0.0984,0.1043,0.2257,0.2504,0.2577,0.2704,0.2851,0.2962,0.3139,0.3234,0.3289,0.3329,0.3745,0.3761,0.3856,0.3891,0.3991,0.4234,0.4307,0.4473,0.4537,0.4781,0.4973,0.5102,0.529,0.5361,0.5787,0.6167,0.6961,0.7675,0.7786,0.9156,0.9719,1.135,1.1501,1.8823,1.9347,2.5267,2.5857,2.6164,2.653,2.747,2.8769,3.294,3.3027,3.3094,3.366,3.4762,4.114,4.6636,4.7381,4.7632,4.7748,5.3004,5.3629,5.4881,5.7614,5.8111,5.8699,5.8943,5.9657,6.1013,6.1668,6.2277,6.2852,6.4255,6.4602,6.5029,6.5255,6.662,7.1307,7.3797,7.475,7.5518,7.7335
-1.9797,-1.9321,-1.892,-1.8634,-1.833,-1.7177,-1.7141,-1.7036,-1.6348,-1.5294,-1.5036,-1.4554,-1.4145,-1.4036,-1.3947,-1.3877,-1.3729,-1.363,-1.3346,-1.3245,-1.3168,-1.3069,-1.2605,-1.2546,-1.2502,-1.2361,-1.2181,-1.2039,-1.2019,-1.1856,-1.1763,-1.1578,-1.1542,-1.1478,-1.1439,-1.1305,-1.1263,-1.089,-1.0822,-1.067,-1.0645,-1.0555,-1.0164,-0.9926,-0.9895,-0.9596,-0.9516,-0.9462,-0.9319,-0.9216,-0.9116,-0.8927,-0.8779,-0.8672,-0.842,-0.7504,-0.7391,-0.7142,-0.4915,-0.4667,-0.4397,-0.4379,-0.389,-0.3795,-0.3427,-0.3303,-0.3275,-0.3053,-0.2982,-0.2932,-0.2768,-0.2751,-0.2567,-0.254,-0.244,-0.2108,-0.1669,-0.1615,-0.158,-0.1477,-0.1387,-0.096,-0.0038,0.0415,0.0661,0.0977,0.1102,0.3708,0.3882,0.4031,0.4394,0.4419,0.461,0.4665,0.4758,0.4833,0.4906,0.5091,0.533,0.544,0.556,0.5724,0.6066,0.6551,0.7255,0.823,0.8985,1.0127,1.4364,1.4398,1.9793,2.1221,2.1625,2.2505,2.2703,2.2934,2.3932,2.4703,2.5259,2.5677,2.863,3.0709,3.0996,3.1066,3.1191,3.1216,3.181,3.2227,3.2261,3.2286,3.2523,3.2574,3.2915,3.3031,3.3392,3.3437,3.4037,3.4458,3.5229,3.6637,3.7059,4.9842,4.9909,5.2401,5.2805,5.9781,6.0088,6.0229,6.0496,6.2331,6.6348,7.0854,7.3906,7.7204,7.7542
-1.9483,-1.829,-1.7738,-1.7216,-1.6944,-1.6868,-1.6035,-1.5849,-1.5764,-1.5473,-1.5277,-1.5119,-1.4695,-1.4344,-1.4297,-1.3509,-1.3338,-1.2729,-1.0543,-1.0472,-0.9454,-0.9434,-0.9356,-0.915,-0.8857,-0.8033,-0.7858,-0.774,-0.7363,-0.6799,-0.5943,-0.5848,-0.1653,-0.1233,-0.0662,-0.0204,-0.006,0.0024,0.0063,0.0385,0.1069,0.191,0.1933,0.208,0.3373,0.4094,0.4191,0.4448,0.4507,0.4727,0.4764,0.4797,0.4866,0.5247,0.5426,0.5517,0.5585,0.571,0.5771,0.5882,0.6021,0.6137,0.6376,0.6436,0.6571,0.6752,0.6791,0.6818,0.7097,0.7553,0.7825,0.8577,0.9005,0.9088,0.9121,0.9958,1.8888,2.4214,2.4863,2.6756,2.8505,2.883,2.9937,3.0069,3.0786,3.1594,3.1785,3.1996,3.2589,3.3286,3.3734,3.4093,3.4394,3.5211,3.5697,3.61,4.0055,4.7873,4.8528,5.0402,5.0535,5.5669,5.5937,5.7984,5.933,5.9533,6.0573,6.0619,6.5898,7.233,7.2415,7.6238,7.6426,7.672,7.8546
-1.9583,-1.9484,-1.8986,-1.8862,-1.8469,-1.8275,-1.8239,-1.8188,-1.7175,-1.709,-1.65,-1.6139,-1.5985,-1.534,-1.5293,-1.4831,-1.4716,-1.1112,-1.0376,-0.9671,-0.933,-0.9016,-0.8323,-0.8195,-0.8176,-0.8097,-0.7418,-0.7223,-0.7154,-0.6888,-0.6815,-0.6409,-0.6313,-0.599,-0.5638,-0.5584,-0.5399,-0.523,-0.5204,-0.5165,-0.513,-0.5095,-0.5056,-0.4723,-0.426,-0.4042,-0.4013,-0.2269,-0.0463,-0.0228,0.0092,0.0466,0.0544,0.0655,0.1085,0.1126,0.1747,0.1763,0.2684,0.3019,0.3068,0.3468,0.3803,0.3866,0.3925,0.3946,0.4586,0.465,0.4814,0.4843,0.4987,0.5084,0.5184,0.5446,0.5591,0.5701,0.5789,0.5808,0.5972,0.6083,0.6356,0.6404,0.6482,0.6559,0.6787,0.6985,0.7763,0.7943,0.811,0.8127,0.8154,0.8394,0.8487,0.8749,0.8786,0.8819,0.9536,0.9849,1.0013,1.2129,1.2395,1.2861,1.4256,1.4309,1.4866,1.644,1.7603,1.8113,1.8606,1.8876,1.925,1.9807,2.0021,2.0257,2.0716,2.0911,2.1037,2.144,2.1517,2.1855,2.207,2.2391,2.2536,2.2792,2.2887,2.3011,2.3552,2.3712,2.3941,2.409,2.4199,2.4297,2.4505,2.5037,2.5923,2.6467,3.0305,3.0544,3.1033,3.1612,3.1756,3.2241,3.241,3.2537,3.2676,3.2698,3.2768,3.4599,3.4803,3.494,3.5028,3.5396,3.5754,3.6559,3.8035,3.8762,4.3141,4.7919,4.8913,4.9191,4.9468,5.0088,5.0817,5.1162,5.1461,5.3825,5.5444,5.942,6.2698,6.5469,6.5701,6.6018,6.6142,6.6159,6.6245,6.6459,6.6628,6.6673,6.6874,6.7186,6.7473,6.7584,6.7997,6.934,7.2243,7.4848,7.7723
-1.9815,-1.9272,-1.9143,-1.9126,-1.8626,-1.8601,-1.8161,-1.8045,-1.7582,-1.7333,-1.7272,-1.7139,-1.6796,-1.6759,-1.6379,-1.6323,-1.5923,-1.5806,-1.541,-1.5359,-1.533,-1.5111,-1.5067,-1.4738,-1.4639,-1.4595,-1.4546,-1.4502,-1.3994,-1.3553,-1.3353,-1.3329,-1.3306,-1.3187,-1.3053,-1.2942,-1.2925,-1.2205,-1.0883,-1.0019,-0.9976,-0.9829,-0.9684,-0.9603,-0.9216,-0.9191,-0.915,-0.9094,-0.8896,-0.8827,-0.8783,-0.8477,-0.8377,-0.8321,-0.791,-0.6556,-0.6424,-0.571,-0.5605,-0.5233,-0.5033,-0.4944,-0.4762,-0.452,-0.3679,-0.3603,-0.3299,-0.3074,-0.2913,-0.2803,-0.2775,-0.2715,-0.2526,-0.1553,-0.1177,-0.1073,-0.1049,-0.0918,-0.076,-0.0567,-0.0449,-0.038,0.0013,0.0239,0.102,0.1315,0.1429,0.1662,0.2037,0.3621,0.3994,0.402,0.4393,0.4412,0.45,0.4559,0.4625,0.4735,0.4955,0.5022,0.5078,0.5108,0.5573,0.5593,0.6019,0.6043,0.6211,0.6297,0.6351,0.6435,0.6494,0.6532,0.6573,0.667,0.6961,0.7104,0.7122,0.7205,0.7349,0.7401,0.7483,0.758,0.7744,0.7822,0.8016,0.8235,0.833,0.8351,0.8595,0.8751,0.8981,0.9666,1.0031,1.0355,1.1542,1.1834,1.2231,1.2623,1.3582,1.3787,1.4751,1.5606,1.6904,1.7414,1.8131,1.8927,1.9037,1.9651,2.0477,2.0777,2.2346,2.2975,2.3681,2.4747,2.5699,2.642,2.7028,2.8009,2.8074,2.8369,2.8519,2.8581,2.8747,2.9678,3.0167,3.0558,3.0793,3.0893,3.1252,3.13,3.2446,3.2617,3.2751,3.2967,3.3235,3.3676,3.3842,3.4073,3.4511,3.4878,3.5348,3.5578,3.6418,3.6823,5.2015,5.2329,5.2563,5.3402,5.6111,5.6694,5.9793,6.3445,6.4425,6.5094,6.5329,6.5434,6.5453,6.8489,6.8699,7.1217,7.4026,7.5428,7.5812,7.6225,7.7731,7.8533
-1.98,-1.9732,-1.8447,-1.7751,-1.74,-1.7,-1.6917,-1.6435,-1.6087,-1.5791,-1.5226,-1.5027,-1.4529,-1.4437,-1.4396,-1.4371,-1.4172,-1.4032,-1.3754,-1.3585,-1.346,-1.3126,-1.2891,-1.269,-1.26,-1.2451,-1.2213,-1.2088,-1.1916,-1.1809,-1.1579,-1.154,-1.1192,-1.1161,-1.1025,-1.0605,-1.0467,-0.9907,-0.9716,-0.8564,-0.8111,-0.7857,-0.7406,-0.7282,-0.6926,-0.6769,-0.6358,-0.5096,-0.5028,-0.4169,-0.3941,-0.3554,-0.338,-0.3063,-0.3044,-0.277,-0.2647,-0.2618,-0.1687,-0.1332,-0.0289,-0.0047,0.0451,0.1252,0.1755,0.1891,0.1926,0.2061,0.2219,0.2253,0.2977,0.3528,0.3551,0.3806,0.3824,0.3916,0.4374,0.4646,0.4894,0.4931,0.5062,0.5269,0.5424,0.5645,0.5837,0.6,0.631,0.6445,0.6594,0.6895,0.6939,0.7002,0.7332,0.7549,0.7901,0.841,1.9802,2.2008,2.6723,2.7469,2.8842,2.8915,3.2584,3.3812,3.4826,3.6646,4.0714,4.2713,4.4632,4.4688,4.5115,4.7346,4.8625,5.5663,5.7254,5.8366,6.0276,6.0552,6.1205,6.1351,6.1435,6.1576,6.19,6.1921,6.2054,6.2485,6.2687,6.318,6.3266,6.3902,6.6211,6.7085,6.8118,7.5473,7.8312
-1.9953,-1.9798,-1.9673,-1.9566,-1.9373,-1.9213,-1.908,-1.8941,-1.8808,-1.8368,-1.8165,-1.8018,-1.595,-1.5834,-1.5423,-1.5199,-1.515,-1.5036,-1.497,-1.46,-1.4494,-1.4311,-1.4053,-1.3773,-1.359,-1.327,-1.3241,-1.2831,-1.0889,-1.0436,-0.9338,-0.8485,-0.8149,-0.8093,-0.7775,-0.7603,-0.7534,-0.7089,-0.6114,-0.4946,-0.4751,-0.4536,-0.4455,-0.4361,-0.4227,-0.3643,-0.3327,-0.2817,-0.2755,-0.25,-0.2299,-0.2121,-0.2099,-0.1901,-0.176,-0.1652,-0.1581,-0.1517,-0.1501,-0.1418,-0.1375,-0.1196,-0.1061,-0.101,-0.0935,-0.0869,-0.0705,-0.0672,-0.035,0.0098,0.0231,0.059,0.0675,0.1143,0.12,0.1259,0.1547,0.1592,0.1616,0.2171,0.2251,0.2355,0.2387,0.2523,0.2656,0.3441,0.3757,0.4091,0.4144,0.4214,0.4442,0.4646,0.4733,0.5173,0.5284,0.5425,0.5516,0.573,0.5773,0.6259,0.6465,0.677,0.6802,0.6868,0.6981,0.7658,0.7757,0.7815,0.7835,0.7909,0.7954,0.8099,0.8492,0.8546,0.8836,0.9412,0.9719,0.9839,0.9967,1.0261,1.0939,1.1124,1.1592,1.1702,1.2119,1.2389,1.258,1.2765,1.2848,1.2902,1.306,1.3734,1.4449,1.4738,1.5107,1.5731,1.6061,1.6955,1.8726,2.0923,2.5351,2.5497,2.5995,2.8842,3.0007,3.0307,3.0839,3.0889,3.1219,3.1434,3.1823,3.2184,3.3077,3.4651,3.5401,3.5592,3.8663,4.2368,4.667,4.8118,4.9366,5.0765,5.6835,5.7322,5.8216,5.951,6.0305,6.0755,6.1328,6.3965,6.4865,6.525,6.5793,6.5901,6.5976,6.6002,6.6295
-1.9383,-1.929,-1.8984,-1.8543,-1.7851,-1.7032,-1.6914,-1.6436,-1.6044,-1.5895,-1.5296,-1.5034,-1.4829,-1.4599,-1.4583,-1.4478,-1.4201,-1.4149,-1.4067,-1.4014,-1.3966,-1.3916,-1.3856,-1.3827,-1.38,-1.3535,-1.3406,-1.3316,-1.3286,-1.3206,-1.3129,-1.2927,-1.2775,-1.2748,-1.2608,-1.2591,-1.2541,-1.2486,-1.2408,-1.2326,-1.225,-1.1829,-1.1591,-1.1469,-1.1453,-1.1383,-1.1329,-1.1246,-1.1106,-1.0903,-1.0819,-1.0803,-1.0676,-1.057,-1.0537,-1.0493,-1.0466,-1.0315,-1.0295,-1.027,-1.0103,-1.0051,-0.9931,-0.9418,-0.9287,-0.8626,-0.8478,-0.8184,-0.5773,-0.3213,-0.2837,-0.2445,-0.2351,-0.2191,-0.197,-0.1559,-0.1452,-0.13,-0.0614,-0.0524,-0.0444,-0.0155,0.0489,0.2198,0.3549,0.3833,0.4318,0.4349,0.4477,0.4575,0.4781,0.4927,0.4947,0.5242,0.5398,0.5651,0.5853,0.6618,0.6945,0.7003,0.7339,0.7457,0.7806,1.0394,1.2121,1.2586,1.3964,1.443,1.5522,1.586,1.6572,1.6666,1.7,1.7232,1.8059,1.8273,1.8576,1.9038,2.3887,2.4375,2.4881,2.6909,2.808,2.9748,3.0771,3.0856,3.0899,3.1246,3.1325,3.162,3.3175,3.4148,3.4985,3.5184,3.8089,4.3775,4.4924,4.5104,4.5153,4.6708,5.2733,5.8621,6.0531,6.1024,6.2561,6.2716,6.4204,6.5729,6.6069,6.9044,7.1042,7.4036,7.4579,7.6946
-1.9958,-1.9817,-1.9683,-1.9403,-1.9364,-1.907,-1.9021,-1.8848,-1.8804,-1.859,-1.837,-1.812,-1.8009,-1.7336,-1.7278,-1.676,-1.6419,-1.5415,-1.5013,-1.487,-1.4445,-1.3995,-1.347,-1.3442,-1.1668,-1.1173,-1.1068,-1.0803,-1.0715,-1.0407,-1.0195,-1.0057,-1.0004,-0.9885,-0.9638,-0.9484,-0.9313,-0.9261,-0.8795,-0.8757,-0.8676,-0.8539,-0.8139,-0.8084,-0.7709,-0.745,-0.7313,-0.7265,-0.7232,-0.7096,-0.7077,-0.5884,-0.5721,-0.5497,-0.5231,-0.5208,-0.4552,-0.3886,-0.2803,-0.1344,-0.0855,-0.0688,-0.0342,0.0101,0.0312,0.0476,0.06,0.0739,0.0794,0.1001,0.1076,0.1155,0.2105,0.2401,0.2487,0.2559,0.2701,0.28,0.3085,0.3225,0.336,0.3455,0.3655,0.3693,0.3814,0.386,0.3984,0.4016,0.4109,0.4202,0.4538,0.4587,0.4849,0.4994,0.5055,0.5146,0.5381,0.5544,0.558,0.5832,0.5894,0.6207,0.6234,0.6608,0.6634,0.6847,0.7069,0.723,0.7347,0.7572,0.7634,0.772,0.7831,0.8137,0.8446,0.8584,0.8639,0.9042,0.921,0.9336,0.9867,0.99,1.0417,1.0839,1.0977,1.1071,1.1356,1.1456,1.168,1.2047,1.2113,1.2535,1.2636,1.325,1.372,1.4566,1.5411,1.6548,1.8791,1.9093,1.939,2.0804,2.0921,2.2068,2.2339,2.2888,2.3143,2.4506,2.4944,2.5248,2.563,2.6031,2.6061,2.6578,2.7002,2.7071,2.7918,2.8429,2.8816,2.9244,2.9795,3.0687,3.1012,3.2548,3.322,3.5237,3.539,3.7391,3.8689,3.9458,4.0211,4.1905,4.2518,4.3398,4.5444,4.6417,4.6525,4.6818,4.7986,4.8278,4.9229,4.9601,5.0347,5.1317,5.1467,5.1587,5.1785,5.1951,5.2143,5.2328,5.4552,5.5123,5.5644,5.5681,5.57,5.6036,5.615,5.7174,5.7515,5.8962,5.9922,6.0344,6.0585,6.2783,6.4805,6.4972,6.5754,6.5891,7.0251,7.6018,7.7365
-1.9332,-1.9218,-1.8991,-1.8635,-1.8176,-1.7847,-1.7791,-1.7168,-1.6966,-1.5969,-1.5852,-1.558,-1.5563,-1.5532,-1.5209,-1.5072,-1.4996,-1.4928,-1.4658,-1.4376,-1.4354,-1.4286,-1.2964,-1.2919,-1.2787,-1.2071,-1.1967,-1.1703,-1.1428,-1.1179,-1.0645,-1.0572,-1.0424,-1.0359,-1.029,-0.9955,-0.9874,-0.7917,-0.7561,-0.696,-0.6027,-0.5699,-0.5348,-0.5281,-0.5004,-0.4684,-0.1802,-0.1009,-0.0733,-0.0494,-0.0313,0.0117,0.0314,0.033,0.0526,0.0975,0.1422,0.1479,0.1571,0.1694,0.211,0.2378,0.2688,0.3339,0.3574,0.3835,0.3956,0.4351,0.4454,0.5184,0.53,0.5465,0.5584,0.5655,0.5752,0.5857,0.6236,0.7134,1.5786,1.6137,1.7162,1.7939,1.83,1.9219,2.4238,2.5042,2.5139,2.5712,2.5851,2.5867,2.6039,2.6321,2.6465,2.6695,2.7201,2.7336,2.7636,2.7727,2.7854,2.8012,2.8091,2.825,2.8281,2.8554,2.9311,3.0023,3.0325,3.0658,3.0887,3.1111,3.1633,3.1747,3.2099,3.2698,3.3017,3.348,3.4167,3.467,3.5413,3.5994,3.6277,3.653,3.6679,3.6702,3.7982,3.8295,3.9262,4.0635,4.3827,4.4297,4.5435,4.6276,4.6547,4.8263,4.8363,5.0104,5.0253,5.0889,5.1946,5.2513,5.2729,5.2814,5.3079,5.3747,5.3904,5.4972,5.5101,5.5214,5.6493,5.7062,5.7559,5.8744,6.3528,6.3562,6.4794,6.6027,6.6187,6.7253,6.8621,7.103,7.2867,7.3358
-1.9928,-1.9504,-1.9211,-1.9089,-1.8874,-1.8821,-1.8736,-1.8598,-1.8443,-1.8319,-1.8027,-1.8002,-1.7726,-1.7685,-1.7594,-1.7487,-1.746,-1.7379,-1.6834,-1.6739,-1.6345,-1.6129,-1.5071,-1.4921,-1.4403,-1.4144,-1.395,-1.3805,-1.3709,-1.3415,-1.3338,-1.328,-1.2856,-1.272,-1.2448,-1.2056,-1.2021,-1.1485,-1.0907,-1.0535,-0.9995,-0.9946,-0.9129,-0.9062,-0.8702,-0.8628,-0.8588,-0.824,-0.7967,-0.782,-0.7717,-0.7044,-0.6885,-0.6699,-0.6594,-0.628,-0.6162,-0.576,-0.5686,-0.5363,-0.4971,-0.4949,-0.4862,-0.4453,-0.3857,-0.3697,-0.3161,-0.3092,-0.2866,-0.2448,-0.234,-0.1709,-0.1614,-0.1561,-0.1242,-0.0864,-0.0054,0.0217,0.0697,0.1074,0.1659,0.194,0.2276,0.2552,0.3756,0.3818,0.4009,0.4377,0.4445,0.4484,0.463,0.465,0.4877,0.516,0.5253,0.5385,0.5409,0.5551,0.5818,0.5891,0.5958,0.6103,0.6123,0.621,0.6286,0.6353,0.6521,0.7002,0.7116,0.7204,0.7543,0.7565,0.801,0.826,0.8977,0.9249,0.9375,0.9512,0.9629,0.992,1.0499,1.1061,1.1452,1.1944,1.2185,1.2841,1.3091,1.3422,1.38,1.4446,1.4937,1.5399,1.6058,1.6206,1.6303,1.6418,1.6444,1.6956,1.7253,1.8143,1.844,2.2701,2.5701,2.8164,2.821,2.8614,2.9159,2.9388,2.9625,3.0165,3.1444,3.1505,3.2078,3.2244,3.3002,3.3226,3.3329,3.3634,3.3975,3.404,3.4173,3.5174,3.562,3.5689,3.6334,3.7414,3.7633,3.79,4.0379,4.3064,4.4139,4.7207,5.0543,5.1474,5.257,5.4374,5.5027,5.649,5.7838,5.8034,5.8656,5.9067,6.4282,6.5309
-1.9314,-1.8974,-1.8951,-1.8544,-1.7485,-1.7277,-1.7014,-1.6998,-1.6862,-1.6383,-1.6296,-1.6166,-1.585,-1.5628,-1.5611,-1.5492,-1.5455,-1.535,-1.5298,-1.5201,-1.5088,-1.504,-1.4918,-1.4837,-1.4708,-1.4669,-1.4543,-1.4504,-1.4007,-1.3821,-1.3698,-1.3573,-1.3556,-1.3425,-1.3331,-1.315,-1.3074,-1.2755,-1.2304,-1.1981,-1.1874,-1.1846,-1.1118,-1.1019,-1.0732,-1.0689,-1.0402,-1.0304,-0.9828,-0.9679,-0.9418,-0.9343,-0.9325,-0.9203,-0.8241,-0.8028,-0.7997,-0.7653,-0.711,-0.7072,-0.569,-0.544,-0.4093,-0.3266,-0.2525,-0.2095,-0.1916,-0.1603,-0.1213,-0.1193,-0.1063,-0.0704,-0.0682,-0.0528,-0.0491,-0.0334,-0.0208,-0.0181,-0.0165,-0.0032,0.0072,0.0105,0.0415,0.0945,0.101,0.1096,0.1554,0.1663,0.1831,0.2646,0.3307,0.3557,0.3626,0.3688,0.4037,0.4166,0.432,0.4496,0.4854,0.5014,0.5093,0.5212,0.5257,0.5369,0.5733,0.5861,0.6112,0.6427,0.676,0.6873,0.7141,0.731,0.7343,0.7624,0.7742,0.781,0.7961,0.8075,0.8097,0.8252,0.8344,0.8436,0.8603,0.8631,0.8795,0.9063,0.9161,0.9297,0.9525,0.9663,0.9697,0.9895,1.044,1.0608,1.1034,1.1134,1.1268,1.1418,1.1825,1.1912,1.1965,1.2167,1.2507,1.2588,1.2605,1.3019,1.3174,1.3979,1.4705,1.4901,1.5008,1.5182,1.5504,1.6198,1.6659,1.6986,1.7352,1.8028,1.8397,1.8442,1.8708,1.9116,1.9313,2.0236,2.0848,2.0913,2.1392,2.1695,2.2072,2.402,2.4388,2.5105,2.6472,2.668,2.7328,2.7799,2.82,2.9081,2.9252,2.9505,3.0858,3.3005,3.3258,3.3403,3.4483,3.481,3.5021,3.6055,3.6203,3.6992,4.9456,5.1736,5.4775,5.7022,6.4436,6.5557,6.6766,6.7933,6.871
-1.8479,-1.7454,-1.5925,-1.5882,-1.569,-1.5567,-1.5161,-1.4931,-1.4838,-1.4783,-1.4556,-1.421,-1.4004,-1.3838,-1.3497,-1.1944,-1.1809,-1.1268,-1.0918,-1.087,-1.0732,-1.0684,-1.0292,-1.0197,-0.9764,-0.9671,-0.9373,-0.9197,-0.8936,-0.8209,-0.7646,-0.7257,-0.6768,-0.6528,-0.5279,-0.4737,-0.4545,-0.424,-0.3797,-0.3449,-0.2381,-0.2163,-0.1646,-0.0827,0.094,0.1143,0.1231,0.1545,0.2846,0.3143,0.3283,0.4185,0.437,0.4474,0.5015,0.5519,0.5654,0.6053,0.6184,0.6315,0.6475,0.6841,0.7575,0.7719,0.7837,0.7873,0.7988,0.897,1.1492,1.1727,1.1963,1.3475,1.384,1.4161,1.4289,1.4515,1.4538,1.4752,1.5652,1.5898,1.7377,1.7571,1.8131,1.8795,2.0795,2.1071,2.6402,2.6519,2.7929,2.7953,3.0245,3.1402,3.332,3.3543,3.3594,3.4009,3.4471,3.4645,3.6496,3.8019,4.7009,4.7623,5.166,5.433,5.9777,6.218,6.2423,6.3284,6.3601,6.3721,6.4273,6.4945,6.5413,6.5889,6.5934,6.6117,6.8435
-1.9458,-1.9403,-1.9337,-1.9226,-1.9088,-1.8803,-1.8513,-1.8387,-1.8339,-1.8194,-1.8113,-1.8058,-1.7849,-1.7636,-1.7328,-1.7271,-1.6914,-1.646,-1.6402,-1.5174,-1.5067,-1.3585,-1.3405,-1.3274,-1.311,-1.2821,-1.2045,-1.0561,-1.049,-1.0024,-0.9965,-0.9946,-0.9793,-0.9426,-0.9408,-0.9276,-0.9184,-0.9036,-0.8928,-0.8852,-0.8713,-0.8363,-0.792,-0.7689,-0.7585,-0.7496,-0.7352,-0.7129,-0.6996,-0.6956,-0.6807,-0.6721,-0.6646,-0.6529,-0.6452,-0.6227,-0.6185,-0.5475,-0.5221,-0.3684,-0.3493,-0.346,-0.3336,-0.3162,-0.3113,-0.3018,-0.2939,-0.2806,-0.2128,-0.2071,-0.1903,-0.158,-0.147,-0.1157,-0.0871,-0.0705,-0.0685,-0.0536,-0.0373,-0.0015,0.0754,0.1421,0.2059,0.209,0.2481,0.2596,0.2778,0.2822,0.3044,0.3209,0.3229,0.3305,0.3439,0.3528,0.3609,0.3636,0.3693,0.4005,0.411,0.4231,0.4296,0.4344,0.4373,0.4495,0.4777,0.4802,0.4889,0.493,0.5562,0.5702,0.585,0.6146,0.6271,0.6939,0.7985,0.8101,0.8496,0.8514,0.9449,1.3508,1.5767,1.6252,1.6494,1.7019,1.8033,1.8285,1.8438,1.8671,1.8861,1.9085,1.9398,2.062,2.1819,2.2235,2.2935,2.3488,2.3676,2.3945,2.4001,2.4683,2.5564,2.6117,2.6445,2.7695,2.8118,2.8316,2.998,3.0327,3.0395,3.0519,3.0557,3.0662,3.0903,3.0962,3.1392,3.1806,3.2389,3.2484,3.2698,3.2796,3.2964,3.3178,3.3213,3.3639,3.3689,3.6099,3.6299,4.0924,4.3116,4.5862,4.7686,4.7961,4.806,4.8637,4.9955,5.0356,5.6215,5.6401,6.041,6.442,6.4637,6.5318,6.7435,7.3902

-1.9847,-1.9458,-1.821,-1.8162,-1.8099,-1.7701,-1.6769,-1.6103,-1.6061,-1.5925,-1.4925,-1.4408,-1.3922,-1.379,-1.3715,-1.3603,-1.3574,-1.3307,-1.2704,-1.2388,-1.2279,-1.1724,-1.1592,-1.1363,-1.1214,-1.1171,-1.0783,-1.0573,-1.0292,-1.0229,-0.9985,-0.9865,-0.9725,-0.9631,-0.9543,-0.9516,-0.9362,-0.9274,-0.8872,-0.8764,-0.8727,-0.8702,-0.8559,-0.8363,-0.8273,-0.8044,-0.8026,-0.7842,-0.7813,-0.7655,-0.7566,-0.7544,-0.7181,-0.7132,-0.6925,-0.6861,-0.6669,-0.6499,-0.647,-0.6219,-0.6071,-0.593,-0.5541,-0.549,-0.5419,-0.5183,-0.5119,-0.5022,-0.4987,-0.4852,-0.4574,-0.4456,-0.4438,-0.4303,-0.4122,-0.3926,-0.3542,-0.2747,-0.2441,0.0464,0.0676,0.0782,0.0852,0.1566,0.1951,0.2127,0.2364,0.2613,0.3281,0.3821,0.4203,0.4298,0.442,0.4509,0.4575,0.4794,0.4816,0.4952,0.5247,0.5561,0.5733,0.5749,0.578,0.5946,0.5963,0.6397,0.6629,0.6766,0.6782,0.6876,0.7074,0.7263,0.7555,0.7916,0.8594,0.873,0.886,0.9463,0.9517,1.4297,1.6085,1.7503,1.8493,2.0187,2.2452,2.2805,2.3345,2.433,2.5268,2.718,3.0752,3.1578,3.2782,3.3288,3.3308,3.3801,3.4094,3.4111,3.4744,3.4888,3.4906,3.5085,3.5109,3.552,3.6875,3.7237,3.788,3.8373,3.8687,3.9056,3.9077,3.9157,4.357,4.4989,4.5069,4.5111,4.5965,4.6362,4.7267,5.1451,5.2339,5.2845,5.3778,5.394,5.4426,5.5909,5.7517,5.7689,5.8022,5.8668,5.8897,5.8935,5.9142,5.9221,5.9687,5.9818,5.9914,6.0332,6.0441,6.0646,6.0772,6.1017,6.1163,6.1673,6.2249,6.2272,6.2521,6.3108,6.3535,6.414,6.4353,6.4749,6.5713,6.6003,6.6099,6.742,7.1378
-1.9982,-1.9564,-1.9454,-1.9247,-1.9231,-1.9204,-1.9054,-1.8974,-1.8864,-1.8805,-1.8264,-1.8189,-1.8145,-1.7815,-1.7783,-1.7515,-1.7432,-1.7362,-1.7311,-1.7255,-1.7216,-1.6835,-1.6801,-1.6694,-1.6645,-1.6544,-1.6481,-1.644,-1.6341,-1.6107,-1.5626,-1.5538,-1.5244,-1.4945,-1.4799,-1.398,-1.2958,-1.2435,-1.1916,-1.0448,-1.043,-1.0039,-0.9454,-0.9261,-0.8935,-0.8792,-0.8618,-0.8564,-0.8309,-0.8257,-0.7917,-0.7798,-0.7517,-0.6772,-0.67,-0.6556,-0.6342,-0.6148,-0.6016,-0.5864,-0.5825,-0.5082,-0.4897,-0.4785,-0.4735,-0.4329,-0.4169,-0.3793,-0.3371,-0.3086,-0.2324,-0.211,-0.2093,-0.1659,-0.1283,-0.0808,-0.0207,0.0055,0.0262,0.1417,0.1488,0.1622,0.1898,0.2311,0.2531,0.2719,0.2765,0.3272,0.375,0.4046,0.4161,0.4238,0.432,0.4401,0.4577,0.4793,0.5164,0.5337,0.5479,0.5506,0.5765,0.5935,0.5956,0.6089,0.6383,0.6488,0.6582,0.6759,0.6872,0.689,0.7847,0.7941,0.8216,0.9213,1.5138,1.777,1.8898,1.9875,2.6673,2.7735,2.8038,3.036,3.1223,3.1552,3.1907,3.2273,3.2463,3.2664,3.2706,3.2953,3.3187,3.3355,3.3833,3.4156,3.4279,3.4593,3.473,3.4987,3.5656,3.5993,3.6454,3.6726,3.6995,3.7297,3.7438,3.7516,3.7733,3.8292,3.8556,3.8856,3.9307,3.9553,4.0161,4.0527,4.3346,4.457,4.5351,4.8219,4.8339,4.8501,4.854,4.902,5.0139,5.0685,5.7278,5.7436,5.7851,5.7995,5.8431,5.8548,5.9002,5.9329,5.9689,6.0472,6.093,6.1079,6.1241,6.1466,6.1938,6.2049,6.2371,6.2502,6.2763,6.2925,6.305,6.3237,6.3386,6.3631,6.3761,6.3824,6.3896,6.3984,6.4071,6.4089,6.4128,6.4387,6.4425,6.4542,6.4711,6.4909,6.4989,6.5221,6.5428,6.5607,6.5719,6.5835,6.5977,6.6566,6.7263,7.0767,7.2218,7.347,7.437,7.5356,7.6937,7.7541,7.7615
-1.9861,-1.9494,-1.8186,-1.8064,-1.7942,-1.7284,-1.6819,-1.6582,-1.6402,-1.6307,-1.5821,-1.574,-1.5556,-1.5367,-1.52,-1.5052,-1.4956,-1.4804,-1.4747,-1.4702,-1.4427,-1.436,-1.4215,-1.419,-1.4032,-1.3937,-1.3901,-1.366,-1.3532,-1.3502,-1.3384,-1.3134,-1.3064,-1.2781,-1.2619,-1.2471,-1.2284,-1.2265,-1.2025,-1.1943,-1.1782,-1.1208,-1.1013,-0.9632,-0.7942,-0.6689,-0.6263,-0.621,-0.5653,-0.4849,-0.4275,-0.4164,-0.272,-0.2132,-0.209,-0.2072,-0.1878,-0.1809,-0.1599,-0.1444,-0.0952,0.0022,0.1334,0.1419,0.3642,0.4087,0.4567,0.46,0.4798,0.5311,0.5422,0.5514,0.5597,0.5777,0.5926,0.6263,0.6309,0.64,0.6546,0.6622,0.6662,0.6808,0.6824,0.7053,0.7438,0.7484,0.8416,0.8433,0.8599,0.9349,1.1248,1.2396,1.7686,2.0805,2.1718,2.2566,2.3476,2.4115,2.45,2.565,2.5705,2.5829,2.5894,2.6922,2.727,2.7951,2.8046,2.839,2.8604,2.8929,2.9187,3.0184,3.1842,3.3234,3.3814,3.4694,3.4733,3.5818,3.6153,3.631,3.7028,4.2127,4.2789,4.7656,4.7784,4.9014,4.9593,5.0391,5.1225,5.311,5.4203,5.5106,5.7374,5.8296,5.9268,5.977,6.0105,6.0397,6.0775,6.0896,6.1132,6.2009,6.2379,6.3076,6.3121,6.3593,6.3947,6.3994,6.4087,6.4154,6.439,6.4737,6.4829,6.498,6.5221,6.5629,6.5832,6.6129,6.6526,6.7492,7.1392,7.2666,7.3719,7.4489,7.6971,7.8284,7.8464
-1.9992,-1.9787,-1.9527,-1.7282,-1.6601,-1.6306,-1.6211,-1.5096,-1.4776,-1.4727,-1.3825,-1.3436,-1.3349,-1.3284,-1.3261,-1.2926,-1.2809,-1.2784,-1.267,-1.2632,-1.2273,-1.0656,-1.0318,-1.0218,-0.9949,-0.9862,-0.9783,-0.9249,-0.9217,-0.9039,-0.8744,-0.8499,-0.8144,-0.7994,-0.7745,-0.7658,-0.7504,-0.7206,-0.6565,-0.6544,-0.6407,-0.6137,-0.5986,-0.5695,-0.5084,-0.504,-0.5023,-0.4998,-0.496,-0.476,-0.4415,-0.3053,-0.1945,-0.176,-0.1572,-0.1317,-0.0932,-0.0573,-0.0522,-0.0375,-0.0097,0.1145,0.188,0.2281,0.2765,0.3001,0.3728,0.3928,0.4034,0.4272,0.4441,0.4612,0.4912,0.5045,0.509,0.5217,0.5259,0.5409,0.5592,0.5622,0.6018,0.6321,0.6468,0.6493,0.6546,0.6576,0.6744,0.6812,0.7702,0.8109,0.8155,0.835,0.8484,0.8578,1.1353,1.1504,1.2993,1.3778,1.4362,1.5115,1.5217,1.6229,1.7165,1.7617,1.7732,2.0081,2.2253,2.4185,2.6448,2.6615,2.6668,2.788,2.921,3.0157,3.0768,3.098,3.1307,3.1501,3.1645,3.1697,3.172,3.242,3.2696,3.3114,3.3361,3.4056,3.4102,3.4358,3.4576,3.4781,3.5655,3.6103,3.6825,3.7022,3.7097,3.7165,3.8038,3.9756,4.0967,4.1863,4.1897,4.2534,4.263,4.3491,4.5662,4.6905,4.7162,4.8044,4.8346,4.8409,4.8449,4.858,4.8689,4.9217,4.9475,4.9956,5.0049,5.0801,5.1347,5.2438,5.3183,5.5383,5.7007,5.7581,5.7695,5.8214,5.8576,5.8656,5.9032,5.9304,5.9989,6.0201,6.0255,6.146,6.1542,6.1674,6.1716,6.185,6.1915,6.2757,6.3568,6.3637,6.4167,6.4257,6.4298,6.4384,6.4457,6.4584,6.4653,6.4888,6.5092,6.5526,6.5658,6.6055,6.6219,6.6498,6.6568,6.6901,6.741,6.751,6.8309,6.8883,7.0752,7.1088,7.1717,7.2529,7.2926,7.3988,7.6499
-1.9862,-1.9561,-1.9334,-1.9081,-1.8734,-1.8656,-1.7971,-1.7939,-1.7033,-1.6797,-1.6675,-1.6607,-1.5426,-1.3032,-1.2456,-1.122,-1.0719,-0.9051,-0.8357,-0.8309,-0.797,-0.7906,-0.7313,-0.6834,-0.6397,-0.6024,-0.5376,-0.5005,-0.4783,-0.4758,-0.4559,-0.4271,-0.4079,-0.4043,-0.402,-0.3598,-0.354,-0.3521,-0.3014,-0.272,-0.2381,-0.2025,-0.1712,-0.1611,-0.1418,-0.1315,-0.1286,-0.0755,-0.0708,-0.0435,-0.0201,0.0445,0.0473,0.0941,0.1191,0.1238,0.1886,0.2039,0.2128,0.2467,0.2757,0.312,0.3366,0.3483,0.3796,0.3843,0.3888,0.392,0.4094,0.4329,0.452,0.4574,0.4629,0.481,0.487,0.5019,0.5069,0.5144,0.5162,0.529,0.5472,0.5794,0.5828,0.5884,0.5941,0.6256,0.6281,0.6331,0.6409,0.6428,0.6774,0.7225,0.7522,0.7776,0.9847,1.0283,1.0481,1.1214,1.1375,1.4093,1.4148,1.4955,1.7759,1.9152,1.9818,2.0148,2.0951,2.2099,2.2298,2.366,2.4617,2.6774,2.6911,2.7215,2.7242,2.7463,3.024,3.135,3.2323,3.2794,3.3167,3.3447,3.357,3.4004,3.4406,3.4879,3.5855,3.6509,3.7881,3.8123,3.8766,3.9327,3.954,4.2741,4.3019,4.3615,4.3858,4.4432,4.5321,4.584,4.5908,4.6102,4.7824,4.7863,4.8771,4.9566,4.9709,5.0453,5.0918,5.2961,5.8491,5.8804,5.8903,5.9124,6.014,6.0374,6.0434,6.0833,6.09,6.1016,6.1124,6.1599,6.1966,6.2224,6.2371,6.2875,6.3057,6.3108,6.3449,6.3553,6.3626,6.3684,6.3726,6.392,6.3956,6.4042,6.4066,6.4389,6.4494,6.4588,6.4611,6.4803,6.4821,6.5342,6.554,6.5706,6.5725,6.5975,6.6064,6.6262,6.6558,6.6674,6.6928,6.7072,6.7303,6.732,6.7432,6.7494,7.0086,7.1137,7.1356,7.1763,7.2477,7.3177,7.3224,7.5146,7.5439,7.6037,7.6145,7.6362,7.7262
-1.9957,-1.9547,-1.9054,-1.8935,-1.8622,-1.8427,-1.8292,-1.8084,-1.7912,-1.7293,-1.7217,-1.7199,-1.5136,-1.3758,-1.3112,-1.303,-1.2804,-1.2284,-1.1912,-1.1651,-1.12,-1.109,-1.1061,-1.0748,-1.0659,-1.0537,-1.0452,-0.9887,-0.9867,-0.937,-0.9332,-0.9129,-0.8663,-0.8386,-0.8014,-0.7677,-0.7421,-0.7291,-0.7226,-0.6899,-0.6864,-0.6819,-0.6724,-0.6241,-0.6147,-0.5944,-0.5849,-0.5803,-0.577,-0.5649,-0.5356,-0.4553,-0.4469,-0.435,-0.4021,-0.3936,-0.3879,-0.3687,-0.3493,-0.3162,-0.2508,-0.2486,-0.2434,-0.2308,-0.2065,-0.2029,-0.1887,-0.1801,-0.1737,-0.1075,-0.0994,-0.0724,-0.0534,-0.0124,0.0387,0.0405,0.0426,0.0463,0.0521,0.0736,0.1464,0.2205,0.2372,0.2392,0.274,0.2778,0.3328,0.3385,0.3449,0.3565,0.3666,0.3687,0.3853,0.4238,0.4255,0.4387,0.4416,0.4717,0.4748,0.4838,0.4916,0.4953,0.5025,0.5069,0.5222,0.5375,0.5503,0.5563,0.5584,0.6213,0.6266,0.6514,0.6673,0.679,0.7155,0.7244,0.7264,0.7785,0.7925,0.7947,0.8333,0.8831,0.9218,1.0808,1.2092,1.3035,1.4687,1.6281,1.6367,1.7387,1.781,1.8426,1.881,1.8878,2.1172,2.1549,2.1619,2.1756,2.1795,2.292,2.3103,2.3969,2.85,2.8594,2.8959,2.9426,3.0122,3.0162,3.0866,3.0992,3.114,3.1318,3.1418,3.149,3.1946,3.2588,3.286,3.3032,3.3168,3.3354,3.345,3.3649,3.3768,3.4213,3.4343,3.4449,3.4553,3.4953,3.5023,3.5859,3.6075,3.6254,3.6482,3.9737,4.004,4.0231,4.0456,4.0737,4.0919,4.1758,4.3172,4.4341,4.4488,4.5274,4.5542,4.5703,4.6003,4.6161,4.6249,4.6337,4.6532,4.6778,4.7053,4.7425,4.7447,4.8755,4.8823,4.9216,4.9382,4.9825,5.064,5.0713,5.0877,5.0896,5.1429,5.1503,5.2376,5.4265,5.4284,5.527,5.6743,5.7345,5.7635,5.807,5.8116,6.0429,6.064,6.0782,6.1184,6.1717,6.1779,6.2301,6.2518,6.2621,6.2928,6.3014,6.3137,6.3286,6.3309,6.3436,6.3517,6.3546,6.3566,6.3728,6.3757,6.3824,6.393,6.409,6.4112,6.4163,6.4252,6.46,6.4706,6.4727,6.4867,6.4933,6.4996,6.5117,6.5306,6.5379,6.5422,6.5558,6.5637,6.5662,6.5973,6.6141,6.617,6.6467,6.6952,6.8032,6.859,6.9612,7.0961,7.2037,7.2171,7.2625,7.2651,7.3136,7.3181,7.3572,7.3874,7.4177,7.4928,7.6553,7.7798
-1.999,-1.9812,-1.9383,-1.9259,-1.9241,-1.8715,-1.8695,-1.8402,-1.8346,-1.8041,-1.7891,-1.7508,-1.6609,-1.6587,-1.6166,-1.6027,-1.5933,-1.5805,-1.5586,-1.5564,-1.5524,-1.5177,-1.4831,-1.4394,-1.4344,-1.4211,-1.3979,-1.386,-1.3547,-1.3311,-1.3169,-1.3076,-1.291,-1.2851,-1.2306,-1.2049,-1.1972,-1.1779,-1.174,-1.1666,-1.1064,-1.1048,-1.1025,-1.058,-1.0419,-0.9958,-0.9687,-0.9668,-0.9611,-0.9485,-0.9389,-0.9194,-0.8566,-0.8358,-0.7997,-0.7583,-0.7495,-0.6824,-0.3875,-0.2631,-0.2522,-0.2133,-0.2102,-0.2041,-0.1878,-0.1826,-0.1175,-0.0544,-0.0407,-0.0341,-0.0277,0.1418,0.1464,0.1967,0.203,0.2284,0.2388,0.2442,0.2581,0.2616,0.2871,0.3275,0.3539,0.3765,0.3854,0.3935,0.4293,0.4407,0.4467,0.4555,0.4756,0.4798,0.4889,0.4919,0.5108,0.5321,0.5373,0.5583,0.5679,0.5847,0.6262,0.6715,0.757,0.7653,0.845,0.8598,0.8624,0.9879,1.5279,1.598,1.9393,1.9972,2.0228,2.0623,2.0847,2.1077,2.1392,2.3017,2.3246,2.4372,2.821,3.2159,3.2644,3.2785,3.3156,3.3803,3.4024,3.5052,3.5686,3.5747,3.6082,3.7127,3.8259,3.8587,3.8616,3.8774,3.929,3.9659,4.1166,4.1787,4.349,4.4508,4.456,4.4788,4.7761,4.7917,4.843,4.8567,4.9084,4.9912,5.0294,5.0326,5.1035,5.2196,5.2288,5.3006,5.4049,5.4248,5.4527,5.5202,5.54,5.5803,5.7034,5.7287,5.8197,5.8616,5.9004,5.9244,6.0233,6.0726,6.2754,6.3141,6.3236,6.3676,6.3861,6.4032,6.4062,6.414,6.433,6.4522,6.46,6.4922,6.5014,6.5206,6.5277,6.5811,6.5856,6.6065,6.6911,6.7582,6.9499,7.0655,7.1416,7.1489,7.3834,7.3923,7.4002,7.5606,7.5754,7.5821
-1.799,-1.7303,-1.7076,-1.706,-1.698,-1.5689,-1.4777,-1.4663,-1.457,-1.4142,-1.3802,-1.3555,-1.3505,-1.3368,-1.3182,-1.3162,-1.3101,-1.2898,-1.2793,-1.2745,-1.2588,-1.2347,-1.2315,-1.1918,-1.1548,-1.1455,-1.1246,-1.0303,-0.512,-0.4974,-0.4932,-0.4747,-0.4539,-0.3972,-0.3826,-0.3688,-0.3629,-0.3315,-0.3001,-0.2816,-0.2482,-0.2392,-0.212,-0.1997,-0.1881,-0.1478,-0.1392,-0.1172,-0.0827,-0.0628,-0.0334,-0.0251,-0.0221,-0.0157,0.0231,0.0372,0.0471,0.0786,0.096,0.1061,0.1095,0.1124,0.1177,0.1353,0.1522,0.1999,0.2361,0.2547,0.2931,0.2948,0.3056,0.3182,0.3312,0.3376,0.3657,0.3852,0.393,0.4156,0.4183,0.4326,0.4479,0.4665,0.4795,0.5134,0.5155,0.5411,0.5631,0.5898,0.6272,0.6538,0.6595,0.6669,0.6799,0.6854,0.697,0.7045,0.7208,0.738,0.7484,0.7766,0.7915,0.817,0.848,0.8784,0.9025,0.9042,0.9092,0.9154,1.2359,1.2376,1.3109,1.4578,1.5291,1.6676,2.0716,2.2832,2.3009,2.3114,2.4613,2.5081,2.6347,2.7112,2.7184,2.9573,3.0353,3.0796,3.0914,3.16,3.2582,3.482,3.4976,3.6098,3.8265,4.1943,4.2258,4.3265,4.349,4.3934,4.4262,4.4546,4.4752,4.479,4.4882,4.4986,4.5173,4.5506,4.5821,4.5898,4.6136,4.6228,4.6748,4.7066,4.7569,4.791,5.0546,5.0874,5.1343,5.292,5.3726,5.6342,5.6959,5.7593,5.7801,5.8229,5.8296,5.8332,5.9005,5.9236,5.9292,5.9694,5.978,5.9854,5.9952,6.0143,6.0428,6.0632,6.0757,6.0836,6.1102,6.1558,6.1842,6.1946,6.2366,6.2971,6.3273,6.3317,6.3725,6.4328,6.4416,6.4548,6.4638,6.4817,6.653,6.6896,7.0722,7.1766,7.3168,7.4486,7.6412,7.6527,7.6621
-1.9624,-1.9284,-1.8539,-1.8367,-1.796,-1.7425,-1.7262,-1.6539,-1.5444,-1.5142,-1.4139,-1.4062,-1.3944,-1.3916,-1.3796,-1.3731,-1.357,-1.3431,-1.33,-1.3205,-1.3025,-1.3002,-1.2877,-1.2187,-1.2126,-1.1889,-1.1869,-1.1349,-1.1333,-1.1187,-1.1148,-1.1077,-1.1,-1.0615,-1.0344,-1.0061,-0.9987,-0.9722,-0.964,-0.9509,-0.9152,-0.9004,-0.8957,-0.8813,-0.8708,-0.8477,-0.8409,-0.811,-0.8013,-0.796,-0.788,-0.7392,-0.7214,-0.6936,-0.689,-0.6873,-0.6825,-0.6645,-0.6252,-0.5809,-0.5703,-0.5243,-0.4702,-0.463,-0.4492,-0.442,-0.3757,-0.3429,-0.3016,-0.2837,-0.2641,-0.2397,-0.1436,-0.1375,-0.0372,0.0378,0.0745,0.1775,0.2774,0.2875,0.2914,0.2936,0.3062,0.3141,0.3337,0.3355,0.3847,0.4169,0.4257,0.4274,0.4577,0.4698,0.4805,0.4843,0.5198,0.5292,0.5449,0.5697,0.6107,0.6228,0.6611,0.667,0.6884,0.7319,0.7379,0.7826,0.7958,0.8471,0.9617,1.2067,1.2363,1.2822,1.3108,1.6008,1.6239,1.6481,1.6776,1.7624,1.79,1.8227,1.8779,1.8883,1.9284,1.932,1.9708,1.9811,1.9951,2.0015,2.1359,2.1622,2.2467,2.312,2.4032,2.5083,2.5464,2.7084,2.8498,2.9124,2.9187,3.0474,3.0577,3.085,3.106,3.161,3.1643,3.1768,3.1864,3.19,3.2196,3.2403,3.2535,3.2611,3.2646,3.2839,3.3032,3.3463,3.3801,3.4113,3.432,3.4561,3.4597,3.4785,3.589,3.7125,3.721,3.7401,3.868,3.9614,3.9881,4.065,4.1248,4.1818,4.2077,4.2698,4.3202,4.7257,4.7548,4.8952,4.9354,4.9441,5.0798,5.0852,5.139,5.1479,5.1871,5.2534,5.3838,5.5068,5.5742,5.6573,5.682,5.7355,5.789,5.7941,5.8683,5.894,5.8994,5.9512,5.9614,5.9664,5.9804,6.0098,6.0291,6.0375,6.045,6.0715,6.0733,6.0899,6.0932,6.1348,6.147,6.1781,6.1826,6.202,6.2103,6.2204,6.2451,6.263,6.2655,6.2944,6.3043,6.3279,6.3534,6.3589,6.3721,6.3858,6.3917,6.4634,6.4734,6.4879,6.4991,6.5185,6.5245,6.5274,6.546,6.594,6.6034,6.6631,6.8139,6.9534,7.2023,7.2185,7.2296,7.2734,7.3553,7.6921
-1.9513,-1.9394,-1.9278,-1.7873,-1.7602,-1.6565,-1.6087,-1.5189,-1.4934,-1.4395,-1.3937,-1.3817,-1.3669,-1.3557,-1.2497,-1.2429,-1.1907,-1.1807,-1.1791,-1.1733,-1.1486,-1.134,-1.1045,-1.0776,-1.0628,-1.0525,-1.0159,-0.8719,-0.8617,-0.8191,-0.8061,-0.7917,-0.7437,-0.7364,-0.7102,-0.6978,-0.6577,-0.6517,-0.4927,-0.4712,-0.4335,-0.4102,-0.3488,-0.3416,-0.311,-0.294,-0.2797,-0.2421,-0.1848,-0.062,0.0762,0.1335,0.1638,0.2223,0.2269,0.2415,0.3141,0.3441,0.3563,0.3998,0.4139,0.4162,0.4332,0.4393,0.4641,0.4713,0.4928,0.5072,0.5178,0.5229,0.538,0.553,0.5744,0.596,0.6012,0.6227,0.6482,0.6914,0.7079,0.7201,0.7511,0.7547,0.7722,0.7939,0.8196,0.8249,0.8388,0.8526,0.867,0.87,0.9025,0.9209,0.9393,0.9462,0.9555,0.9655,0.9756,0.9901,1.0059,1.0222,1.0431,1.0664,1.0794,1.2061,1.257,1.418,1.4677,1.7043,1.7505,2.3607,2.5347,2.6886,2.7058,2.7659,2.898,3.1186,3.3035,3.3273,3.3436,3.3621,3.3654,3.4097,3.4758,3.5292,3.5471,3.571,3.5733,3.6726,3.7217,3.8378,3.8566,3.896,3.9571,3.969,4.0241,4.1143,4.1893,4.2225,4.4136,4.4361,4.5606,4.6183,4.9265,5.0607,5.0949,5.1908,5.3095,5.4294,5.5328,5.6225,5.6416,5.6801,5.6844,5.7227,5.7283,5.7344,5.7473,5.7595,5.7753,5.7849,5.7995,5.8739,5.8954,5.949,6.1511,6.1814,6.1954,6.1975,6.2172,6.2341,6.2364,6.2486,6.2787,6.299,6.3139,6.3297,6.3449,6.366,6.4045,6.4307,6.4331,6.4642,6.4951,6.5024,6.5305,6.5342,6.5753,6.5785,6.5919,6.612,6.6977,6.8118,6.8196,7.051,7.1383,7.3771,7.3896,7.4925,7.5139
-1.9875,-1.9512,-1.9287,-1.912,-1.8917,-1.8764,-1.8649,-1.7729,-1.7713,-1.7272,-1.6322,-1.5532,-1.4419,-1.437,-1.4233,-1.3978,-1.3303,-1.3287,-1.2736,-1.2689,-1.2137,-1.2104,-1.2019,-1.164,-1.1581,-1.1373,-1.1252,-1.0336,-1.0217,-1.0019,-0.986,-0.9276,-0.9176,-0.8878,-0.8833,-0.8169,-0.8145,-0.7845,-0.7752,-0.7726,-0.7508,-0.7123,-0.7062,-0.697,-0.6895,-0.6835,-0.6758,-0.6717,-0.6629,-0.6318,-0.6208,-0.5956,-0.5805,-0.5698,-0.5433,-0.5258,-0.4795,-0.4738,-0.4612,-0.392,-0.3793,-0.3712,-0.3569,-0.3509,-0.3446,-0.2975,-0.2544,-0.2112,-0.2096,-0.2014,-0.1821,-0.1685,-0.1659,-0.1562,-0.1506,-0.1457,-0.1384,-0.1291,-0.1239,-0.1131,-0.0825,-0.0636,-0.0584,-0.0526,-0.0496,-0.0424,-0.0388,-0.0364,-0.0143,0.0216,0.0259,0.091,0.2182,0.2561,0.3043,0.3247,0.3308,0.3483,0.3804,0.3909,0.4431,0.4615,0.4832,0.504,0.5248,0.5593,0.564,0.5691,0.5714,0.5832,0.5985,0.6155,0.618,0.6333,0.6641,0.671,0.6884,0.7129,0.7148,0.7256,0.8095,0.8445,0.8574,0.894,0.9131,0.9698,0.9845,0.999,1.0216,1.0463,1.0831,1.128,1.2007,1.2326,1.2601,1.2794,1.2896,1.3046,1.3142,1.3372,1.3494,1.3624,1.368,1.3931,1.448,1.4857,1.5076,1.5116,1.5269,1.5763,1.5839,1.5902,1.5943,1.6058,1.639,1.6471,1.6792,1.735,1.7585,1.7765,1.7784,1.8091,1.8551,1.9153,1.9264,1.9474,1.9537,1.9697,2.0075,2.0307,2.0381,2.0604,2.1006,2.1045,2.1359,2.2693,2.271,2.3611,2.5398,2.5874,2.6068,2.7168,2.7814,2.8704,2.9303,2.9795,3.0269,3.067,3.0815,3.0977,3.1044,3.1269,3.1924,3.2171,3.2545,3.2571,3.2621,3.2774,3.334,3.3632,3.4509,3.4555,3.4709,3.5096,3.5253,3.5365,3.569,3.5879,3.5999,3.614,4.005,4.0846,4.1431,4.1671,4.1985,4.3402,4.5248,4.5664,4.6404,4.7905,4.8859,5.1117,5.1549,5.1752,5.2392,5.291,5.3085,5.3516,5.3691,5.3934,5.4109,5.4297,5.4532,5.4739,5.5681,5.5762,5.5835,5.6577,5.7087,5.7747,5.7997,5.8081,5.829,5.8378,6.0237,6.0698,6.0801,6.0916,6.1223,6.1705,6.2385,6.281,6.3222,6.3903,6.4083,6.434,6.4766,6.5822,6.6239,6.7593,6.8632,6.9522,7.1614,7.225
-1.9603,-1.9188,-1.8742,-1.8639,-1.7794,-1.733,-1.6524,-1.644,-1.6311,-1.6014,-1.5868,-1.5421,-1.5266,-1.511,-1.5037,-1.4967,-1.4413,-1.4208,-1.418,-1.4102,-1.3768,-1.3469,-1.3152,-1.3092,-1.2832,-1.2038,-1.1758,-1.1677,-1.1601,-1.0842,-0.9886,-0.9795,-0.973,-0.7892,-0.7478,-0.6872,-0.6839,-0.6557,-0.6124,-0.5962,-0.5896,-0.5815,-0.5708,-0.529,-0.5173,-0.498,-0.4792,-0.4627,-0.4568,-0.443,-0.4334,-0.4308,-0.3881,-0.3811,-0.3167,-0.2954,-0.2874,-0.2587,-0.2569,-0.2327,-0.2224,-0.1991,-0.1415,-0.1237,-0.1146,-0.0751,-0.0658,-0.0318,-0.0198,-0.0173,0.0071,0.0506,0.0665,0.0755,0.102,0.1204,0.1354,0.2342,0.2586,0.263,0.367,0.3716,0.3754,0.3936,0.4196,0.4255,0.4369,0.4446,0.4591,0.4638,0.4709,0.4759,0.4939,0.5117,0.5149,0.5207,0.5637,0.5705,0.59,0.6341,0.699,0.7063,0.7487,0.7535,0.7847,0.7982,0.8049,0.8204,0.8643,0.8914,0.8973,0.9232,0.937,0.9649,0.9978,1.0519,1.0601,1.0621,1.0818,1.088,1.0908,1.1079,1.1684,1.1755,1.2016,1.2045,1.2141,1.2191,1.2225,1.2315,1.2613,1.3398,1.3574,1.4086,1.5788,1.5887,1.6136,1.695,1.7416,1.751,1.7686,1.7706,1.8019,1.8055,1.8225,1.8369,1.8531,1.866,1.8933,1.9256,1.9324,1.9557,2.009,2.083,2.248,2.4062,2.4404,2.5561,2.6716,2.6881,2.7044,2.8998,2.9367,3.0857,3.0873,3.151,3.2333,3.2662,3.3107,3.327,3.4612,3.4789,3.5011,3.6023,3.6309,3.6925,3.7195,3.7562,3.7862,3.8612,4.0676,4.0827,4.1503,4.1784,4.2382,4.3008,4.3757,4.5431,4.5454,4.6211,4.6263,4.6313,4.6406,4.6775,4.7225,4.7873,4.8061,4.9464,4.9628,5.0458,5.2127,5.2694,5.3786,5.3875,5.4111,5.4661,5.5548,5.666,5.6982,5.7112,5.7199,5.7883,5.8552,5.9239,5.944,5.9898,5.9971,6.0157,6.0623,6.0856,6.1686,6.1945,6.2156,6.2208,6.2307,6.2558,6.2694,6.2827,6.2869,6.3125,6.3401,6.363,6.408,6.4152,6.4198,6.4325,6.4899,6.4943,6.4979,6.5297,6.5976,6.6026,6.6097,6.8346,6.8368,7.4758,7.5868
-1.991,-1.9176,-1.8517,-1.8181,-1.8126,-1.7787,-1.7523,-1.741,-1.7387,-1.718,-1.6754,-1.6719,-1.6669,-1.6568,-1.6357,-1.6247,-1.6224,-1.6168,-1.6147,-1.5992,-1.5797,-1.553,-1.5321,-1.5282,-1.5206,-1.5038,-1.4801,-1.471,-1.4663,-1.4558,-1.445,-1.3948,-1.3649,-1.3467,-1.341,-1.3272,-1.3153,-1.3012,-1.2801,-1.2437,-1.2127,-1.2072,-1.201,-1.1776,-1.1575,-1.1473,-1.1033,-1.0482,-1.009,-0.977,-0.9591,-0.9367,-0.9084,-0.9028,-0.8887,-0.8856,-0.8159,-0.8138,-0.801,-0.7919,-0.7464,-0.6641,-0.6512,-0.6491,-0.63,-0.6186,-0.5785,-0.5751,-0.5703,-0.5558,-0.5474,-0.5417,-0.5397,-0.5336,-0.5264,-0.5061,-0.481,-0.4537,-0.4434,-0.433,-0.4305,-0.424,-0.3813,-0.3737,-0.3545,-0.3385,-0.3122,-0.2753,-0.2662,-0.2567,-0.2357,-0.2243,-0.1997,-0.1543,-0.1312,-0.118,-0.0824,-0.0707,-0.0674,-0.0632,-0.0443,-0.0197,-0.0052,0.056,0.0623,0.0775,0.114,0.1312,0.1506,0.1671,0.181,0.1922,0.2304,0.2553,0.2919,0.3041,0.3292,0.3458,0.3486,0.3662,0.3747,0.4221,0.4265,0.443,0.4782,0.486,0.5016,0.5045,0.5382,0.5631,0.5766,0.588,0.6167,0.6241,0.6388,0.6533,0.6562,0.672,0.708,0.7163,0.7232,0.7594,0.7638,0.7714,0.8008,0.8089,0.8265,0.8435,0.8508,0.8701,0.892,0.9164,0.921,0.9357,0.9424,0.9532,0.9702,0.9811,0.9971,1.0254,1.0317,1.0392,1.0454,1.0672,1.2036,1.2657,1.3259,1.3528,1.4063,1.4229,1.584,1.5914,1.6111,1.6741,1.6799,1.7661,1.7736,1.893,1.9277,1.9304,2.0357,2.1059,2.1428,2.1573,2.2945,2.3178,2.4106,2.4136,2.4678,2.5144,2.6185,2.641,2.6973,2.7121,2.7183,2.7333,2.7751,2.797,2.8475,2.9011,2.9491,2.9914,3.0214,3.0885,3.146,3.1562,3.2214,3.2525,3.2593,3.2736,3.2765,3.3148,3.3365,3.3466,3.3493,3.361,3.3757,3.3775,3.3999,3.4087,3.4712,3.5541,3.619,3.7869,3.8163,4.046,4.2415,4.3693,4.3868,4.4657,4.4721,4.8071,5.0184,5.0398,5.1275,5.22,5.234,5.2736,5.2933,5.347,5.4516,5.5111,5.5594,5.5623,5.6006,5.6268,5.6704,5.6925,5.6998,5.7119,5.7281,5.7375,5.8175,5.8398,5.8683,5.908,5.9128,5.922,5.9959,6.0261,6.0428,6.1067,6.1252,6.1306,6.1411,6.1488,6.1556,6.186,6.2064,6.2282,6.2573,6.2772,6.35,6.3785,6.3851,6.4032,6.4973,6.5077,6.522,6.5314,6.5476,6.5772,6.5849,6.6203,6.6233,6.632,6.6866,6.8071,7.0096,7.1632,7.1977,7.2548,7.2929,7.3557,7.4322,7.5973,7.7118,7.7138,7.8614,7.8715,7.9174
-1.997,-1.9899,-1.961,-1.9551,-1.9531,-1.9209,-1.8712,-1.8386,-1.8275,-1.8134,-1.8029,-1.7698,-1.7643,-1.7624,-1.7471,-1.7032,-1.6927,-1.6512,-1.623,-1.5728,-1.5652,-1.5462,-1.5315,-1.524,-1.5131,-1.5065,-1.4973,-1.4944,-1.485,-1.4767,-1.4714,-1.4697,-1.4027,-1.3891,-1.3698,-1.3381,-1.3353,-1.3211,-1.1863,-1.1556,-1.0508,-1.0338,-0.9341,-0.8999,-0.8973,-0.83,-0.8195,-0.6976,-0.5699,-0.354,-0.3402,-0.3229,-0.2182,-0.1688,-0.1672,-0.1381,-0.1098,-0.1066,-0.1013,-0.0889,-0.0726,-0.0229,-0.0145,0.023,0.0396,0.044,0.0641,0.1418,0.1703,0.1783,0.1855,0.1912,0.2108,0.2445,0.2688,0.2837,0.3028,0.3057,0.3209,0.3404,0.3433,0.371,0.3728,0.4006,0.4269,0.4664,0.4883,0.4959,0.5294,0.5462,0.5566,0.5723,0.5881,0.5908,0.5925,0.6187,0.6375,0.6409,0.6874,0.7239,0.7308,0.7556,0.8675,0.901,0.9541,0.9725,0.9782,0.9982,1.0593,1.1935,1.6137,1.6308,1.7369,1.75,1.9299,1.9805,2.1124,2.1353,2.2065,2.3884,2.4602,2.5886,2.8417,2.9595,3.016,3.0926,3.1101,3.1507,3.1805,3.2924,3.3092,3.3975,3.4635,3.4708,3.5112,3.5164,3.6009,3.7122,3.8282,3.8694,3.9646,4.0165,4.0381,4.2423,4.333,4.3862,4.5108,4.7071,4.7295,4.7807,4.7925,4.8072,4.8093,4.9251,4.9294,5.0378,5.0457,5.0899,5.1413,5.2842,5.9498,6.0009,6.0895,6.1233,6.1434,6.1487,6.175,6.2236,6.2264,6.2475,6.3239,6.3373,6.3854,6.4106,6.4141,6.4287,6.4432,6.4477,6.4597,6.4656,6.4777,6.4827,6.4981,6.5082,6.5152,6.5202,6.5262,6.5483,6.5512,6.5574,6.569,6.5898,6.6341,6.6453,6.6872,6.7404,6.7575,6.788,6.8165,6.8994,7.0956,7.2871,7.6357,7.7186,7.779
-1.9514,-1.9388,-1.9318,-1.8771,-1.8686,-1.8637,-1.8304,-1.8246,-1.7707,-1.762,-1.7302,-1.7168,-1.7055,-1.6739,-1.6479,-1.6433,-1.6045,-1.5595,-1.5561,-1.5438,-1.5042,-1.4987,-1.4632,-1.4535,-1.445,-1.4404,-1.4042,-1.3459,-1.3396,-1.1486,-1.1209,-1.0618,-1.0353,-1.0325,-1.0174,-0.9849,-0.9548,-0.9421,-0.8723,-0.8627,-0.7645,-0.6962,-0.6859,-0.6032,-0.5903,-0.4887,-0.4322,-0.3586,-0.2797,-0.1596,-0.1407,-0.0609,0.0476,0.0773,0.0874,0.0981,0.1182,0.1485,0.3292,0.3433,0.3826,0.4026,0.4102,0.4413,0.4517,0.4575,0.4635,0.4738,0.4806,0.5078,0.5308,0.5452,0.5489,0.556,0.5642,0.5701,0.5995,0.6075,0.6534,0.6752,0.6801,0.706,0.7461,0.7484,0.7971,0.868,0.8713,0.9151,0.9403,1.4444,1.4567,1.5137,1.5229,1.591,1.6644,1.7808,1.8036,2.0641,2.1026,2.1653,2.1981,2.2366,2.2823,2.3271,2.382,2.4167,2.4644,2.9508,3.0385,3.064,3.0778,3.1314,3.1694,3.1984,3.2788,3.3024,3.3186,3.3496,3.4253,3.4681,3.4767,3.5053,3.543,3.5713,3.6061,3.746,3.826,4.1935,4.2862,4.3098,4.4662,4.4981,4.5043,4.5093,4.5176,4.6123,4.8803,4.9606,5.0238,5.0406,5.0504,5.1315,5.2618,5.3017,5.3231,5.3701,5.4668,5.4759,5.4907,5.5417,5.5535,5.5565,5.5721,5.5798,5.5828,5.6237,5.6278,5.632,5.6457,5.675,5.6921,5.7062,5.7195,5.7287,5.7701,5.7917,5.8016,5.8105,5.8141,5.8213,5.8545,5.8652,5.8811,5.8935,5.8966,5.9099,5.9386,5.9524,5.9712,5.9743,5.9918,6.0206,6.0657,6.152,6.1814,6.1935,6.1983,6.2161,6.2364,6.2382,6.2468,6.2603,6.2986,6.308,6.3171,6.3407,6.3564,6.3694,6.3811,6.3888,6.4043,6.4129,6.4197,6.4407,6.4471,6.4489,6.471,6.4729,6.5021,6.5157,6.5546,6.6417,6.6434,6.7393,6.7411,6.8031,7.065,7.2317,7.304,7.3059,7.3663,7.3824,7.3898,7.5739,7.6778

-1.996,-1.9776,-1.9377,-1.9316,-1.9204,-1.91,-1.875,-1.8609,-1.8355,-1.8279,-1.8223,-1.8108,-1.8016,-1.7874,-1.7832,-1.7712,-1.7582,-1.7378,-1.7198,-1.6963,-1.6931,-1.6643,-1.6625,-1.6509,-1.641,-1.6336,-1.6161,-1.6108,-1.602,-1.5711,-1.5453,-1.5288,-1.5249,-1.5231,-1.5158,-1.5087,-1.495,-1.486,-1.4823,-1.4686,-1.458,-1.4554,-1.3878,-1.3812,-1.3782,-1.3691,-1.3672,-1.304,-1.2541,-1.1589,-1.0388,-1.0247,-1.0154,-1.0073,-0.983,-0.9789,-0.9691,-0.9447,-0.9269,-0.8722,-0.8696,-0.7993,-0.7672,-0.7368,-0.7152,-0.6915,-0.6244,-0.6142,-0.6102,-0.5117,-0.4533,-0.38,-0.372,-0.3534,-0.3376,-0.2728,-0.2411,-0.2182,-0.208,-0.1827,-0.1784,-0.1695,-0.0899,-0.088,-0.0695,-0.0518,-0.0117,0.0038,0.0922,0.1449,0.2158,0.2204,0.2519,0.2549,0.2741,0.3346,0.3996,0.6491,0.9804,1.3493,1.4284,1.4413,1.4694,1.5295,1.5813,1.5946,1.6502,1.8631,1.9291,1.9375,1.9394,1.9442,2.0301,2.0506,2.071,2.12,2.1242,2.149,2.2282,2.284,2.303,2.3061,2.3093,2.348,2.3529,2.3638,2.3683,2.3713,2.3989,2.4297,2.4459,2.4503,2.458,2.463,2.4815,2.523,2.5479,2.5508,2.5715,2.6028,2.6651,2.6704,2.7004,2.7192,2.7793,2.7824,2.8928,2.9173,2.9694,2.9844,3.004,3.0105,3.0229,3.0355,3.0578,3.0742,3.0824,3.0872,3.0968,3.0999,3.1054,3.1317,3.1608,3.1732,3.1826,3.1906,3.1923,3.2054,3.2081,3.2142,3.2204,3.2266,3.2371,3.2505,3.254,3.2709,3.2909,3.3129,3.3175,3.3338,3.3431,3.352,3.3563,3.3582,3.3605,3.3688,3.3789,3.3927,3.4163,3.4303,3.4488,3.4712,3.4925,3.5029,3.5235,3.5271,3.5471,3.571,3.5734,3.623,3.6283,3.6375,3.6471,3.6523,3.6788,3.7153,3.7172,3.7444,3.7571,3.8162,3.8338,4.2562,4.3275,4.6096,4.7127,4.9786,5.2689,5.3365,5.3446,5.4267,5.4328,5.4884,5.5251,5.5381,5.548,5.5688,5.5723,5.6559,5.6762,5.7476,5.7778,5.8253,5.8678,5.8812,5.9275,5.965,5.9917,6.0267,6.0538,6.1032,6.1293,6.1743,6.219,6.2343,6.2562,6.3219,6.3311,6.3449,6.3588,6.37,6.4082,6.4256,6.4453,6.4582,6.4663,6.479,6.483,6.4966,6.5254,6.5486,6.5585,6.5762,6.5973,6.6311,6.6476,6.6537,6.6717,6.7222,6.7466,6.9314,7.0315,7.475
-1.9724,-1.9534,-1.9323,-1.9268,-1.9148,-1.7746,-1.7117,-1.5935,-1.4424,-1.3807,-1.3778,-1.2642,-1.2597,-1.246,-1.1292,-1.0967,-1.0498,-1.0386,-0.9838,-0.8547,-0.834,-0.801,-0.7289,-0.6682,-0.5807,-0.505,-0.457,-0.4302,-0.3759,-0.3561,-0.3399,-0.3153,-0.2957,-0.2776,-0.2515,-0.1772,-0.145,-0.0872,-0.0587,-0.0316,0.0516,0.0788,0.0952,0.1189,0.1565,0.1847,0.3105,0.3512,0.3764,0.3919,0.4099,0.4325,0.4479,0.6906,1.4846,1.7019,1.7117,1.9965,2.1561,2.2159,2.2306,2.279,2.3049,2.3269,2.4259,2.4787,2.5366,2.5924,2.6308,2.6643,2.6797,2.749,2.7968,2.8307,2.8325,2.8351,2.8551,2.8876,2.9128,2.9211,2.9318,2.9585,3.0088,3.0226,3.0524,3.0973,3.113,3.132,3.1531,3.1695,3.2021,3.208,3.2461,3.2523,3.2866,3.2927,3.3097,3.3467,3.362,3.3659,3.3821,3.4094,3.413,3.4252,3.4274,3.4386,3.4534,3.4554,3.4726,3.4835,3.5184,3.5214,3.5917,3.5966,3.6247,3.6685,3.74,4.0062,4.0514,4.0564,4.6145,4.6627,4.9372,5.9527,6.0513,6.0981,6.144,6.3892,6.4332,6.6001,6.6399,6.6553,6.689,6.7535,6.7691,6.8568,6.8644,6.8788,6.9932,7.0098,7.0939,7.1384,7.1877,7.2313,7.3154,7.507,7.5698,7.5737,7.6198,7.6309,7.8141
-1.9881,-1.9719,-1.9356,-1.9319,-1.9223,-1.9096,-1.8943,-1.8633,-1.8518,-1.828,-1.8264,-1.8159,-1.7762,-1.7369,-1.7193,-1.6997,-1.6838,-1.6727,-1.6606,-1.6302,-1.5401,-1.5212,-1.517,-1.4857,-1.4321,-1.406,-1.403,-1.3933,-1.3701,-1.3559,-1.3363,-1.3198,-1.3139,-1.2875,-1.2497,-1.2457,-1.2163,-1.2122,-1.203,-1.1872,-1.1737,-1.1384,-1.1121,-1.1104,-1.0671,-1.055,-0.9977,-0.9557,-0.9421,-0.9136,-0.9061,-0.9012,-0.8712,-0.8097,-0.7698,-0.7483,-0.7449,-0.6713,-0.4742,-0.4486,-0.4313,-0.4124,-0.4077,-0.3921,-0.3772,-0.3742,-0.3682,-0.3315,-0.3091,-0.2803,-0.2749,-0.2608,-0.2222,-0.2188,-0.1805,-0.1773,-0.1241,-0.1196,-0.0815,-0.0559,-0.0493,-0.0436,-0.0278,0.043,0.0455,0.0602,0.0659,0.0854,0.1207,0.1624,0.1672,0.1846,0.237,0.2392,0.245,0.2501,0.2633,0.2785,0.2806,0.2913,0.2985,0.3091,0.3125,0.3226,0.3452,0.3491,0.3579,0.3799,0.3974,0.4009,0.4477,0.5567,0.7466,0.7873,0.803,0.809,0.8188,0.8337,0.8538,0.8697,0.8724,0.8827,0.8939,0.9129,0.9443,0.9467,0.953,0.9869,1.0103,1.0636,1.0684,1.0907,1.1545,1.1568,1.1708,1.2152,1.2557,1.2832,1.3146,1.3386,1.3552,1.3777,1.4216,1.4735,1.4867,1.5024,1.5212,1.5343,1.5421,1.5536,1.6758,1.7154,1.8061,1.8588,2.0071,2.0269,2.0352,2.0433,2.0785,2.1243,2.1374,2.1398,2.1455,2.2438,2.2928,2.3709,2.3836,2.4108,2.4265,2.4621,2.4847,2.491,2.5009,2.5183,2.5251,2.5369,2.5541,2.5837,2.6388,2.6488,2.6543,2.6872,2.6993,2.7155,2.7427,2.7695,2.7716,2.823,2.8314,2.8453,2.8721,2.876,2.9293,2.9587,2.9709,2.9758,2.9805,2.988,3.0025,3.0209,3.0382,3.067,3.0716,3.0845,3.0907,3.0956,3.1279,3.1817,3.186,3.2217,3.2247,3.2575,3.2621,3.2688,3.3048,3.3118,3.3135,3.3201,3.3289,3.3314,3.3398,3.3513,3.3691,3.3743,3.3877,3.3955,3.4037,3.409,3.4307,3.4371,3.4406,3.4452,3.4521,3.4728,3.4756,3.4805,3.4903,3.5007,3.5033,3.5183,3.5232,3.5337,3.5452,3.5765,3.5911,3.6078,3.6183,3.6263,3.6331,3.7121,4.9182,5.1278,5.3044,5.448,5.7857,5.8786,6.0014,6.0327,6.044,6.0747,6.0822,6.1536,6.1612,6.2012,6.2594,6.2824,6.3361,6.3763,6.4247,6.457,6.4805,6.516,6.5712,6.5801,6.6023,6.6215,6.9143,7.1366,7.2773,7.3242,7.5332
-1.981,-1.9646,-1.9587,-1.9503,-1.9438,-1.9367,-1.9168,-1.909,-1.9046,-1.7585,-1.7458,-1.744,-1.6953,-1.6159,-1.6099,-1.5802,-1.3352,-1.3333,-1.065,-0.9785,-0.8906,-0.8694,-0.8397,-0.7848,-0.7499,-0.7479,-0.6764,-0.6602,-0.639,-0.6201,-0.5964,-0.5895,-0.5852,-0.5704,-0.5382,-0.4965,-0.4692,-0.3669,-0.3056,-0.3001,-0.2953,-0.292,-0.2706,-0.2625,-0.2305,-0.1976,-0.1931,-0.1686,-0.1655,-0.1528,-0.1087,0.0494,0.1187,0.1324,0.1645,0.1979,0.254,0.2885,0.3399,0.366,0.3708,0.388,0.4064,0.4489,0.484,0.8586,1.2758,1.2948,1.3301,1.3919,1.4331,1.5432,1.6892,1.7701,1.7794,1.8369,1.9187,1.946,1.96,1.9899,2.0013,2.0159,2.0189,2.0357,2.0676,2.0694,2.075,2.0912,2.1126,2.1278,2.1801,2.3698,2.4592,2.5575,2.7066,2.831,2.8761,2.9148,2.9213,2.9697,2.9724,2.9885,2.9946,3.0233,3.0465,3.0492,3.0603,3.0628,3.0755,3.0787,3.086,3.0901,3.0919,3.1159,3.1323,3.1364,3.1416,3.1473,3.1737,3.1757,3.1844,3.199,3.2308,3.2691,3.2731,3.284,3.295,3.2982,3.313,3.3204,3.3255,3.3568,3.3641,3.3661,3.38,3.3933,3.4046,3.4285,3.4375,3.4397,3.4573,3.4848,3.4895,3.4992,3.5125,3.5146,3.5272,3.5349,3.5383,3.5399,3.5509,3.5554,3.5583,3.5685,3.5713,3.584,3.6142,3.6283,3.6327,3.6343,3.6551,3.6865,3.697,3.7235,3.8798,4.0411,4.043,4.5434,4.5539,4.6463,4.7159,4.7798,4.8054,4.8564,4.8706,4.9147,4.9655,5.1393,5.3494,5.3689,5.43,5.5109,5.5603,5.5895,5.6048,5.621,5.6803,5.7031,5.8181,5.8366,5.921,5.9981,6.0058,6.0204,6.0574,6.083,6.089,6.1117,6.1345,6.1573,6.1848,6.2155,6.2213,6.2427,6.2512,6.2584,6.2663,6.2914,6.3312,6.3551,6.3801,6.3826,6.4347,6.4382,6.4792,6.4816,6.4886,6.5002,6.5814,6.6068,6.8645,6.8918,6.9669,7.0451,7.0896,7.1876,7.1984,7.2221,7.2715,7.3137,7.3719,7.4488,7.4905,7.5973,7.6406,7.6424,7.6516,7.6738,7.7271,7.8494
-1.9983,-1.991,-1.959,-1.9494,-1.9381,-1.8987,-1.8398,-1.8375,-1.8305,-1.794,-1.7712,-1.7641,-1.7531,-1.7057,-1.6934,-1.6912,-1.687,-1.6812,-1.6139,-1.6023,-1.6004,-1.5153,-1.5131,-1.4162,-1.282,-1.265,-1.2535,-1.2138,-1.1265,-1.0695,-1.0013,-0.9678,-0.9435,-0.9372,-0.8719,-0.8592,-0.8545,-0.8041,-0.7998,-0.7934,-0.7897,-0.7703,-0.7572,-0.7377,-0.7209,-0.6732,-0.6484,-0.6451,-0.6408,-0.6063,-0.5923,-0.5769,-0.5465,-0.5447,-0.5409,-0.4875,-0.4324,-0.4141,-0.4105,-0.3588,-0.3453,-0.3016,0.0895,0.0984,0.1,0.1765,0.1812,0.2025,0.2802,0.314,0.3876,0.4693,0.6226,0.6276,0.8988,1.2104,1.6777,1.6866,2.0776,2.1239,2.1265,2.1938,2.221,2.2334,2.2955,2.3145,2.3248,2.4084,2.559,2.562,2.5786,2.6045,2.624,2.6282,2.6535,2.6953,2.7344,2.7754,2.7975,2.9822,3.0316,3.0423,3.0847,3.1354,3.1812,3.2112,3.2156,3.2545,3.2686,3.3128,3.3319,3.3391,3.3462,3.352,3.3557,3.3614,3.3719,3.3853,3.3996,3.4354,3.4405,3.4506,3.4551,3.4674,3.4693,3.4732,3.4766,3.4914,3.5137,3.5155,3.5288,3.5667,3.5933,3.6012,3.6096,3.6144,3.6294,3.6417,3.6597,3.6637,3.6995,3.719,3.7211,3.7238,3.7285,3.747,3.7986,3.8272,3.8657,4.1174,4.8487,5.2003,5.2355,5.3176,5.553,5.5754,5.7078,5.7116,5.7376,5.9062,5.9667,6.0038,6.0105,6.0587,6.0746,6.0835,6.0876,6.0965,6.1225,6.1439,6.1542,6.1735,6.1959,6.2023,6.2108,6.2423,6.2478,6.2571,6.2654,6.276,6.286,6.2957,6.3072,6.3127,6.3192,6.3296,6.3367,6.3391,6.355,6.3792,6.3854,6.3954,6.4299,6.4411,6.4428,6.4622,6.476,6.4876,6.5023,6.5844,6.5866,6.9317,7.0603,7.255,7.3297,7.3763,7.4272,7.7913,7.8951
-1.9772,-1.9447,-1.9098,-1.9044,-1.8428,-1.7765,-1.528,-1.5104,-1.5065,-1.4762,-1.4245,-1.4198,-1.3823,-1.3549,-1.2996,-1.1735,-1.1654,-1.0772,-1.0581,-1.0518,-0.8154,-0.7872,-0.7754,-0.7274,-0.6535,-0.5997,-0.5549,-0.5186,-0.4601,-0.4571,-0.4116,-0.3836,-0.3765,-0.306,-0.2897,-0.2793,-0.2204,-0.1284,-0.104,-0.0684,-0.065,-0.0357,0.1557,0.2493,0.2558,0.2847,0.3164,0.3444,0.3524,0.398,0.4484,0.4873,0.5271,0.5467,0.5575,0.5644,0.5986,0.6232,0.6618,0.7285,0.7303,0.7485,0.7529,0.8053,0.9327,0.9386,1.0343,1.0464,1.0718,1.0736,1.0888,1.1275,1.1786,1.1933,1.2263,1.2382,1.2436,1.2566,1.2755,1.2849,1.3309,1.3363,1.3497,1.3688,1.4134,1.4639,1.478,1.4953,1.5636,1.5672,1.6894,1.7554,1.85,1.8692,1.9684,2.0118,2.0468,2.0745,2.1962,2.2401,2.2539,2.3046,2.3468,2.3919,2.5226,2.5378,2.5863,2.5894,2.6677,2.7586,2.8896,3.0177,3.1073,3.1102,3.1248,3.1621,3.1688,3.2309,3.2586,3.3,3.317,3.3236,3.4472,3.461,3.5019,3.5135,3.6066,3.6192,3.6311,3.6896,3.7044,3.7089,3.7113,3.7399,3.747,3.7671,3.7815,3.8079,3.8228,3.8288,3.8333,3.8473,3.8703,3.8817,3.8846,3.9002,3.9172,3.9573,3.9746,3.9835,3.9935,4.0213,4.0427,4.0645,4.087,4.0893,4.092,4.0962,4.1232,4.159,4.4701,4.4755,4.5123,4.5319,4.552,4.558,4.7995,4.867,4.9268,5.1719,5.215,5.2692,5.3123,5.4172,5.5972,5.6504,5.6547,5.7307,5.7325,5.7433,5.8131,5.8601,5.9046,5.9242,5.9828,6.0262,6.0904,6.1273,6.1377,6.1656,6.334,6.3692,6.3748,6.4321,6.4362,6.48,6.6194,6.6263,6.6415,6.882,7.0985,7.1718,7.2945,7.3092,7.3927,7.738
-1.9722,-1.9202,-1.9153,-1.907,-1.9033,-1.8789,-1.8577,-1.7536,-1.7473,-1.6928,-1.6374,-1.5362,-1.4504,-1.3611,-1.3549,-1.2926,-1.2719,-1.2688,-1.2627,-1.2392,-1.2358,-1.2314,-1.1967,-1.1723,-1.1599,-1.1521,-1.1137,-1.0926,-1.0349,-1.0073,-0.9832,-0.9065,-0.8765,-0.829,-0.8128,-0.8047,-0.7977,-0.78,-0.7359,-0.5789,-0.5763,-0.5664,-0.4899,-0.4704,-0.4622,-0.4156,-0.3765,-0.3647,-0.3487,-0.3413,-0.3267,-0.2837,-0.2658,-0.1813,-0.1758,-0.1441,-0.1414,-0.1304,-0.1261,-0.1123,-0.0735,-0.0514,-0.0228,-0.0143,0.1539,0.1601,0.1694,0.2163,0.2236,0.2644,0.2788,0.2965,0.3269,0.3754,0.3962,0.4085,0.4163,0.4219,0.4361,0.4387,0.4615,0.4978,0.6135,0.8482,0.8599,1.5875,1.716,1.7431,1.8251,1.8461,1.8522,1.8545,1.8638,1.8706,1.8982,1.9196,1.93,1.9365,1.9439,1.9534,1.9843,1.9885,2.0122,2.0192,2.0318,2.042,2.0534,2.0916,2.1137,2.1445,2.1688,2.1731,2.2092,2.2391,2.3004,2.3129,2.3403,2.3442,2.3537,2.3666,2.3686,2.4008,2.4062,2.4121,2.4753,2.5012,2.5229,2.527,2.5353,2.5744,2.5912,2.6391,2.648,2.6555,2.6587,2.7272,2.7315,2.7578,2.7682,2.784,2.8057,2.8115,2.8258,2.8276,2.8696,2.8999,2.9031,2.9103,2.9124,2.9229,2.9342,2.9376,2.9606,2.976,2.9792,2.9854,2.9929,3.007,3.0215,3.028,3.0836,3.0862,3.0969,3.1145,3.1195,3.1356,3.1405,3.1467,3.1596,3.1636,3.1705,3.1984,3.2009,3.2135,3.217,3.2444,3.2641,3.2906,3.3017,3.3065,3.341,3.3564,3.3906,3.4043,3.4115,3.4308,3.4369,3.4399,3.4599,3.4693,3.4799,3.5164,3.5397,3.5436,3.6114,3.6825,3.8002,3.8155,3.8711,4.1191,4.4128,4.6989,4.7164,5.0232,5.3169,5.3191,5.4146,5.4505,5.5326,5.5587,5.5663,5.583,5.5987,5.6626,5.6699,5.7048,5.7537,5.7865,5.7918,5.8224,5.8854,5.9519,6.0018,6.0847,6.094,6.1159,6.1199,6.1573,6.206,6.2737,6.3057,6.3095,6.3318,6.3359,6.3398,6.3698,6.4103,6.4217,6.4628,6.4724,6.4773,6.4906,6.5089,6.5156,6.5761,6.6262,6.7208,6.9027,7.1036,7.2146,7.3736,7.6179
-1.9844,-1.9663,-1.9609,-1.8972,-1.8454,-1.8351,-1.821,-1.813,-1.7806,-1.7597,-1.7566,-1.7479,-1.7229,-1.7056,-1.6597,-1.6348,-1.5617,-1.5139,-1.4614,-1.4491,-1.2832,-1.1849,-1.1576,-1.1069,-0.9755,-0.8464,-0.8394,-0.7807,-0.734,-0.712,-0.6327,-0.6205,-0.5885,-0.5322,-0.5198,-0.4566,-0.4435,-0.2201,-0.2132,-0.1436,-0.0898,-0.0787,-0.0679,-0.0626,-0.0582,-0.0537,-0.0476,-0.0168,-0.0062,-0.0042,0.0187,0.0428,0.0522,0.0587,0.0898,0.0975,0.1302,0.1343,0.1454,0.1563,0.1669,0.1779,0.1914,0.2004,0.2415,0.2497,0.2574,0.2592,0.2936,0.2998,0.3235,0.3357,0.3471,0.3536,0.3564,0.3595,0.3714,0.3984,0.4245,0.4355,0.4421,0.4532,0.462,0.4646,0.4745,0.477,0.4879,0.5188,0.521,0.5429,0.5719,0.5758,0.5831,0.5911,0.6073,0.6437,0.6523,0.6603,0.6671,0.6722,0.7151,0.7417,0.7516,0.8769,0.9231,0.9414,0.9607,1.1265,1.1551,1.1615,1.3054,1.7152,1.7745,1.9126,1.95,2.0035,2.2399,2.3737,2.3814,2.6099,2.6638,2.74,2.7718,2.9551,3.011,3.2133,3.3718,3.389,3.4383,3.4866,3.4928,3.5405,3.582,3.605,3.6794,3.6967,3.7139,3.7315,3.7632,3.7837,3.7863,3.8013,3.8119,3.8278,3.8557,3.8886,3.8954,3.933,3.9847,3.9971,4.0226,4.039,4.0659,4.1022,4.1316,4.1606,4.1997,4.2487,4.2613,4.4667,4.4926,4.5103,4.5307,4.5873,4.5904,4.7187,4.7318,4.7664,4.769,5.0138,5.0667,5.1632,5.3432,5.3708,5.3811,5.4755,5.6675,5.6941,5.7183,5.7297,5.8175,5.8304,5.8732,5.8942,5.942,5.9605,5.9889,6.0325,6.0528,6.0945,6.1034,6.244,6.2633,6.3114,6.3535,6.4323,6.5154,6.5459,6.5859,6.5993,6.6375,6.647,7.1161,7.3551,7.5781
-1.9009,-1.8213,-1.7973,-1.7858,-1.7461,-1.6755,-1.6696,-1.6353,-1.6237,-1.6217,-1.592,-1.5845,-1.55,-1.5203,-1.4878,-1.4809,-1.4775,-1.459,-1.4503,-1.4465,-1.4366,-1.4154,-1.4099,-1.405,-1.3826,-1.3772,-1.331,-1.3288,-1.2794,-1.2758,-1.2708,-1.2589,-1.2147,-1.1854,-1.1697,-1.1669,-1.1519,-1.1498,-1.1268,-1.1228,-1.0975,-1.0887,-1.0865,-1.0772,-1.0732,-1.0713,-1.0346,-1.0017,-0.9991,-0.9897,-0.9786,-0.9588,-0.942,-0.929,-0.9258,-0.9107,-0.8929,-0.8597,-0.8542,-0.8403,-0.8225,-0.7979,-0.7623,-0.7349,-0.7228,-0.6998,-0.6762,-0.6134,-0.6076,-0.5856,-0.5424,-0.4341,-0.4172,-0.348,-0.3359,-0.3276,-0.3036,-0.2833,-0.2524,-0.2293,-0.2274,-0.2111,-0.1973,-0.0719,0.0073,0.2383,0.2912,0.3056,0.3287,0.3654,0.4,0.4017,0.4295,0.4447,0.4759,0.5192,0.536,0.5746,0.5836,0.6139,0.6643,0.736,0.7791,1.0833,1.1264,1.5245,1.5445,1.599,1.7051,1.7959,1.8318,1.8484,1.902,1.9235,1.9901,2.0332,2.1228,2.1254,2.1462,2.1867,2.2014,2.2193,2.2216,2.3226,2.421,2.455,2.4742,2.6064,2.6486,2.6692,2.7171,2.8104,2.8278,2.8922,2.9428,2.9462,2.9594,2.9771,2.98,3.0327,3.0556,3.0848,3.0885,3.0984,3.1112,3.12,3.1246,3.1325,3.1453,3.1879,3.2516,3.2548,3.2685,3.2784,3.2807,3.3025,3.3199,3.3238,3.3343,3.3443,3.3574,3.372,3.3769,3.3815,3.4002,3.4138,3.4155,3.422,3.4439,3.452,3.4658,3.4747,3.4776,3.488,3.5018,3.5065,3.5186,3.526,3.5386,3.5477,3.5609,3.5638,3.5783,3.5996,3.6014,3.6099,3.6124,3.6229,3.6274,3.6294,3.6427,3.6459,3.66,3.6881,3.7107,3.7235,3.7319,3.7443,3.7476,3.7562,3.758,3.7597,3.7618,3.7669,3.8012,3.8919,3.9536,4.0278,4.09,4.1234,4.2538,4.2934,4.4566,4.5484,4.5585,4.5958,4.6268,4.6926,4.7973,4.8875,4.9199,4.9228,4.9492,5.0201,5.051,5.2294,5.3105,5.3926,5.4297,5.5077,5.6482,5.6953,5.7484,5.8387,5.9742,6.0029,6.0821,6.1143,6.1242,6.1796,6.2099,6.2213,6.2738,6.3089,6.3274,6.3318,6.3723,6.3938,6.4084,6.4566,6.4767,6.4803,6.4867,6.594,6.6135,6.6738,6.824,6.8257,7.0277,7.044,7.0469,7.1363,7.1879,7.1969,7.2651,7.3195,7.6081,7.6575
-1.9988,-1.9858,-1.9701,-1.9527,-1.8732,-1.8671,-1.8524,-1.6849,-1.6674,-1.6595,-1.6471,-1.5749,-1.5648,-1.5552,-1.5389,-1.5064,-1.4979,-1.4941,-1.4861,-1.4647,-1.4309,-1.4183,-1.4127,-1.4039,-1.3716,-1.3597,-1.331,-1.3291,-1.3272,-1.2745,-1.2489,-1.2178,-1.1996,-1.1452,-1.0848,-1.0554,-0.9768,-0.9505,-0.9424,-0.915,-0.7871,-0.6868,-0.674,-0.6122,-0.5955,-0.5907,-0.4871,-0.4413,-0.4211,-0.415,-0.3921,-0.3589,-0.3494,-0.323,-0.3061,-0.3045,-0.2999,-0.274,-0.2576,-0.2461,-0.2297,-0.2008,-0.1822,-0.1548,-0.138,-0.1181,-0.1125,-0.0841,-0.0714,-0.0139,0.0507,0.0717,0.0802,0.1053,0.1939,0.2148,0.2276,0.2637,0.3251,0.3438,0.612,0.9541,1.5057,1.7031,1.7107,1.7126,1.7419,1.7943,1.8234,1.9053,1.9439,1.9673,2.0477,2.0785,2.0973,2.1593,2.1809,2.2149,2.2268,2.2555,2.2743,2.2947,2.3107,2.4862,2.5201,2.5906,2.6843,2.7233,2.7833,2.7858,2.7949,2.798,2.816,2.8373,2.8395,2.855,2.8648,2.8921,2.9181,2.9498,2.9551,2.9733,2.9902,3.0037,3.0278,3.0508,3.074,3.0853,3.1121,3.1407,3.1428,3.1571,3.1592,3.1724,3.1767,3.2454,3.2522,3.2608,3.2824,3.2923,3.3128,3.3164,3.3237,3.3445,3.3582,3.3662,3.3762,3.3845,3.4008,3.4131,3.4343,3.4378,3.4613,3.4802,3.4886,3.4981,3.5023,3.5119,3.5163,3.5335,3.5483,3.5639,3.566,3.5694,3.5863,3.5879,3.5923,3.6217,3.6533,3.6688,3.6835,3.6978,3.7052,3.7202,3.7374,3.77,3.7726,3.7912,3.8199,3.8248,3.8382,3.8596,4.2554,4.4167,4.4591,4.5175,5.3316,5.3818,5.5058,5.5306,5.6745,5.6818,5.7547,5.8141,5.9032,5.963,5.9848,6.0091,6.0548,6.0711,6.2498,6.265,6.3248,6.5807,6.6114,6.6544,6.6614,6.7108,6.7215,6.7331,6.8858,6.8879,6.8903,6.9205,7.0024,7.161,7.1918,7.2159,7.2305,7.2406,7.2842,7.3319,7.3441,7.3704,7.4205,7.4333,7.5375,7.5572,7.5653
-1.9998,-1.9844,-1.9396,-1.929,-1.9255,-1.8691,-1.845,-1.7966,-1.7897,-1.7785,-1.7753,-1.7526,-1.7484,-1.7459,-1.737,-1.7309,-1.72,-1.7107,-1.709,-1.688,-1.6667,-1.647,-1.6298,-1.5911,-1.577,-1.5612,-1.5553,-1.5419,-1.5283,-1.5031,-1.4805,-1.4499,-1.391,-1.3888,-1.3824,-1.3751,-1.3611,-1.3553,-1.3259,-1.3106,-1.2776,-1.2622,-1.2568,-1.244,-1.2146,-1.2104,-1.2074,-1.2009,-1.1755,-1.1352,-1.1164,-1.1133,-1.1053,-1.0976,-1.0903,-1.0114,-0.9645,-0.8714,-0.8693,-0.8515,-0.8405,-0.7655,-0.7216,-0.7042,-0.7017,-0.6585,-0.6564,-0.6187,-0.6135,-0.5687,-0.5497,-0.5455,-0.5353,-0.5029,-0.4811,-0.4695,-0.4318,-0.4256,-0.3966,-0.3903,-0.3716,-0.3428,-0.3321,-0.3062,-0.281,-0.2764,-0.2668,-0.2594,-0.1975,-0.1695,-0.1658,-0.1233,-0.1028,-0.0779,-0.0462,-0.0156,0.0526,0.0879,0.1159,0.2734,0.285,0.3059,0.317,0.326,0.3369,0.3624,0.451,0.4696,0.5093,0.5311,0.5582,1.454,1.6207,1.6422,1.6861,2.0109,2.0388,2.042,2.0704,2.0839,2.1719,2.191,2.2188,2.2473,2.2493,2.2893,2.3213,2.3496,2.3681,2.4138,2.4414,2.4684,2.5,2.5262,2.5686,2.6011,2.7238,2.739,2.7853,2.8165,2.8386,2.8704,2.8792,2.9259,2.9443,2.9634,2.9714,2.9916,3.0069,3.0205,3.0695,3.1013,3.1116,3.1471,3.1512,3.1614,3.1693,3.1736,3.2023,3.2044,3.2218,3.2285,3.2376,3.2521,3.261,3.2635,3.2783,3.2848,3.2926,3.2963,3.3018,3.3174,3.3201,3.3371,3.3411,3.3494,3.3819,3.3863,3.395,3.3976,3.4153,3.4375,3.4594,3.4678,3.4716,3.48,3.4848,3.4959,3.4998,3.5358,3.5545,3.5629,3.5651,3.5753,3.5794,3.5915,3.5951,3.5979,3.6344,3.6523,3.6628,3.682,3.6872,3.699,3.7322,3.7431,3.7465,3.7647,3.9822,4.0618,4.2608,4.38,4.5738,4.5783,4.6372,4.6598,4.6877,4.6921,4.727,4.7598,4.8255,4.8635,5.0615,5.0755,5.1154,5.1353,5.1606,5.2487,5.3035,5.3394,5.3463,5.4183,5.4282,5.4591,5.5141,5.5384,5.6624,5.7054,5.7567,5.7978,5.8081,5.8496,5.9097,5.9423,5.9843,5.9918,6.0017,6.0181,6.0461,6.0931,6.133,6.1372,6.2338,6.2398,6.2665,6.2747,6.3313,6.4712,6.5538,6.5882,6.5975,6.6974,6.735,6.7778,7.1879,7.2789,7.3683,7.4391
-1.9798,-1.9579,-1.9466,-1.9003,-1.8504,-1.8477,-1.8355,-1.7918,-1.7362,-1.6641,-1.594,-1.5691,-1.5667,-1.5289,-1.5196,-1.4965,-1.4778,-1.4644,-1.4494,-1.4441,-1.3931,-1.3866,-1.3796,-1.3218,-1.2753,-1.2686,-1.2121,-1.1806,-1.1781,-1.172,-0.983,-0.9361,-0.8965,-0.8372,-0.8284,-0.7795,-0.7644,-0.7309,-0.7202,-0.6932,-0.6801,-0.6502,-0.6109,-0.6018,-0.5766,-0.5718,-0.5519,-0.4991,-0.4962,-0.4481,-0.3633,-0.3351,-0.3213,-0.2985,-0.2592,-0.2487,-0.2454,-0.2374,-0.2225,-0.2079,-0.1895,-0.1824,-0.1777,-0.1492,-0.1046,-0.0919,-0.0887,-0.0801,-0.0575,-0.055,-0.0493,-0.0203,0.0229,0.1957,0.2077,0.2471,0.2775,0.3011,0.3344,0.3939,0.3998,0.4943,1.6446,1.6535,1.6598,1.6678,1.6721,1.7062,1.8314,1.8751,1.9122,1.9442,2.0412,2.0518,2.121,2.1451,2.1652,2.3153,2.4955,2.6134,2.6979,2.7042,2.7222,2.7497,2.7551,2.7862,2.7926,2.8043,2.8399,2.8438,2.8767,2.896,2.9329,2.9376,2.94,2.9481,2.9523,2.9779,2.9899,3.0013,3.0154,3.0397,3.0443,3.0699,3.0775,3.1143,3.1197,3.1235,3.1454,3.1516,3.1743,3.1972,3.1998,3.2089,3.223,3.2544,3.2744,3.2895,3.3268,3.3356,3.3493,3.3524,3.3677,3.3987,3.4236,3.4359,3.438,3.4551,3.488,3.5033,3.5133,3.518,3.5215,3.538,3.5443,3.5575,3.5605,3.5624,3.5742,3.5759,3.5866,3.5917,3.5934,3.6079,3.6199,3.6222,3.6372,3.6858,3.692,3.7942,3.8022,3.8772,3.8962,4.035,4.7944,4.8766,5.089,5.1194,5.2594,5.5414,5.5616,5.5647,5.6314,5.6376,5.6825,5.7136,5.7553,5.7599,5.7717,5.793,5.8101,5.8174,5.8524,5.8912,5.9301,5.959,6.0018,6.0842,6.1353,6.1428,6.1701,6.1743,6.1965,6.2356,6.2485,6.2871,6.321,6.3528,6.3805,6.3954,6.4213,6.4631,6.4701,6.4788,6.4979,6.5312,6.5435,6.5542,6.5883,6.5983,6.7243,6.8304,6.8894,7.0745,7.1856,7.2519,7.3146,7.3354,7.3406,7.3442,7.4316,7.4846,7.4915,7.5639,7.7351,7.7532
-1.9639,-1.9603,-1.9466,-1.9063,-1.9046,-1.8574,-1.8515,-1.7535,-1.7333,-1.7081,-1.7001,-1.684,-1.6802,-1.6641,-1.5771,-1.5184,-1.4826,-1.4644,-1.218,-1.19,-1.0532,-1.0458,-0.9563,-0.941,-0.9248,-0.6699,-0.6458,-0.6307,-0.6146,-0.5919,-0.5697,-0.5656,-0.5623,-0.5177,-0.4891,-0.4829,-0.4656,-0.4576,-0.3246,-0.2587,-0.2436,-0.2185,-0.2161,-0.2003,-0.1892,-0.0708,-0.0414,-0.0243,0.019,0.1649,0.2082,0.3998,0.4193,1.8598,2.0751,2.0974,2.1377,2.1606,2.1686,2.2325,2.2478,2.2496,2.285,2.3413,2.3489,2.3507,2.3635,2.4013,2.4192,2.4378,2.4866,2.5063,2.5154,2.5277,2.547,2.5697,2.5729,2.607,2.6092,2.6254,2.6283,2.6547,2.6781,2.6812,2.6945,2.7024,2.7264,2.7618,2.7815,2.7931,2.7978,2.8086,2.815,2.8233,2.8255,2.834,2.8497,2.862,2.8744,2.8846,2.8916,2.8938,2.8962,2.904,2.9114,2.9159,2.9187,2.9269,2.9313,2.9407,2.9716,2.9841,2.9912,3.0005,3.0029,3.0092,3.0228,3.0334,3.0485,3.0504,3.0708,3.0844,3.1019,3.1045,3.1125,3.1219,3.1298,3.1341,3.1545,3.1652,3.1717,3.1895,3.2289,3.2394,3.2476,3.2501,3.2584,3.261,3.2745,3.2765,3.2794,3.2817,3.2919,3.3152,3.3246,3.335,3.3637,3.3683,3.3753,3.3838,3.4087,3.4233,3.4261,3.4432,3.4538,3.4561,3.4607,3.4725,3.4757,3.4776,3.4831,3.4899,3.4937,3.5231,3.5302,3.5367,3.549,3.5587,3.5619,3.5812,3.5968,3.6084,3.6614,3.6984,3.7071,3.709,4.2494,4.3023,4.4014,4.6236,4.6392,4.7058,4.7297,4.748,4.8154,4.8875,5.0423,5.1672,5.2567,5.288,5.315,5.39,5.3938,5.7373,5.79,5.807,5.8221,5.8461,5.9196,5.953,5.9691,5.972,5.9839,5.9966,6.0551,6.0834,6.0893,6.1048,6.1124,6.1552,6.1813,6.2623,6.3519,6.3696,6.3852,6.3882,6.4039,6.4089,6.4449,6.4656,6.4839,6.4957,6.5739,6.5838,6.6768,6.7073,6.7297,6.8211,6.8754,6.8872,6.9292,6.981,7.0823,7.1086,7.1801,7.2951,7.3198,7.3825,7.6237,7.828
-1.9767,-1.9566,-1.9454,-1.8706,-1.8644,-1.862,-1.8367,-1.8288,-1.8254,-1.8087,-1.7907,-1.7677,-1.7542,-1.7323,-1.7131,-1.6903,-1.6789,-1.6443,-1.6355,-1.6176,-1.6147,-1.6083,-1.5911,-1.5797,-1.571,-1.5599,-1.5356,-1.5169,-1.5117,-1.4952,-1.4929,-1.4891,-1.4593,-1.4392,-1.426,-1.4198,-1.4095,-1.3957,-1.329,-1.2974,-1.2811,-1.2586,-1.2502,-1.2338,-1.1731,-1.1685,-1.15,-1.1326,-1.1259,-0.947,-0.9173,-0.8431,-0.8139,-0.7889,-0.7846,-0.7728,-0.7641,-0.7397,-0.7327,-0.7223,-0.7146,-0.6889,-0.6521,-0.6287,-0.5803,-0.5704,-0.5456,-0.5222,-0.5162,-0.5105,-0.5088,-0.4689,-0.4624,-0.4527,-0.4492,-0.4114,-0.3771,-0.3702,-0.3648,-0.3485,-0.3323,-0.3261,-0.3057,-0.3009,-0.2987,-0.2849,-0.2821,-0.2566,-0.2465,-0.2295,-0.2193,-0.066,-0.0553,-0.0525,-0.0023,0.0518,0.0578,0.0793,0.0973,0.1511,0.165,0.1983,0.2056,0.2165,0.2209,0.2686,0.3258,0.3432,0.3543,0.367,0.3702,0.3958,0.4079,0.4285,0.4311,0.4376,0.4595,0.4632,0.4694,0.4719,0.4814,0.4956,0.5084,0.5177,0.5249,0.5326,0.5641,0.6348,0.6535,0.6716,1.883,2.191,2.2044,2.2997,2.3799,2.4262,2.4963,2.5247,2.5746,2.6521,2.7094,2.7207,2.7478,2.817,2.8982,2.9495,2.9517,3.0103,3.0131,3.0547,3.0881,3.1152,3.1449,3.1631,3.1648,3.1781,3.1953,3.2038,3.2288,3.2347,3.2464,3.286,3.3032,3.307,3.3148,3.3185,3.324,3.352,3.3549,3.3898,3.3938,3.4039,3.4233,3.4318,3.4412,3.4571,3.474,3.4832,3.487,3.5003,3.5042,3.5144,3.5174,3.5296,3.5404,3.5529,3.5552,3.5597,3.5926,3.6044,3.6072,3.6288,3.6307,3.6414,3.6822,3.7106,3.7151,3.7485,3.9187,3.939,4.0122,4.4539,4.5537,4.6856,4.7598,5.0258,5.0397,5.075,5.3823,5.4379,5.55,5.8344,6.0011,6.0092,6.0357,6.0536,6.1239,6.1915,6.2099,6.2212,6.2689,6.2964,6.3129,6.3427,6.3818,6.3984,6.4159,6.4405,6.4543,6.4598,6.4877,6.5121,6.5173,6.5699,6.7396,7.4766,7.6712,7.6899
-1.956,-1.9397,-1.9352,-1.9028,-1.8947,-1.8628,-1.8126,-1.7997,-1.7978,-1.7574,-1.7502,-1.733,-1.7194,-1.7163,-1.7115,-1.6508,-1.647,-1.6371,-1.6161,-1.6061,-1.599,-1.5884,-1.5865,-1.5711,-1.5168,-1.506,-1.4978,-1.4806,-1.4713,-1.3837,-1.3813,-1.3635,-1.3427,-1.3334,-1.3282,-1.2882,-1.2813,-1.2032,-1.1884,-1.1607,-1.1508,-1.1486,-1.1152,-1.0017,-0.9614,-0.9393,-0.865,-0.8587,-0.7742,-0.6817,-0.6673,-0.6374,-0.5675,-0.5636,-0.5465,-0.5404,-0.4783,-0.4447,-0.4174,-0.4105,-0.3999,-0.3768,-0.3671,-0.3072,-0.3033,-0.2938,-0.1842,-0.1749,-0.1405,-0.1249,-0.0968,-0.0509,0.0149,0.0179,0.0416,0.0959,0.1003,0.1485,0.1633,0.1885,0.2186,0.2564,0.304,0.3296,0.3754,0.3796,0.4104,0.5161,1.3125,1.5348,2.1453,2.2225,2.2508,2.3215,2.3293,2.3486,2.3572,2.3621,2.3959,2.4141,2.4484,2.4554,2.4687,2.4871,2.5016,2.5127,2.5237,2.5318,2.5477,2.5599,2.5623,2.6342,2.7155,2.755,2.7569,2.7627,2.7647,2.8016,2.8112,2.8143,2.8305,2.837,2.8694,2.8792,2.9045,2.9228,2.9474,2.9496,2.9621,3.0018,3.0268,3.0452,3.0475,3.0663,3.0803,3.0867,3.1122,3.1231,3.1359,3.138,3.219,3.2207,3.2499,3.2526,3.2692,3.2922,3.3041,3.3167,3.3286,3.3437,3.3559,3.3619,3.3662,3.3863,3.3988,3.4229,3.4507,3.4562,3.4661,3.4706,3.4889,3.4929,3.5027,3.5139,3.5274,3.5309,3.5533,3.5862,3.5934,3.6052,3.6091,3.6114,3.6319,3.6634,3.6771,3.6875,3.6908,3.7704,3.8408,3.8562,3.8756,4.0257,4.0893,4.2043,4.4782,4.5146,4.5527,4.5998,4.6044,4.6983,4.7241,4.8086,4.929,5.0153,5.0943,5.2419,5.3642,5.3659,5.5917,5.6363,5.6805,5.7284,5.7417,5.8206,5.8608,5.8833,5.9008,5.9204,5.9579,6.0395,6.0654,6.0692,6.0825,6.0957,6.1526,6.165,6.2093,6.2168,6.2892,6.2973,6.3066,6.3589,6.3675,6.3766,6.3884,6.4483,6.4557,6.4644,6.5026,6.5252,6.6048,6.8575,7.1163,7.3964,7.5286

-1.9923,-1.9733,-1.9303,-1.9247,-1.7715,-1.645,-1.5558,-1.4223,-1.3402,-1.2821,-1.2275,-1.2198,-1.2009,-1.1635,-1.1341,-1.131,-1.0736,-1.032,-1.0116,-0.9628,-0.9046,-0.8914,-0.7969,-0.7471,-0.7154,-0.6412,-0.6151,-0.5955,-0.5426,-0.5348,-0.5138,-0.5013,-0.4927,-0.491,-0.4676,-0.4492,-0.4444,-0.4306,-0.4238,-0.4097,-0.3692,-0.3672,-0.3211,-0.316,-0.3079,-0.2889,-0.2804,-0.2469,-0.2334,-0.2194,-0.2133,-0.2093,-0.1993,-0.1966,-0.1853,-0.1538,-0.1416,-0.1358,-0.1298,-0.1214,-0.0894,-0.0656,-0.0059,0.0432,0.0681,0.2249,0.3226,0.3388,0.3536,0.3676,0.3729,0.3842,0.4076,0.4139,0.4293,0.4397,0.4415,0.4545,0.4721,0.479,0.4851,0.5081,2.0845,2.4591,2.51,2.5354,2.5605,2.6121,2.6181,2.6372,2.6476,2.654,2.6587,2.6954,2.7098,2.7194,2.7406,2.7468,2.7775,2.7862,2.7878,2.8338,2.8698,2.8811,2.9307,2.9437,2.9544,3.0013,3.0067,3.037,3.0466,3.0642,3.0743,3.0946,3.1245,3.1583,3.1797,3.1854,3.2137,3.2186,3.259,3.2692,3.2895,3.2917,3.2949,3.3005,3.3262,3.3446,3.354,3.3562,3.3604,3.3705,3.4076,3.4184,3.4338,3.4529,3.4701,3.6761,3.8033,3.8872,3.9035,3.9305,3.9544,4.0495,4.4596,4.7376,4.9102,4.9534,4.9765,5.2059,5.2582,5.2614,5.3062,5.4161,5.4253,5.5489,5.7551,5.769,5.7738,5.7961,5.9183,6.0453,6.1076,6.5114,6.5362,6.6086,6.8749,7.4837
-1.9875,-1.9782,-1.9326,-1.8628,-1.8448,-1.8296,-1.7974,-1.7528,-1.6642,-1.648,-1.6359,-1.632,-1.5836,-1.5529,-1.486,-1.4304,-1.4177,-1.4114,-1.404,-1.3458,-1.3297,-1.2441,-1.2344,-1.2268,-1.2216,-1.1777,-1.1685,-1.1511,-1.1373,-1.1164,-1.1127,-1.1102,-1.0855,-1.0791,-1.0665,-1.0614,-1.0577,-0.9948,-0.9833,-0.9522,-0.9401,-0.9243,-0.9059,-0.8893,-0.8806,-0.873,-0.8615,-0.8478,-0.8413,-0.8222,-0.6871,-0.388,-0.3366,-0.177,-0.0157,0.0439,0.16,0.1694,0.1922,0.1945,0.2294,0.3151,0.3385,0.3509,0.3643,0.3816,0.3852,0.3936,0.4008,0.4175,0.4324,0.4391,0.4416,0.4659,0.4685,0.485,0.7361,1.5425,1.6717,1.825,1.835,1.9674,2.0627,2.0862,2.1061,2.1479,2.1895,2.1916,2.2249,2.267,2.4496,2.4589,2.489,2.5013,2.5117,2.5601,2.5704,2.6278,2.6584,2.6699,2.6812,2.6911,2.6994,2.719,2.7328,2.7421,2.7589,2.7627,2.7675,2.7813,2.798,2.8126,2.8242,2.8698,2.9128,2.9299,2.9402,2.9426,2.9449,2.9874,2.9967,3.0278,3.0317,3.0333,3.0489,3.0543,3.064,3.0667,3.0862,3.103,3.1079,3.1184,3.1286,3.1326,3.196,3.2123,3.2238,3.2308,3.2359,3.2732,3.2765,3.284,3.3071,3.3119,3.3248,3.3449,3.3488,3.3583,3.3634,3.3731,3.3884,3.407,3.4096,3.4113,3.4261,3.4365,3.4399,3.4673,3.4788,3.4841,3.493,3.518,3.5485,3.5692,3.605,3.7917,4.612,4.7075,4.9424,4.9532,5.3322,5.4981,5.5037,5.5078,5.6348,5.8204,5.8406,5.9532,5.9722,6.0485,6.1785,6.2353,6.3345,6.3602,6.3898,6.4058,6.4651,6.4672,6.4931,6.6524,6.9482,7.0526,7.5365,7.5912,7.6995,7.7719,7.7923
-1.9439,-1.9257,-1.9138,-1.9112,-1.9048,-1.8659,-1.8499,-1.7834,-1.7768,-1.6691,-1.6342,-1.5785,-1.5296,-1.5012,-1.4605,-1.4101,-1.4024,-1.3858,-1.3817,-1.3324,-1.3308,-1.3247,-1.3037,-1.2642,-1.262,-1.1969,-1.1664,-1.1603,-1.1523,-1.1381,-1.1252,-1.0904,-1.0828,-1.0599,-1.0328,-1.0298,-1.0266,-0.9662,-0.9641,-0.9419,-0.9378,-0.8693,-0.865,-0.8443,-0.8398,-0.7484,-0.6318,-0.6152,-0.5818,-0.5497,-0.5341,-0.5289,-0.4879,-0.4654,-0.4471,-0.4297,-0.4098,-0.403,-0.3792,-0.3329,-0.2623,-0.2497,-0.1572,-0.0237,0.002,0.114,0.1238,0.2622,0.383,0.3994,0.4442,0.6265,0.7145,0.732,0.9301,1.0668,1.2836,1.345,1.8083,1.9292,1.9532,2.0655,2.0691,2.1385,2.2265,2.2298,2.24,2.302,2.3318,2.3754,2.3998,2.4431,2.4498,2.4633,2.4688,2.4883,2.4975,2.5312,2.5391,2.5621,2.5807,2.6346,2.6412,2.6479,2.663,2.6703,2.6985,2.7536,2.7701,2.7731,2.834,2.8583,2.8768,2.8812,2.9085,2.9966,3.0229,3.0625,3.1032,3.1074,3.1305,3.1417,3.1475,3.1761,3.1846,3.1893,3.2472,3.2497,3.2817,3.2988,3.3163,3.3499,3.3553,3.3592,3.3743,3.4044,3.4363,3.4425,3.4518,3.4686,3.5017,3.5057,3.5108,3.6782,3.7059,4.7113,4.8216,4.8308,4.9369,5.4276,5.5971,5.608,5.6659,5.825,6.1692,6.2713,6.3541,6.4565,6.4812,6.623,6.6975,7.3206,7.7608
-1.9896,-1.9818,-1.7404,-1.6883,-1.6595,-1.631,-1.603,-1.5957,-1.5854,-1.5772,-1.5651,-1.5013,-1.4927,-1.4875,-1.4615,-1.4535,-1.4451,-1.4077,-1.3932,-1.3825,-1.3768,-1.3645,-1.357,-1.3533,-1.3436,-1.2612,-1.2376,-1.2301,-1.227,-1.2155,-1.2006,-1.1891,-1.1195,-1.1174,-1.1067,-1.1013,-1.053,-1.0432,-1.0408,-1.0346,-0.9828,-0.9806,-0.971,-0.8915,-0.8597,-0.7601,-0.7459,-0.7269,-0.7183,-0.6942,-0.6657,-0.6445,-0.6411,-0.6387,-0.6023,-0.5966,-0.585,-0.5358,-0.5149,-0.4903,-0.4612,-0.446,-0.4391,-0.4308,-0.4085,-0.3469,-0.301,-0.2824,-0.2422,-0.2049,-0.0939,-0.0923,-0.0688,0.017,0.1891,0.226,0.2841,0.2986,0.3161,0.3511,0.3795,0.4781,0.4807,1.9503,2.1469,2.1545,2.2347,2.2758,2.2872,2.294,2.3183,2.4403,2.5491,2.5665,2.6055,2.6284,2.6517,2.7032,2.7339,2.7407,2.8056,2.809,2.8516,2.8893,2.8911,2.8987,2.9202,2.9291,3.0208,3.0286,3.0606,3.1141,3.1261,3.157,3.1707,3.1734,3.18,3.2218,3.2395,3.2781,3.2834,3.3162,3.331,3.3489,3.3528,3.3692,3.3791,3.3849,3.3923,3.4014,3.4072,3.4144,3.4273,3.4453,3.4479,3.4639,3.4798,3.4824,3.49,3.4928,3.511,3.5228,3.5309,3.572,3.9063,4.1776,4.8047,5.1256,5.2753,5.4573,5.4641,5.5171,6.4345,6.9259,7.5127,7.5549,7.637,7.7547,7.8482
-1.979,-1.8565,-1.7766,-1.7651,-1.6844,-1.6662,-1.6532,-1.6407,-1.5777,-1.5546,-1.4966,-1.4896,-1.4601,-1.4488,-1.4465,-1.4133,-1.405,-1.367,-1.3501,-1.3318,-1.321,-1.297,-1.2931,-1.2712,-1.2546,-1.253,-1.2336,-1.2202,-1.2142,-1.1953,-1.1634,-1.1448,-1.1388,-1.1141,-1.0699,-1.0572,-1.0463,-1.0377,-1.0115,-0.9616,-0.9253,-0.7579,-0.6571,-0.6174,-0.5965,-0.5784,-0.5718,-0.5554,-0.53,-0.5273,-0.4756,-0.3778,-0.2147,-0.1798,-0.1617,-0.0412,-0.0134,0.0638,0.1035,0.1067,0.1444,0.1784,0.1997,0.2986,0.3417,0.353,0.3676,0.377,0.3904,0.4022,0.4755,1.0682,1.4654,1.7137,1.7618,1.8294,1.8763,1.9215,2.0963,2.0983,2.1583,2.1928,2.2266,2.2283,2.2323,2.3138,2.3399,2.4527,2.4711,2.538,2.5638,2.5662,2.5992,2.6942,2.7061,2.7079,2.7223,2.7534,2.7595,2.7773,2.8455,2.8919,2.8954,2.9108,2.9162,2.9494,2.9946,3.0013,3.009,3.0208,3.0256,3.0379,3.0531,3.0561,3.0666,3.0785,3.0929,3.097,3.1061,3.1404,3.1474,3.1611,3.2211,3.2767,3.2784,3.2801,3.2977,3.3011,3.3094,3.3225,3.3256,3.338,3.3492,3.3614,3.3723,3.3933,3.3986,3.4052,3.4247,3.4676,3.4787,3.4949,3.5266,3.7336,3.7664,3.8155,3.9543,3.9708,4.0107,4.4096,4.6412,4.8688,4.9331,5.0462,5.0521,5.1157,5.1256,5.1814,5.2623,5.281,5.4357,5.5323,5.7326,5.7704,5.8204,5.8963,5.9796,6.1031,6.2959,6.3429,6.3561,6.4589,6.9551,7.1796,7.3216,7.4486,7.5298,7.6286,7.7077,7.7778
-1.9818,-1.9701,-1.9484,-1.8601,-1.852,-1.8001,-1.7746,-1.7666,-1.7037,-1.6968,-1.6856,-1.5839,-1.5817,-1.5348,-1.4938,-1.4712,-1.4176,-1.3944,-1.3895,-1.3749,-1.3487,-1.3264,-1.3027,-1.2851,-1.1694,-1.1257,-1.117,-1.1151,-1.102,-1.0744,-1.0192,-0.9855,-0.9792,-0.9736,-0.8774,-0.7264,-0.6619,-0.6601,-0.6496,-0.6456,-0.6194,-0.6044,-0.5884,-0.5655,-0.5388,-0.5119,-0.5027,-0.4988,-0.4862,-0.4679,-0.4473,-0.4322,-0.4257,-0.419,-0.4055,-0.4006,-0.3601,-0.3464,-0.3379,-0.2977,-0.2947,-0.2919,-0.2896,-0.2838,-0.2424,-0.1995,-0.1926,-0.184,-0.1753,-0.1675,-0.1553,-0.1148,-0.1041,-0.0784,-0.0508,-0.0409,-0.017,-0.0108,0.0018,0.02,0.0386,0.0528,0.0703,0.0802,0.1225,0.126,0.1651,0.2099,0.2154,0.2251,0.2533,0.2569,0.2666,0.3227,0.3244,0.3525,0.3818,0.391,0.3995,0.4091,0.437,0.4693,0.4727,0.5634,1.0276,1.1807,1.1939,1.4093,1.4605,1.5037,1.7404,1.7507,1.7936,1.8787,1.9147,1.9704,2.0514,2.0838,2.1063,2.1424,2.2294,2.2414,2.2497,2.3064,2.4885,2.5261,2.5353,2.5991,2.6498,2.6743,2.7174,2.7445,2.778,2.7949,2.8123,2.8327,2.8458,2.8519,2.8567,2.8658,2.8714,2.9075,2.9163,2.941,2.9612,3.0075,3.0355,3.0382,3.0431,3.0475,3.0721,3.0851,3.088,3.1035,3.1084,3.1422,3.1504,3.1675,3.1733,3.1752,3.1897,3.2163,3.238,3.281,3.3019,3.3072,3.3226,3.3254,3.3395,3.3489,3.3521,3.3841,3.3936,3.4389,3.4481,3.4522,3.4655,3.4797,3.5277,3.6672,3.7492,3.8528,3.8993,4.4968,4.7998,5.426,5.6541,5.8305,6.1484,6.3665,6.3721,6.4347,6.7313,6.7345,6.9257,7.0096,7.1158,7.3894,7.4414,7.4536,7.538,7.5427,7.5687,7.6116,7.6284,7.7405,7.8878
-1.9797,-1.7576,-1.5833,-1.5529,-1.4459,-1.4304,-1.3995,-1.3631,-1.3493,-1.3419,-1.323,-1.303,-1.2737,-1.2692,-1.2467,-1.2395,-1.2317,-1.2058,-1.201,-1.1984,-1.1968,-1.1641,-1.1535,-1.1369,-1.1313,-1.0923,-1.0901,-1.0869,-1.0627,-1.0399,-1.0246,-1.0066,-0.9925,-0.9891,-0.9827,-0.962,-0.9559,-0.9542,-0.9497,-0.908,-0.8488,-0.8405,-0.8333,-0.8137,-0.8003,-0.735,-0.6008,-0.5168,0.1531,0.2494,0.2515,0.2728,0.3646,0.3715,0.421,0.4443,0.4923,0.9285,1.3507,1.4408,1.6186,1.7801,1.9135,1.969,2.005,2.029,2.1344,2.1464,2.2467,2.3423,2.3495,2.3969,2.4213,2.5894,2.6117,2.6406,2.7205,2.7257,2.7443,2.7519,2.768,2.8267,2.8727,2.8902,2.9341,2.9532,2.9976,3.0114,3.0341,3.0387,3.081,3.1008,3.1276,3.1675,3.1715,3.216,3.2382,3.2485,3.3458,3.366,3.3851,3.3999,3.4761,3.7649,3.9248,4.1573,4.4588,4.7793,4.8312,5.5402,5.7267,5.7565,5.8048,5.815,5.8912,5.943,6.1952,6.3755,6.4716,6.8807,7.3214,7.4867,7.6119,7.7461
-1.9764,-1.9512,-1.937,-1.8852,-1.8819,-1.8627,-1.8537,-1.8354,-1.7919,-1.785,-1.7783,-1.7552,-1.7475,-1.6911,-1.5077,-1.3925,-1.3409,-1.3377,-1.2375,-1.2074,-1.1253,-1.074,-1.0356,-1.0097,-0.9988,-0.9906,-0.9866,-0.9733,-0.9499,-0.9352,-0.9306,-0.9083,-0.8707,-0.8575,-0.8505,-0.8368,-0.7932,-0.7715,-0.7653,-0.7555,-0.7412,-0.698,-0.6911,-0.6619,-0.6459,-0.5595,-0.5395,-0.5113,-0.4843,-0.4707,-0.4513,-0.4022,-0.3807,-0.3616,-0.3355,-0.2655,-0.1738,-0.1167,-0.1034,0.1009,0.1251,0.159,0.1693,0.1732,0.2492,0.2836,0.3306,0.3505,0.3547,0.3712,0.3816,0.463,0.4951,1.4649,1.51,1.6102,1.6279,1.7191,1.817,1.8612,1.8784,2.0552,2.1956,2.2156,2.25,2.3759,2.4069,2.4156,2.4194,2.4459,2.4604,2.5055,2.528,2.5431,2.5641,2.5905,2.6403,2.6537,2.6559,2.7088,2.7442,2.7497,2.7687,2.7775,2.7859,2.8124,2.8265,2.8302,2.8413,2.8524,2.8944,2.8975,2.9228,2.9407,2.9827,3.0083,3.0139,3.0513,3.0747,3.0773,3.1151,3.1266,3.1991,3.2261,3.2849,3.3215,3.4307,3.4351,3.4485,3.473,3.4834,3.4882,3.5251,3.5304,5.0615,5.2545,5.4565,5.6195,5.9954,6.0109,6.0219,6.0376,6.0846,6.5766,6.6086,6.6967,6.8156,7.4727,7.7463
-1.9489,-1.9125,-1.8622,-1.8122,-1.7923,-1.7673,-1.5836,-1.2822,-0.9995,-0.9467,-0.8675,-0.8001,-0.7587,-0.7546,-0.6525,-0.4466,-0.3804,-0.3364,-0.3158,-0.3003,-0.2763,-0.2461,-0.2328,-0.2112,-0.1672,-0.1499,-0.1187,-0.0632,-0.0533,0.0292,0.0886,0.0952,0.1362,0.1854,0.2435,0.3393,0.3725,0.3928,0.4006,0.4213,0.4387,0.4521,0.4601,0.4704,0.4763,0.51,0.5252,0.5409,0.5474,0.5806,0.6162,0.6443,0.6461,0.6586,0.6871,0.6935,0.703,0.7087,0.7337,0.7764,0.8892,0.9553,0.9886,1.0168,1.0604,1.0769,1.0927,1.1142,1.1312,1.1442,1.2199,1.3201,1.3384,1.3574,1.3976,1.4212,1.4445,1.4582,1.5059,1.5165,1.5361,1.5562,1.7077,1.7317,1.7393,1.752,1.7577,1.9206,1.9364,1.9522,1.9832,2.0487,2.0934,2.1877,2.236,2.3371,2.4201,2.4386,2.4557,2.5579,2.6456,2.6705,2.6869,2.7036,2.739,2.7536,2.856,2.8637,2.8721,2.88,2.8905,2.9132,2.92,2.9416,3.0065,3.0621,3.1141,3.149,3.1832,3.2055,3.2308,3.2639,3.2855,3.3107,3.3179,3.3366,3.3387,3.3605,3.3838,3.3948,3.4027,3.4087,3.4107,3.45,3.4822,3.9014,4.2627,4.6466,4.7566,4.9176,4.9957,5.0707,5.1005,5.1483,5.3464,5.3602,5.4371,5.4406,5.5031,5.5245,5.533,5.5923,5.5987,5.622,5.6338,5.6407,5.6988,5.7034,5.7275,5.749,5.8499,6.0235,6.0446,6.1585,6.1608,6.2141,6.5166,6.6616,6.8746,6.968,7.0731,7.5527
-1.9885,-1.9664,-1.9475,-1.8995,-1.8821,-1.8399,-1.8129,-1.8002,-1.7976,-1.7823,-1.7507,-1.7107,-1.7037,-1.611,-1.6021,-1.5801,-1.3979,-1.3142,-1.2436,-1.2339,-1.1744,-1.1535,-1.1484,-1.1004,-1.0894,-1.0344,-1.0317,-1.0079,-0.9922,-0.952,-0.9387,-0.9352,-0.9311,-0.9237,-0.9209,-0.9178,-0.9045,-0.8951,-0.8873,-0.8653,-0.8578,-0.8376,-0.8351,-0.8267,-0.8199,-0.8074,-0.7983,-0.7843,-0.7692,-0.7633,-0.7442,-0.7414,-0.7277,-0.7238,-0.708,-0.7055,-0.6952,-0.6817,-0.6796,-0.6671,-0.6612,-0.6522,-0.6504,-0.6317,-0.6293,-0.621,-0.6081,-0.5942,-0.5843,-0.5795,-0.5557,-0.5399,-0.5359,-0.5337,-0.5191,-0.517,-0.5114,-0.4914,-0.4698,-0.4673,-0.4633,-0.4532,-0.4486,-0.4451,-0.4114,-0.4089,-0.4038,-0.385,-0.3728,-0.3635,-0.3617,-0.3433,-0.3105,-0.2812,-0.2591,-0.2186,-0.1899,-0.188,-0.1612,-0.0271,0.2451,0.2695,0.307,0.3486,0.3601,0.3861,0.4012,0.4306,0.4411,0.4447,0.5233,0.8483,0.8791,0.9037,0.9804,1.3235,1.3954,1.491,1.9412,1.9976,2.0835,2.1113,2.2041,2.2943,2.454,2.5456,2.5509,2.568,2.594,2.6022,2.6218,2.6334,2.6378,2.6494,2.6651,2.6758,2.6837,2.6932,2.7015,2.7128,2.7213,2.7526,2.7658,2.7761,2.7785,2.7898,2.8008,2.8572,2.87,2.8735,2.8897,2.9098,2.9125,2.9257,2.9644,2.9904,2.9949,2.9986,3.0258,3.0368,3.0504,3.0613,3.0672,3.0774,3.087,3.0966,3.1131,3.1195,3.123,3.1484,3.1551,3.1684,3.1873,3.1918,3.2082,3.2203,3.2232,3.2304,3.2457,3.2606,3.2643,3.2743,3.2769,3.2882,3.3022,3.3192,3.3316,3.3652,3.393,3.403,3.4338,3.4368,3.4516,3.4573,3.4759,3.481,3.4827,3.4924,3.515,3.5462,3.5589,4.0725,4.1376,4.2422,4.3695,4.4204,4.8422,4.8692,4.8889,4.9494,5.0665,5.099,5.4321,5.5497,5.6569,5.7679,5.8911,6.1047,6.5486,6.7846,6.7899,6.8981,6.9375,6.9711,6.9887,7.5907
-1.9388,-1.9126,-1.8383,-1.8193,-1.8045,-1.7773,-1.7417,-1.7202,-1.6747,-1.5728,-1.5419,-1.5359,-1.4883,-1.4666,-1.4373,-1.4034,-1.3962,-1.3889,-1.3553,-1.2785,-1.2291,-1.1982,-1.1831,-1.1768,-1.1693,-1.162,-1.1211,-1.1075,-1.0833,-1.072,-0.9945,-0.9642,-0.9201,-0.8505,-0.8384,-0.8015,-0.7462,-0.7406,-0.6722,-0.5125,-0.5043,-0.4749,-0.46,-0.4169,-0.3695,-0.3676,-0.3041,-0.2724,-0.2225,-0.1351,-0.113,-0.0923,-0.0719,-0.0376,-0.0357,-0.0182,0.0082,0.0187,0.058,0.0759,0.0922,0.1186,0.1221,0.1441,0.2079,0.2333,0.2426,0.2456,0.2735,0.2927,0.3676,0.38,0.4007,0.4404,0.4713,0.6644,1.1163,1.5635,1.8015,1.8136,1.9103,1.939,1.9628,1.9951,2.1313,2.2105,2.2242,2.2678,2.2777,2.3314,2.3778,2.3867,2.407,2.4184,2.4379,2.44,2.4519,2.4952,2.4983,2.5103,2.5136,2.5631,2.5867,2.6091,2.6264,2.6911,2.6975,2.7456,2.7715,2.7875,2.7914,2.8083,2.8383,2.8621,2.8971,2.9058,2.9229,2.9677,2.9886,3.0506,3.0522,3.0632,3.1348,3.1375,3.1764,3.1835,3.1908,3.2164,3.2331,3.2409,3.2671,3.299,3.3036,3.3262,3.339,3.3537,3.3574,3.3694,3.3722,3.3802,3.3933,3.3952,3.4096,3.4257,3.4439,3.4492,3.4784,3.5026,3.57,3.9611,4.0212,4.1586,4.5277,4.6496,4.7554,5.0573,5.3443,5.4151,5.4956,5.6843,6.1449,6.1811,6.3234,6.3564,6.4337,6.4435,6.532,6.5807,6.8715,7.3388,7.358,7.4002,7.4874,7.5157,7.5667,7.6861,7.7061,7.8121
-1.9122,-1.9106,-1.8819,-1.8517,-1.8375,-1.8056,-1.7477,-1.7416,-1.6759,-1.6539,-1.6504,-1.6035,-1.551,-1.5488,-1.5395,-1.5305,-1.4385,-1.4136,-1.3938,-1.3506,-1.3037,-1.2778,-1.2508,-1.1818,-1.1748,-1.1682,-1.0837,-1.0771,-1.0532,-1.0466,-1.0267,-1.0054,-0.9773,-0.9715,-0.9522,-0.9505,-0.8228,-0.8208,-0.7159,-0.6868,-0.6731,-0.6358,-0.6334,-0.616,-0.5388,-0.4539,-0.4512,-0.4381,-0.4278,-0.418,-0.4071,-0.4013,-0.3973,-0.3642,-0.3178,-0.288,-0.2813,-0.2795,-0.2744,-0.2683,-0.2617,-0.2469,-0.2332,-0.2157,-0.1902,-0.1847,-0.1805,-0.1786,-0.169,-0.1539,-0.1415,-0.1267,-0.1182,-0.0994,-0.0907,-0.0807,-0.0714,-0.0606,-0.0343,-0.0045,0.0008,0.0155,0.2862,0.3003,0.3271,0.3483,0.3593,0.3705,0.3877,0.4347,0.4618,0.4934,1.3048,1.6234,1.6977,1.7072,1.7103,1.7313,1.7399,1.7461,1.7587,1.7702,1.7803,1.7824,1.7924,1.7957,1.8209,1.835,1.8451,1.8685,1.8756,1.8782,1.881,1.9012,1.9168,1.9226,1.9263,1.9356,1.9445,1.9617,1.9641,1.9759,1.9822,2.0024,2.0075,2.0184,2.034,2.0434,2.0461,2.056,2.06,2.0645,2.0689,2.077,2.0892,2.0976,2.1075,2.1291,2.1318,2.1781,2.1816,2.2217,2.2302,2.2438,2.2482,2.255,2.281,2.2902,2.3024,2.3193,2.3437,2.3985,2.5214,2.5476,2.577,2.5806,2.6243,2.6563,2.6812,2.6869,2.7037,2.7409,2.7463,2.7765,2.8081,2.8196,2.8239,2.8261,2.8388,2.8546,2.8716,2.9047,2.9205,2.9304,2.9339,2.9372,2.9408,2.9651,2.9744,2.9956,3.0093,3.0158,3.0243,3.0609,3.1434,3.1857,3.1889,3.2666,3.291,3.3214,3.3844,3.3979,3.4015,3.4307,3.4528,3.4649,3.8901,3.9066,3.955,4.3638,4.7824,4.8156,4.857,4.8587,4.8689,4.9511,5.1182,5.1692,5.1979,5.2424,5.2445,5.2791,5.4412,5.4483,5.478,5.5574,5.7944,6.2137,6.2392,6.2578,6.2651,6.2745,6.3174,6.3434,6.3844,6.4101,6.5433,6.561,6.7148,6.8503,7.0856,7.4809,7.5592,7.587,7.5893,7.6512,7.7748,7.7935
-1.9992,-1.8465,-1.7899,-1.6904,-1.6757,-1.6465,-1.5808,-1.4656,-1.4498,-1.3374,-1.2546,-1.2165,-1.1871,-1.1595,-1.1448,-1.1336,-1.1212,-1.1072,-1.0424,-1.0037,-0.9982,-0.9809,-0.9316,-0.9215,-0.919,-0.9009,-0.8848,-0.8762,-0.8742,-0.8609,-0.8077,-0.7999,-0.7903,-0.7736,-0.7542,-0.7118,-0.7065,-0.6982,-0.695,-0.6825,-0.6745,-0.6712,-0.6639,-0.6597,-0.6496,-0.6244,-0.6226,-0.6188,-0.6081,-0.5911,-0.5644,-0.5569,-0.5405,-0.52,-0.5068,-0.4687,-0.4441,-0.4341,-0.4202,-0.4084,-0.3836,-0.3695,-0.3572,-0.3441,-0.3153,-0.2704,-0.2613,-0.1897,-0.1749,-0.1208,-0.0941,-0.0609,-0.0587,-0.0558,-0.0493,-0.0404,-0.028,-0.0205,0.0192,0.0275,0.036,0.0407,0.0498,0.0534,0.0583,0.0727,0.0948,0.1197,0.1263,0.1662,0.2383,0.2601,0.3,0.3499,0.3678,1.1375,1.6204,1.8872,1.9664,1.9829,1.9955,2.1076,2.242,2.3636,2.4197,2.6836,2.7048,2.7576,2.7778,2.8063,2.8337,2.8604,2.8832,2.9165,2.956,2.9718,2.9963,3.0221,3.0403,3.0478,3.0623,3.1053,3.1457,3.1594,3.1732,3.1918,3.1942,3.2078,3.2281,3.2381,3.24,3.2681,3.2866,3.2894,3.2959,3.3165,3.3687,3.3758,3.4048,3.4081,3.4223,3.4429,3.4612,3.4653,3.5013,3.5376,4.0053,4.1011,4.1795,5.114,5.1578,5.2531,5.7296,6.1357,6.277,6.5333,7.0385
-1.9779,-1.969,-1.9568,-1.8247,-1.7936,-1.7377,-1.6454,-1.5756,-1.5317,-1.4547,-1.3957,-1.3789,-1.3671,-1.3422,-1.3361,-1.3139,-1.2822,-1.263,-1.251,-1.2408,-1.1865,-1.1736,-1.1648,-1.1539,-1.1297,-1.0711,-1.0634,-1.0055,-1.0016,-0.9264,-0.7002,-0.5659,-0.4997,-0.4905,-0.4612,-0.415,-0.4053,-0.4031,-0.3989,-0.3912,-0.3803,-0.3614,-0.3364,-0.3017,-0.2876,-0.2792,-0.2658,-0.2564,-0.2422,-0.1841,-0.1603,-0.1515,-0.1443,-0.1293,-0.0986,-0.0763,-0.0537,-0.0285,-0.0119,0.0022,0.0357,0.0487,0.064,0.0968,0.0997,0.1623,0.1644,0.1696,0.2097,0.2226,0.2327,0.2483,0.2637,0.2824,0.3636,0.3791,0.3928,0.3976,0.4737,0.5377,1.0815,1.681,1.7712,1.8658,1.893,1.9201,1.9509,1.9698,1.9832,2.2619,2.279,2.2953,2.3007,2.3401,2.3994,2.413,2.4293,2.4569,2.4665,2.4831,2.5071,2.5539,2.5693,2.5807,2.587,2.5999,2.6087,2.6434,2.6527,2.6753,2.6949,2.7559,2.7695,2.7823,2.7887,2.7936,2.7961,2.8353,2.8764,2.8791,2.8812,2.8908,2.9567,2.9735,2.9929,2.996,3.0287,3.0451,3.0782,3.085,3.0877,3.097,3.1316,3.1349,3.1394,3.1785,3.2145,3.219,3.2305,3.2491,3.2673,3.2829,3.3067,3.3221,3.3238,3.3463,3.3515,3.3613,3.3775,3.383,3.3933,3.3951,3.4265,3.4414,3.4507,3.4677,3.4844,3.5111,3.5383,3.585,3.7388,3.8106,4.0476,4.1636,4.2307,4.3354,4.4244,4.6249,4.8961,4.9996,5.1281,5.2156,5.2395,5.2552,5.27,5.3055,5.327,5.3317,5.3381,5.4557,5.4605,5.493,5.5283,5.8487,5.8736,5.8797,5.907,5.9538,6.0044,6.1177,6.145,6.2829,6.2911,6.4231,7.1221,7.2137,7.277,7.3027,7.4384,7.4829,7.4934,7.5391,7.5895,7.7243,7.803
-1.9693,-1.9288,-1.9197,-1.9179,-1.8957,-1.8888,-1.8789,-1.8619,-1.8508,-1.8391,-1.8375,-1.8336,-1.8046,-1.784,-1.7789,-1.7522,-1.7505,-1.7438,-1.7278,-1.7187,-1.6959,-1.6748,-1.6708,-1.6613,-1.6539,-1.5833,-1.58,-1.5696,-1.5626,-1.5089,-1.4984,-1.4356,-1.4334,-1.3817,-1.3753,-1.3593,-1.3517,-1.3038,-1.2992,-1.2955,-1.2534,-1.1785,-1.1734,-1.1078,-1.0961,-1.0469,-1.0224,-0.8792,-0.8238,-0.8121,-0.7695,-0.7515,-0.7211,-0.5747,-0.5655,-0.5397,-0.5287,-0.523,-0.4827,-0.4357,-0.4063,-0.3955,-0.3779,-0.3762,-0.3581,-0.3381,-0.3084,-0.3021,-0.2956,-0.28,-0.2729,-0.2686,-0.2351,-0.2247,-0.2099,-0.1933,-0.1862,-0.1838,-0.1721,-0.1624,-0.1322,-0.1084,-0.0996,-0.0892,-0.0811,-0.079,-0.0753,-0.0473,0.0057,0.0091,0.022,0.0349,0.0372,0.0417,0.0523,0.081,0.093,0.0987,0.1124,0.1581,0.1731,0.1824,0.1934,0.2023,0.2094,0.2114,0.2173,0.2479,0.2558,0.2769,0.2836,0.3387,0.3421,0.3463,0.4181,0.5795,0.8229,1.0684,1.6303,1.8951,1.904,1.9216,1.9636,1.9723,2.0077,2.0102,2.0223,2.0345,2.0698,2.1544,2.1565,2.1664,2.1942,2.1958,2.3186,2.3224,2.331,2.335,2.3528,2.3559,2.3579,2.387,2.402,2.4601,2.5319,2.7049,2.7111,2.763,2.8098,2.8205,2.827,2.8739,2.9038,2.9219,2.9326,2.944,2.958,2.9627,2.9913,3.007,3.0128,3.0253,3.0363,3.0575,3.0702,3.0842,3.098,3.1027,3.1192,3.1294,3.1362,3.1401,3.1463,3.1508,3.1634,3.2025,3.2126,3.234,3.2559,3.2609,3.2691,3.2731,3.2793,3.3059,3.3112,3.3129,3.3267,3.3498,3.3611,3.3892,3.3933,3.3997,3.414,3.4224,3.4305,3.443,3.4447,3.4564,3.4696,4.0142,4.1883,4.6808,4.7313,4.7877,4.8868,5.009,5.1871,5.3004,5.5998,5.7404,5.8511,6.026,6.1318,6.2539,6.2648,6.5249,6.5837,7.2827,7.4166,7.4352,7.4372,7.4435,7.497,7.5703,7.6178,7.6233,7.632,7.7157,7.783
